Workbook
Name ___evp1: [1]ESピット!#REF!
Name ___evp2: [2]外房⑥ESピット!#REF!
Name ___evp3: '[3]２．EVピット'!#REF!
Name _C66093: #REF!
Name _C69093: #REF!
Name _C71093: #REF!
Name _C91093: #REF!
Name _evp22: #REF!
Name \: '[7]C5-基本計算（常時）'!#REF!
Name \\: '[7]C5-基本計算（常時）'!#REF!
Name \a: #REF!
Name \d: #N/A
Name \m: #REF!
Name \p: #N/A
Name \r: #REF!
Name \z: #REF!
Name §１: #REF!
Name a: '[9]§３.（発進）平行'!$C$7
Name A111111111111: #REF!
Name aa: '[7]C5-基本計算（常時）'!#REF!
Name aaa: [10]設計条件!$C$13
Name ag: [11]せん断弾性波速度!$D$9
Name arufa: #REF!
Name Ａ通り側壁: #REF!
Name b: [8]基本ﾃﾞｰﾀｼｰﾄ!$C$27
Name basew: [10]設計条件!$C$13
Name bbb: [10]設計条件!$C$14
Name beeta: #REF!
Name C_ｽﾊﾟﾝ: '[12]C3-基本1'!$AF$53
Name C_ｽﾊﾟﾝL: '[7]C5-基本計算（常時）'!#REF!
Name C_ｽﾊﾟﾝR: '[7]C5-基本計算（常時）'!#REF!
Name ccc: [2]外房⑥ESピット!#REF!
Name DATA: '[9]§４.（発進）擁壁横、松戸'!$A$1:$IV$65536
Name DATA1: #REF!
Name DATA保存: #REF!
Name ddd: #REF!
Name df: [10]設計条件!$C$14
Name dgdkgkgk: [13]固死!#REF!
Name dghkdghkdg: '[7]C5-基本計算（常時）'!#REF!
Name dgkd: '[7]C5-基本計算（常時）'!#REF!
Name dgkdgkdg: [13]固死!#REF!
Name dgkhkdgkg: [13]固死!#REF!
Name dgkhkhgkgdh: '[7]C5-基本計算（常時）'!#REF!
Name djyfurur: '[7]C5-基本計算（常時）'!#REF!
Name dkgdghkry: '[7]C5-基本計算（常時）'!#REF!
Name e: [8]基本ﾃﾞｰﾀｼｰﾄ!$C$29
Name EA17W2: [14]列車荷重等値等分布荷重!$F$7:$I$18
Name EA17W2l: [14]列車荷重等値等分布荷重!$F$7:$F$18
Name EA17W2S: [14]列車荷重等値等分布荷重!$F$7:$I$7
Name ee: '[15]×構造計算 (表層厚66.50m)'!$K$334
Name eee: '[15]×構造計算 (表層厚66.50m)'!$H$322
Name eie6iyre: '[7]C5-基本計算（常時）'!#REF!
Name eiue6rre6: '[7]C5-基本計算（常時）'!#REF!
Name Excel_BuiltIn__FilterDatabase_4: #REF!
Name Excel_BuiltIn__FilterDatabase_5: #REF!
Name eyujdfj: '[7]C5-基本計算（常時）'!#REF!
Name E通り側壁: #REF!
Name f: [8]基本ﾃﾞｰﾀｼｰﾄ!$C$15
Name fff: '[15]×構造計算 (表層厚66.50m)'!$Q$672
Name fg: [11]せん断弾性波速度!$D$8

Sheet 水平地盤ばね定数(4P右)
C2: c) | D2: 4P右(1,3列目)
D3: 杭径 | E3: 1.3 | F3: m
D4: 杭全長 | E4: 31 | F4: m
D5: 杭本数 | E5: 3 | F5: 本
D6: 層番号 | E6: 層厚 (m) | F6: 水平地盤反力係数 khg (kN/m3) | G6: 部材長 (m) | I6: 部材番号 | K6: 各部材の水平地盤反力係数 khg (kN/m3) | L6: 各部材の水平ばね定数 KH (kN/m2) | P6: 右押し（→） | U6: 左押し（←）
P9: 節点番号 | Q9: 水平ばね | R9: 有効抵抗土圧力 | U9: 節点番号 | V9: 水平ばね | W9: 有効抵抗土圧力
L10: 杭1本当り | M10: =+E5 -> 3 | R10: 上端 | S10: 下端 | W10: 上端 | X10: 下端
D11: ① | E11: 1.5 | F11: 15080 | G11: =+E3 -> 1.3 | I11: 98 | J11: 148 | K11: =+F11 -> 15080 | L11: =K11*E3 -> 19604 | M11: =L11*E5 -> 58812 | P11: =+I11 -> 98 | Q11: =+M11 -> 58812 | R11: =+'有効抵抗土圧(4P右)'!G142 -> 1163.0298 | S11: =+'有効抵抗土圧(4P右)'!G143 -> 1307.4657 | U11: =+P11 -> 98 | V11: =+Q11 -> 58812 | W11: =+R61 -> 2907.5744 | X11: =+S61 -> 3268.6642
G12: =+G11 -> 1.3 | H12: =+E11-G11 -> 0.2 | I12: =+I11+1 -> 99 | J12: =+J11+1 -> 149 | K12: =(F11*H12+F13*H13)/G12 -> 69765.231 | L12: =K12*E3 -> 90694.8 | M12: =L12*E5 -> 272084.4 | P12: =+P11+1 -> 99 | Q12: =+M12 -> 272084.4 | R12: =+'有効抵抗土圧(4P右)'!G144 -> 1989.0401 | S12: =+'有効抵抗土圧(4P右)'!G145 -> 1989.0401 | U12: =+P12 -> 99 | V12: =+Q12 -> 272084.4 | W12: =+R62 -> 4972.6003 | X12: =+S62 -> 4972.6003
D13: ② | E13: 1.3 | F13: 79708 | H13: =+G12-H12 -> 1.1 | P13: =+P12+1 -> 100 | Q13: =+M14 -> 141501.9 | R13: =+'有効抵抗土圧(4P右)'!G146 -> 907.71051 | S13: =+'有効抵抗土圧(4P右)'!G147 -> 907.71051 | U13: =+P13 -> 100 | V13: =+Q13 -> 141501.9 | W13: =+R63 -> 2269.2763 | X13: =+S63 -> 2269.2763
G14: =+G12 -> 1.3 | H14: =+E13-H13 -> 0.2 | I14: =+I12+1 -> 100 | J14: =+J12+1 -> 150 | K14: =(F13*H14+F15*H15)/G14 -> 36282.538 | L14: =K14*E3 -> 47167.3 | M14: =L14*E5 -> 141501.9 | P14: =+P13+1 -> 101 | Q14: =+M16 -> 110709.3 | R14: =+'有効抵抗土圧(4P右)'!G148 -> 669.006 | S14: =+'有効抵抗土圧(4P右)'!G149 -> 669.006 | U14: =+P14 -> 101 | V14: =+Q14 -> 110709.3 | W14: =+R64 -> 1672.515 | X14: =+S64 -> 1672.515
D15: ③ | E15: 2.9 | F15: 28387 | H15: =+G14-H14 -> 1.1 | P15: =+P14+1 -> 102 | Q15: =+M17 -> 165448.8 | R15: =+'有効抵抗土圧(4P右)'!G150 -> 1740.9709 | S15: =+'有効抵抗土圧(4P右)'!G151 -> 1740.9709 | U15: =+P15 -> 102 | V15: =+Q15 -> 165448.8 | W15: =+R65 -> 4352.4272 | X15: =+S65 -> 4352.4272
G16: =+G14 -> 1.3 | I16: =+I14+1 -> 101 | J16: =+J14+1 -> 151 | K16: =+F15 -> 28387 | L16: =K16*E3 -> 36903.1 | M16: =L16*E5 -> 110709.3 | P16: =+P15+1 -> 103 | Q16: =+M19 -> 268854.3 | R16: =+'有効抵抗土圧(4P右)'!G152 -> 2472.7948 | S16: =+'有効抵抗土圧(4P右)'!G153 -> 2673.794 | U16: =+P16 -> 103 | V16: =+Q16 -> 268854.3 | W16: =+R66 -> 6181.9871 | X16: =+S66 -> 6684.485
G17: =+G16 -> 1.3 | H17: =+E15-H15-G16 -> 0.5 | I17: =+I16+1 -> 102 | J17: =+J16+1 -> 152 | K17: =(F16*H17+F18*H18)/G17 -> 42422.769 | L17: =K17*E3 -> 55149.6 | M17: =L17*E5 -> 165448.8 | P17: =+P16+1 -> 104 | Q17: =+M20 -> 363439.5 | R17: =+'有効抵抗土圧(4P右)'!G154 -> 2640.6296 | S17: =+'有効抵抗土圧(4P右)'!G155 -> 2640.6296 | U17: =+P17 -> 104 | V17: =+Q17 -> 363439.5 | W17: =+R67 -> 6601.5739 | X17: =+S67 -> 6601.5739
D18: ④ | E18: 2.6 | F18: 68937 | H18: =+G17-H17 -> 0.8 | P18: =+P17+1 -> 105 | Q18: =+M23 -> 403279.5 | R18: =+'有効抵抗土圧(4P右)'!G156 -> 3142.5541 | S18: =+'有効抵抗土圧(4P右)'!G157 -> 3142.5541 | U18: =+P18 -> 105 | V18: =+Q18 -> 403279.5 | W18: =+R68 -> 7856.3853 | X18: =+S68 -> 7856.3853
G19: =+G17 -> 1.3 | I19: =+I17+1 -> 103 | J19: =+J17+1 -> 153 | K19: =+F18 -> 68937 | L19: =K19*E3 -> 89618.1 | M19: =L19*E5 -> 268854.3 | P19: =+P18+1 -> 106 | Q19: =+M24 -> 403279.5 | R19: =+'有効抵抗土圧(4P右)'!G158 -> 3190.7596 | S19: =+'有効抵抗土圧(4P右)'!G159 -> 3400.6897 | U19: =+P19 -> 106 | V19: =+Q19 -> 403279.5 | W19: =+R69 -> 7976.8989 | X19: =+S69 -> 8501.7243
G20: =+G19 -> 1.3 | H20: =+E18-H18-G19 -> 0.5 | I20: =+I19+1 -> 104 | J20: =+J19+1 -> 154 | K20: =(F18*H20+F21*H21+F22*H22)/G20 -> 93189.615 | L20: =K20*E3 -> 121146.5 | M20: =L20*E5 -> 363439.5 | P20: =+P19+1 -> 107 | Q20: =+M25 -> 403279.5 | R20: =+'有効抵抗土圧(4P右)'!G160 -> 3400.6897 | S20: =+'有効抵抗土圧(4P右)'!G161 -> 3610.6199 | U20: =+P20 -> 107 | V20: =+Q20 -> 403279.5 | W20: =+R70 -> 8501.7243 | X20: =+S70 -> 9026.5498
D21: ⑤ | E21: 0.6 | F21: 109995 | H21: =+E21 -> 0.6 | P21: =+P20+1 -> 108 | Q21: =+M26 -> 403279.5 | R21: =+'有効抵抗土圧(4P右)'!G162 -> 3610.6199 | S21: =+'有効抵抗土圧(4P右)'!G163 -> 3820.5501 | U21: =+P21 -> 108 | V21: =+Q21 -> 403279.5 | W21: =+R71 -> 9026.5498 | X21: =+S71 -> 9551.3752
D22: ⑥ | E22: 9.5 | F22: 103405 | H22: =+G20-H20-H21 -> 0.2 | P22: =+P21+1 -> 109 | Q22: =+M27 -> 403279.5 | R22: =+'有効抵抗土圧(4P右)'!G164 -> 3820.5501 | S22: =+'有効抵抗土圧(4P右)'!G165 -> 4030.4802 | U22: =+P22 -> 109 | V22: =+Q22 -> 403279.5 | W22: =+R72 -> 9551.3752 | X22: =+S72 -> 10076.201
G23: =+G20 -> 1.3 | I23: =+I20+1 -> 105 | J23: =+J20+1 -> 155 | K23: =+F22 -> 103405 | L23: =K23*E3 -> 134426.5 | M23: =L23*E5 -> 403279.5 | P23: =+P22+1 -> 110 | Q23: =+M28 -> 403279.5 | R23: =+'有効抵抗土圧(4P右)'!G166 -> 4030.4802 | S23: =+'有効抵抗土圧(4P右)'!G167 -> 4240.4104 | U23: =+P23 -> 110 | V23: =+Q23 -> 403279.5 | W23: =+R73 -> 10076.201 | X23: =+S73 -> 10601.026
G24: =+G23 -> 1.3 | I24: =+I23+1 -> 106 | J24: =+J23+1 -> 156 | K24: =+K23 -> 103405 | L24: =K24*E3 -> 134426.5 | M24: =L24*E5 -> 403279.5 | P24: =+P23+1 -> 111 | Q24: =+M29 -> 403279.5 | R24: =+'有効抵抗土圧(4P右)'!G168 -> 4240.4104 | S24: =+'有効抵抗土圧(4P右)'!G169 -> 4450.3406 | U24: =+P24 -> 111 | V24: =+Q24 -> 403279.5 | W24: =+R74 -> 10601.026 | X24: =+S74 -> 11125.851
G25: =+G24 -> 1.3 | I25: =+I24+1 -> 107 | J25: =+J24+1 -> 157 | K25: =+K24 -> 103405 | L25: =K25*E3 -> 134426.5 | M25: =L25*E5 -> 403279.5 | P25: =+P24+1 -> 112 | Q25: =+M30 -> 225970.5 | R25: =+'有効抵抗土圧(4P右)'!G170 -> 1683.4565 | S25: =+'有効抵抗土圧(4P右)'!G171 -> 1683.4565 | U25: =+P25 -> 112 | V25: =+Q25 -> 225970.5 | W25: =+R75 -> 4208.6412 | X25: =+S75 -> 4208.6412
G26: =+G25 -> 1.3 | I26: =+I25+1 -> 108 | J26: =+J25+1 -> 158 | K26: =+K25 -> 103405 | L26: =K26*E3 -> 134426.5 | M26: =L26*E5 -> 403279.5 | P26: =+P25+1 -> 113 | Q26: =+M32 -> 193732.5 | R26: =+'有効抵抗土圧(4P右)'!G172 -> 3088.8 | S26: =+'有効抵抗土圧(4P右)'!G173 -> 3088.8 | U26: =+P26 -> 113 | V26: =+Q26 -> 193732.5 | W26: =+R76 -> 3088.8 | X26: =+S76 -> 3088.8
G27: =+G26 -> 1.3 | I27: =+I26+1 -> 109 | J27: =+J26+1 -> 159 | K27: =+K26 -> 103405 | L27: =K27*E3 -> 134426.5 | M27: =L27*E5 -> 403279.5 | P27: =+P26+1 -> 114 | Q27: =+M33 -> 193732.5 | R27: =+'有効抵抗土圧(4P右)'!G174 -> 3088.8 | S27: =+'有効抵抗土圧(4P右)'!G175 -> 3088.8 | U27: =+P27 -> 114 | V27: =+Q27 -> 193732.5 | W27: =+R77 -> 3088.8 | X27: =+S77 -> 3088.8
G28: =+G27 -> 1.3 | I28: =+I27+1 -> 110 | J28: =+J27+1 -> 160 | K28: =+K27 -> 103405 | L28: =K28*E3 -> 134426.5 | M28: =L28*E5 -> 403279.5 | P28: =+P27+1 -> 115 | Q28: =+M34 -> 193732.5 | R28: =+'有効抵抗土圧(4P右)'!G176 -> 3088.8 | S28: =+'有効抵抗土圧(4P右)'!G177 -> 3088.8 | U28: =+P28 -> 115 | V28: =+Q28 -> 193732.5 | W28: =+R78 -> 3088.8 | X28: =+S78 -> 3088.8
G29: =+G28 -> 1.3 | I29: =+I28+1 -> 111 | J29: =+J28+1 -> 161 | K29: =+K28 -> 103405 | L29: =K29*E3 -> 134426.5 | M29: =L29*E5 -> 403279.5 | P29: =+P28+1 -> 116 | Q29: =+M35 -> 193732.5 | R29: =+'有効抵抗土圧(4P右)'!G178 -> 3088.8 | S29: =+'有効抵抗土圧(4P右)'!G179 -> 3088.8 | U29: =+P29 -> 116 | V29: =+Q29 -> 193732.5 | W29: =+R79 -> 3088.8 | X29: =+S79 -> 3088.8
G30: =+G29 -> 1.3 | H30: =+E22-H22-G23-G24-G25-G26-G27-G28-G29 -> 0.2 | I30: =+I29+1 -> 112 | J30: =+J29+1 -> 162 | K30: =(F22*H30+F31*H31)/G30 -> 57941.154 | L30: =K30*E3 -> 75323.5 | M30: =L30*E5 -> 225970.5 | P30: =+P29+1 -> 117 | Q30: =+M36 -> 193732.5 | R30: =+'有効抵抗土圧(4P右)'!G180 -> 3088.8 | S30: =+'有効抵抗土圧(4P右)'!G181 -> 3088.8 | U30: =+P30 -> 117 | V30: =+Q30 -> 193732.5 | W30: =+R80 -> 3088.8 | X30: =+S80 -> 3088.8
D31: ⑦ | E31: 12.6 | F31: 49675 | H31: =+G30-H30 -> 1.1 | P31: =+P30+1 -> 118 | Q31: =+M37 -> 193732.5 | R31: =+'有効抵抗土圧(4P右)'!G182 -> 3088.8 | S31: =+'有効抵抗土圧(4P右)'!G183 -> 3088.8 | U31: =+P31 -> 118 | V31: =+Q31 -> 193732.5 | W31: =+R81 -> 3088.8 | X31: =+S81 -> 3088.8
G32: =+G30 -> 1.3 | I32: =+I30+1 -> 113 | J32: =+J30+1 -> 163 | K32: =+F31 -> 49675 | L32: =K32*E3 -> 64577.5 | M32: =L32*E5 -> 193732.5 | P32: =+P31+1 -> 119 | Q32: =+M38 -> 193732.5 | R32: =+'有効抵抗土圧(4P右)'!G184 -> 3088.8 | S32: =+'有効抵抗土圧(4P右)'!G185 -> 3088.8 | U32: =+P32 -> 119 | V32: =+Q32 -> 193732.5 | W32: =+R82 -> 3088.8 | X32: =+S82 -> 3088.8
G33: =+G32 -> 1.3 | I33: =+I32+1 -> 114 | J33: =+J32+1 -> 164 | K33: =+K32 -> 49675 | L33: =K33*E3 -> 64577.5 | M33: =L33*E5 -> 193732.5 | P33: =+P32+1 -> 120 | Q33: =+M39 -> 193732.5 | R33: =+'有効抵抗土圧(4P右)'!G186 -> 3088.8 | S33: =+'有効抵抗土圧(4P右)'!G187 -> 3088.8 | U33: =+P33 -> 120 | V33: =+Q33 -> 193732.5 | W33: =+R83 -> 3088.8 | X33: =+S83 -> 3088.8
G34: =+G33 -> 1.3 | I34: =+I33+1 -> 115 | J34: =+J33+1 -> 165 | K34: =+K33 -> 49675 | L34: =K34*E3 -> 64577.5 | M34: =L34*E5 -> 193732.5 | P34: =+P33+1 -> 121 | Q34: =+M40 -> 193732.5 | R34: =+'有効抵抗土圧(4P右)'!G188 -> 3088.8 | S34: =+'有効抵抗土圧(4P右)'!G189 -> 3088.8 | U34: =+P34 -> 121 | V34: =+Q34 -> 193732.5 | W34: =+R84 -> 3088.8 | X34: =+S84 -> 3088.8
G35: =+G34 -> 1.3 | I35: =+I34+1 -> 116 | J35: =+J34+1 -> 166 | K35: =+K34 -> 49675 | L35: =K35*E3 -> 64577.5 | M35: =L35*E5 -> 193732.5
G36: =+G35 -> 1.3 | I36: =+I35+1 -> 117 | J36: =+J35+1 -> 167 | K36: =+K35 -> 49675 | L36: =K36*E3 -> 64577.5 | M36: =L36*E5 -> 193732.5 | P36: =+I54 -> 123 | Q36: =+M54 -> 39208 | R36: =+'有効抵抗土圧(4P右)'!H142 -> 1004.7861 | S36: =+'有効抵抗土圧(4P右)'!H143 -> 1129.5699 | U36: =+P36 -> 123 | V36: =+Q36 -> 39208 | W36: =+R36 -> 1004.7861 | X36: =+S36 -> 1129.5699
G37: =+G36 -> 1.3 | I37: =+I36+1 -> 118 | J37: =+J36+1 -> 168 | K37: =+K36 -> 49675 | L37: =K37*E3 -> 64577.5 | M37: =L37*E5 -> 193732.5 | P37: =+P36+1 -> 124 | Q37: =+M55 -> 181389.6 | R37: =+'有効抵抗土圧(4P右)'!H144 -> 1718.4082 | S37: =+'有効抵抗土圧(4P右)'!H145 -> 1718.4082 | U37: =+P37 -> 124 | V37: =+Q37 -> 181389.6 | W37: =+R37 -> 1718.4082 | X37: =+S37 -> 1718.4082
G38: =+G37 -> 1.3 | I38: =+I37+1 -> 119 | J38: =+J37+1 -> 169 | K38: =+K37 -> 49675 | L38: =K38*E3 -> 64577.5 | M38: =L38*E5 -> 193732.5 | P38: =+P37+1 -> 125 | Q38: =+M57 -> 94334.6 | R38: =+'有効抵抗土圧(4P右)'!H146 -> 784.206 | S38: =+'有効抵抗土圧(4P右)'!H147 -> 784.206 | U38: =+P38 -> 125 | V38: =+Q38 -> 94334.6 | W38: =+R38 -> 784.206 | X38: =+S38 -> 784.206
G39: =+G38 -> 1.3 | I39: =+I38+1 -> 120 | J39: =+J38+1 -> 170 | K39: =+K38 -> 49675 | L39: =K39*E3 -> 64577.5 | M39: =L39*E5 -> 193732.5 | P39: =+P38+1 -> 126 | Q39: =+M59 -> 73806.2 | R39: =+'有効抵抗土圧(4P右)'!H148 -> 577.98 | S39: =+'有効抵抗土圧(4P右)'!H149 -> 577.98 | U39: =+P39 -> 126 | V39: =+Q39 -> 73806.2 | W39: =+R39 -> 577.98 | X39: =+S39 -> 577.98
G40: =E31-H31-SUM(G32:H39) -> 1.1 | I40: =+I39+1 -> 121 | J40: =+J39+1 -> 171 | K40: =+K39 -> 49675 | L40: =K40*E3 -> 64577.5 | M40: =L40*E5 -> 193732.5 | P40: =+P39+1 -> 127 | Q40: =+M60 -> 110299.2 | R40: =+'有効抵抗土圧(4P右)'!H150 -> 1504.0917 | S40: =+'有効抵抗土圧(4P右)'!H151 -> 1504.0917 | U40: =+P40 -> 127 | V40: =+Q40 -> 110299.2 | W40: =+R40 -> 1504.0917 | X40: =+S40 -> 1504.0917
D41: Σ | E41: =SUM(E11:E40) -> 31 | G41: =SUM(G11:G40) -> 31 | P41: =+P40+1 -> 128 | Q41: =+M62 -> 179236.2 | R41: =+'有効抵抗土圧(4P右)'!H152 -> 2136.3425 | S41: =+'有効抵抗土圧(4P右)'!H153 -> 2309.9934 | U41: =+P41 -> 128 | V41: =+Q41 -> 179236.2 | W41: =+R41 -> 2136.3425 | X41: =+S41 -> 2309.9934
P42: =+P41+1 -> 129 | Q42: =+M63 -> 242293 | R42: =+'有効抵抗土圧(4P右)'!H154 -> 2281.3414 | S42: =+'有効抵抗土圧(4P右)'!H155 -> 2281.3414 | U42: =+P42 -> 129 | V42: =+Q42 -> 242293 | W42: =+R42 -> 2281.3414 | X42: =+S42 -> 2281.3414
P43: =+P42+1 -> 130 | Q43: =+M66 -> 268853 | R43: =+'有効抵抗土圧(4P右)'!H156 -> 2714.9733 | S43: =+'有効抵抗土圧(4P右)'!H157 -> 2714.9733 | U43: =+P43 -> 130 | V43: =+Q43 -> 268853 | W43: =+R43 -> 2714.9733 | X43: =+S43 -> 2714.9733
P44: =+P43+1 -> 131 | Q44: =+M67 -> 268853 | R44: =+'有効抵抗土圧(4P右)'!H158 -> 2756.6198 | S44: =+'有効抵抗土圧(4P右)'!H159 -> 2937.9866 | U44: =+P44 -> 131 | V44: =+Q44 -> 268853 | W44: =+R44 -> 2756.6198 | X44: =+S44 -> 2937.9866
C45: d) | D45: 4P右(2列目) | P45: =+P44+1 -> 132 | Q45: =+M68 -> 268853 | R45: =+'有効抵抗土圧(4P右)'!H160 -> 2937.9866 | S45: =+'有効抵抗土圧(4P右)'!H161 -> 3119.3533 | U45: =+P45 -> 132 | V45: =+Q45 -> 268853 | W45: =+R45 -> 2937.9866 | X45: =+S45 -> 3119.3533
D46: 杭径 | E46: =+E3 -> 1.3 | F46: m | P46: =+P45+1 -> 133 | Q46: =+M69 -> 268853 | R46: =+'有効抵抗土圧(4P右)'!H162 -> 3119.3533 | S46: =+'有効抵抗土圧(4P右)'!H163 -> 3300.7201 | U46: =+P46 -> 133 | V46: =+Q46 -> 268853 | W46: =+R46 -> 3119.3533 | X46: =+S46 -> 3300.7201
D47: 杭全長 | E47: =+E4 -> 31 | F47: m | P47: =+P46+1 -> 134 | Q47: =+M70 -> 268853 | R47: =+'有効抵抗土圧(4P右)'!H164 -> 3300.7201 | S47: =+'有効抵抗土圧(4P右)'!H165 -> 3482.0868 | U47: =+P47 -> 134 | V47: =+Q47 -> 268853 | W47: =+R47 -> 3300.7201 | X47: =+S47 -> 3482.0868
D48: 杭本数 | E48: 2 | F48: 本 | P48: =+P47+1 -> 135 | Q48: =+M71 -> 268853 | R48: =+'有効抵抗土圧(4P右)'!H166 -> 3482.0868 | S48: =+'有効抵抗土圧(4P右)'!H167 -> 3663.4536 | U48: =+P48 -> 135 | V48: =+Q48 -> 268853 | W48: =+R48 -> 3482.0868 | X48: =+S48 -> 3663.4536
D49: 層番号 | E49: 層厚 (m) | F49: 水平地盤反力係数 khg (kN/m3) | G49: 部材長 (m) | I49: 部材番号 | K49: 各部材の水平地盤反力係数 khg (kN/m3) | L49: 各部材の水平ばね定数 KH (kN/m2) | P49: =+P48+1 -> 136 | Q49: =+M72 -> 268853 | R49: =+'有効抵抗土圧(4P右)'!H168 -> 3663.4536 | S49: =+'有効抵抗土圧(4P右)'!H169 -> 3844.8203 | U49: =+P49 -> 136 | V49: =+Q49 -> 268853 | W49: =+R49 -> 3663.4536 | X49: =+S49 -> 3844.8203
P50: =+P49+1 -> 137 | Q50: =+M73 -> 150647 | R50: =+'有効抵抗土圧(4P右)'!H170 -> 1454.4028 | S50: =+'有効抵抗土圧(4P右)'!H171 -> 1454.4028 | U50: =+P50 -> 137 | V50: =+Q50 -> 150647 | W50: =+R50 -> 1454.4028 | X50: =+S50 -> 1454.4028
P51: =+P50+1 -> 138 | Q51: =+M75 -> 129155 | R51: =+'有効抵抗土圧(4P右)'!H172 -> 2059.2 | S51: =+'有効抵抗土圧(4P右)'!H173 -> 2059.2 | U51: =+P51 -> 138 | V51: =+Q51 -> 129155 | W51: =+R51 -> 2059.2 | X51: =+S51 -> 2059.2
P52: =+P51+1 -> 139 | Q52: =+M76 -> 129155 | R52: =+'有効抵抗土圧(4P右)'!H174 -> 2059.2 | S52: =+'有効抵抗土圧(4P右)'!H175 -> 2059.2 | U52: =+P52 -> 139 | V52: =+Q52 -> 129155 | W52: =+R52 -> 2059.2 | X52: =+S52 -> 2059.2
L53: 杭1本当り | M53: =+E48 -> 2 | P53: =+P52+1 -> 140 | Q53: =+M77 -> 129155 | R53: =+'有効抵抗土圧(4P右)'!H176 -> 2059.2 | S53: =+'有効抵抗土圧(4P右)'!H177 -> 2059.2 | U53: =+P53 -> 140 | V53: =+Q53 -> 129155 | W53: =+R53 -> 2059.2 | X53: =+S53 -> 2059.2
D54: ① | E54: =+E11 -> 1.5 | F54: =+F11 -> 15080 | G54: =+E46 -> 1.3 | I54: 123 | K54: =+F54 -> 15080 | L54: =K54*E46 -> 19604 | M54: =L54*E48 -> 39208 | P54: =+P53+1 -> 141 | Q54: =+M78 -> 129155 | R54: =+'有効抵抗土圧(4P右)'!H178 -> 2059.2 | S54: =+'有効抵抗土圧(4P右)'!H179 -> 2059.2 | U54: =+P54 -> 141 | V54: =+Q54 -> 129155 | W54: =+R54 -> 2059.2 | X54: =+S54 -> 2059.2
G55: =+G54 -> 1.3 | H55: =+E54-G54 -> 0.2 | I55: =+I54+1 -> 124 | K55: =(F54*H55+F56*H56)/G55 -> 69765.231 | L55: =K55*E46 -> 90694.8 | M55: =L55*E48 -> 181389.6 | P55: =+P54+1 -> 142 | Q55: =+M79 -> 129155 | R55: =+'有効抵抗土圧(4P右)'!H180 -> 2059.2 | S55: =+'有効抵抗土圧(4P右)'!H181 -> 2059.2 | U55: =+P55 -> 142 | V55: =+Q55 -> 129155 | W55: =+R55 -> 2059.2 | X55: =+S55 -> 2059.2
D56: ② | E56: =+E13 -> 1.3 | F56: =+F13 -> 79708 | H56: =+G55-H55 -> 1.1 | P56: =+P55+1 -> 143 | Q56: =+M80 -> 129155 | R56: =+'有効抵抗土圧(4P右)'!H182 -> 2059.2 | S56: =+'有効抵抗土圧(4P右)'!H183 -> 2059.2 | U56: =+P56 -> 143 | V56: =+Q56 -> 129155 | W56: =+R56 -> 2059.2 | X56: =+S56 -> 2059.2
G57: =+G55 -> 1.3 | H57: =+E56-H56 -> 0.2 | I57: =+I55+1 -> 125 | K57: =(F56*H57+F58*H58)/G57 -> 36282.538 | L57: =K57*E46 -> 47167.3 | M57: =L57*E48 -> 94334.6 | P57: =+P56+1 -> 144 | Q57: =+M81 -> 129155 | R57: =+'有効抵抗土圧(4P右)'!H184 -> 2059.2 | S57: =+'有効抵抗土圧(4P右)'!H185 -> 2059.2 | U57: =+P57 -> 144 | V57: =+Q57 -> 129155 | W57: =+R57 -> 2059.2 | X57: =+S57 -> 2059.2
D58: ③ | E58: =+E15 -> 2.9 | F58: =+F15 -> 28387 | H58: =+G57-H57 -> 1.1 | P58: =+P57+1 -> 145 | Q58: =+M82 -> 129155 | R58: =+'有効抵抗土圧(4P右)'!H186 -> 2059.2 | S58: =+'有効抵抗土圧(4P右)'!H187 -> 2059.2 | U58: =+P58 -> 145 | V58: =+Q58 -> 129155 | W58: =+R58 -> 2059.2 | X58: =+S58 -> 2059.2
G59: =+G57 -> 1.3 | I59: =+I57+1 -> 126 | K59: =+F58 -> 28387 | L59: =K59*E46 -> 36903.1 | M59: =L59*E48 -> 73806.2 | P59: =+P58+1 -> 146 | Q59: =+M83 -> 129155 | R59: =+'有効抵抗土圧(4P右)'!H188 -> 2059.2 | S59: =+'有効抵抗土圧(4P右)'!H189 -> 2059.2 | U59: =+P59 -> 146 | V59: =+Q59 -> 129155 | W59: =+R59 -> 2059.2 | X59: =+S59 -> 2059.2
G60: =+G59 -> 1.3 | H60: =+E58-H58-G59 -> 0.5 | I60: =+I59+1 -> 127 | K60: =(F59*H60+F61*H61)/G60 -> 42422.769 | L60: =K60*E46 -> 55149.6 | M60: =L60*E48 -> 110299.2
D61: ④ | E61: =+E18 -> 2.6 | F61: =+F18 -> 68937 | H61: =+G60-H60 -> 0.8 | P61: =+J11 -> 148 | Q61: =+Q11 -> 58812 | R61: =+'有効抵抗土圧(4P右)'!I142 -> 2907.5744 | S61: =+'有効抵抗土圧(4P右)'!I143 -> 3268.6642 | U61: =+P61 -> 148 | V61: =+Q61 -> 58812 | W61: =+R11 -> 1163.0298 | X61: =+S11 -> 1307.4657
G62: =+G60 -> 1.3 | I62: =+I60+1 -> 128 | K62: =+F61 -> 68937 | L62: =K62*E46 -> 89618.1 | M62: =L62*E48 -> 179236.2 | P62: =+P61+1 -> 149 | Q62: =+Q12 -> 272084.4 | R62: =+'有効抵抗土圧(4P右)'!I144 -> 4972.6003 | S62: =+'有効抵抗土圧(4P右)'!I145 -> 4972.6003 | U62: =+P62 -> 149 | V62: =+Q62 -> 272084.4 | W62: =+R12 -> 1989.0401 | X62: =+S12 -> 1989.0401
G63: =+G62 -> 1.3 | H63: =+E61-H61-G62 -> 0.5 | I63: =+I62+1 -> 129 | K63: =(F61*H63+F64*H64+F65*H65)/G63 -> 93189.615 | L63: =K63*E46 -> 121146.5 | M63: =L63*E48 -> 242293 | P63: =+P62+1 -> 150 | Q63: =+Q13 -> 141501.9 | R63: =+'有効抵抗土圧(4P右)'!I146 -> 2269.2763 | S63: =+'有効抵抗土圧(4P右)'!I147 -> 2269.2763 | U63: =+P63 -> 150 | V63: =+Q63 -> 141501.9 | W63: =+R13 -> 907.71051 | X63: =+S13 -> 907.71051
D64: ⑤ | E64: =+E21 -> 0.6 | F64: =+F21 -> 109995 | H64: =+E64 -> 0.6 | P64: =+P63+1 -> 151 | Q64: =+Q14 -> 110709.3 | R64: =+'有効抵抗土圧(4P右)'!I148 -> 1672.515 | S64: =+'有効抵抗土圧(4P右)'!I149 -> 1672.515 | U64: =+P64 -> 151 | V64: =+Q64 -> 110709.3 | W64: =+R14 -> 669.006 | X64: =+S14 -> 669.006
D65: ⑥ | E65: =+E22 -> 9.5 | F65: =+F22 -> 103405 | H65: =+G63-H63-H64 -> 0.2 | P65: =+P64+1 -> 152 | Q65: =+Q15 -> 165448.8 | R65: =+'有効抵抗土圧(4P右)'!I150 -> 4352.4272 | S65: =+'有効抵抗土圧(4P右)'!I151 -> 4352.4272 | U65: =+P65 -> 152 | V65: =+Q65 -> 165448.8 | W65: =+R15 -> 1740.9709 | X65: =+S15 -> 1740.9709
G66: =+G63 -> 1.3 | I66: =+I63+1 -> 130 | K66: =+F65 -> 103405 | L66: =K66*E46 -> 134426.5 | M66: =L66*E48 -> 268853 | P66: =+P65+1 -> 153 | Q66: =+Q16 -> 268854.3 | R66: =+'有効抵抗土圧(4P右)'!I152 -> 6181.9871 | S66: =+'有効抵抗土圧(4P右)'!I153 -> 6684.485 | U66: =+P66 -> 153 | V66: =+Q66 -> 268854.3 | W66: =+R16 -> 2472.7948 | X66: =+S16 -> 2673.794
G67: =+G66 -> 1.3 | I67: =+I66+1 -> 131 | K67: =+K66 -> 103405 | L67: =K67*E46 -> 134426.5 | M67: =L67*E48 -> 268853 | P67: =+P66+1 -> 154 | Q67: =+Q17 -> 363439.5 | R67: =+'有効抵抗土圧(4P右)'!I154 -> 6601.5739 | S67: =+'有効抵抗土圧(4P右)'!I155 -> 6601.5739 | U67: =+P67 -> 154 | V67: =+Q67 -> 363439.5 | W67: =+R17 -> 2640.6296 | X67: =+S17 -> 2640.6296
G68: =+G67 -> 1.3 | I68: =+I67+1 -> 132 | K68: =+K67 -> 103405 | L68: =K68*E46 -> 134426.5 | M68: =L68*E48 -> 268853 | P68: =+P67+1 -> 155 | Q68: =+Q18 -> 403279.5 | R68: =+'有効抵抗土圧(4P右)'!I156 -> 7856.3853 | S68: =+'有効抵抗土圧(4P右)'!I157 -> 7856.3853 | U68: =+P68 -> 155 | V68: =+Q68 -> 403279.5 | W68: =+R18 -> 3142.5541 | X68: =+S18 -> 3142.5541
G69: =+G68 -> 1.3 | I69: =+I68+1 -> 133 | K69: =+K68 -> 103405 | L69: =K69*E46 -> 134426.5 | M69: =L69*E48 -> 268853 | P69: =+P68+1 -> 156 | Q69: =+Q19 -> 403279.5 | R69: =+'有効抵抗土圧(4P右)'!I158 -> 7976.8989 | S69: =+'有効抵抗土圧(4P右)'!I159 -> 8501.7243 | U69: =+P69 -> 156 | V69: =+Q69 -> 403279.5 | W69: =+R19 -> 3190.7596 | X69: =+S19 -> 3400.6897
G70: =+G69 -> 1.3 | I70: =+I69+1 -> 134 | K70: =+K69 -> 103405 | L70: =K70*E46 -> 134426.5 | M70: =L70*E48 -> 268853 | P70: =+P69+1 -> 157 | Q70: =+Q20 -> 403279.5 | R70: =+'有効抵抗土圧(4P右)'!I160 -> 8501.7243 | S70: =+'有効抵抗土圧(4P右)'!I161 -> 9026.5498 | U70: =+P70 -> 157 | V70: =+Q70 -> 403279.5 | W70: =+R20 -> 3400.6897 | X70: =+S20 -> 3610.6199
G71: =+G70 -> 1.3 | I71: =+I70+1 -> 135 | K71: =+K70 -> 103405 | L71: =K71*E46 -> 134426.5 | M71: =L71*E48 -> 268853 | P71: =+P70+1 -> 158 | Q71: =+Q21 -> 403279.5 | R71: =+'有効抵抗土圧(4P右)'!I162 -> 9026.5498 | S71: =+'有効抵抗土圧(4P右)'!I163 -> 9551.3752 | U71: =+P71 -> 158 | V71: =+Q71 -> 403279.5 | W71: =+R21 -> 3610.6199 | X71: =+S21 -> 3820.5501
G72: =+G71 -> 1.3 | I72: =+I71+1 -> 136 | K72: =+K71 -> 103405 | L72: =K72*E46 -> 134426.5 | M72: =L72*E48 -> 268853 | P72: =+P71+1 -> 159 | Q72: =+Q22 -> 403279.5 | R72: =+'有効抵抗土圧(4P右)'!I164 -> 9551.3752 | S72: =+'有効抵抗土圧(4P右)'!I165 -> 10076.201 | U72: =+P72 -> 159 | V72: =+Q72 -> 403279.5 | W72: =+R22 -> 3820.5501 | X72: =+S22 -> 4030.4802
G73: =+G72 -> 1.3 | H73: =+E65-H65-G66-G67-G68-G69-G70-G71-G72 -> 0.2 | I73: =+I72+1 -> 137 | K73: =(F65*H73+F74*H74)/G73 -> 57941.154 | L73: =K73*E46 -> 75323.5 | M73: =L73*E48 -> 150647 | P73: =+P72+1 -> 160 | Q73: =+Q23 -> 403279.5 | R73: =+'有効抵抗土圧(4P右)'!I166 -> 10076.201 | S73: =+'有効抵抗土圧(4P右)'!I167 -> 10601.026 | U73: =+P73 -> 160 | V73: =+Q73 -> 403279.5 | W73: =+R23 -> 4030.4802 | X73: =+S23 -> 4240.4104
D74: ⑦ | E74: =+E31 -> 12.6 | F74: =+F31 -> 49675 | H74: =+G73-H73 -> 1.1 | P74: =+P73+1 -> 161 | Q74: =+Q24 -> 403279.5 | R74: =+'有効抵抗土圧(4P右)'!I168 -> 10601.026 | S74: =+'有効抵抗土圧(4P右)'!I169 -> 11125.851 | U74: =+P74 -> 161 | V74: =+Q74 -> 403279.5 | W74: =+R24 -> 4240.4104 | X74: =+S24 -> 4450.3406
G75: =+G73 -> 1.3 | I75: =+I73+1 -> 138 | K75: =+F74 -> 49675 | L75: =K75*E46 -> 64577.5 | M75: =L75*E48 -> 129155 | P75: =+P74+1 -> 162 | Q75: =+Q25 -> 225970.5 | R75: =+'有効抵抗土圧(4P右)'!I170 -> 4208.6412 | S75: =+'有効抵抗土圧(4P右)'!I171 -> 4208.6412 | U75: =+P75 -> 162 | V75: =+Q75 -> 225970.5 | W75: =+R25 -> 1683.4565 | X75: =+S25 -> 1683.4565
G76: =+G75 -> 1.3 | I76: =+I75+1 -> 139 | K76: =+K75 -> 49675 | L76: =K76*E46 -> 64577.5 | M76: =L76*E48 -> 129155 | P76: =+P75+1 -> 163 | Q76: =+Q26 -> 193732.5 | R76: =+'有効抵抗土圧(4P右)'!I172 -> 3088.8 | S76: =+'有効抵抗土圧(4P右)'!I173 -> 3088.8 | U76: =+P76 -> 163 | V76: =+Q76 -> 193732.5 | W76: =+R26 -> 3088.8 | X76: =+S26 -> 3088.8
G77: =+G76 -> 1.3 | I77: =+I76+1 -> 140 | K77: =+K76 -> 49675 | L77: =K77*E46 -> 64577.5 | M77: =L77*E48 -> 129155 | P77: =+P76+1 -> 164 | Q77: =+Q27 -> 193732.5 | R77: =+'有効抵抗土圧(4P右)'!I174 -> 3088.8 | S77: =+'有効抵抗土圧(4P右)'!I175 -> 3088.8 | U77: =+P77 -> 164 | V77: =+Q77 -> 193732.5 | W77: =+R27 -> 3088.8 | X77: =+S27 -> 3088.8
G78: =+G77 -> 1.3 | I78: =+I77+1 -> 141 | K78: =+K77 -> 49675 | L78: =K78*E46 -> 64577.5 | M78: =L78*E48 -> 129155 | P78: =+P77+1 -> 165 | Q78: =+Q28 -> 193732.5 | R78: =+'有効抵抗土圧(4P右)'!I176 -> 3088.8 | S78: =+'有効抵抗土圧(4P右)'!I177 -> 3088.8 | U78: =+P78 -> 165 | V78: =+Q78 -> 193732.5 | W78: =+R28 -> 3088.8 | X78: =+S28 -> 3088.8
G79: =+G78 -> 1.3 | I79: =+I78+1 -> 142 | K79: =+K78 -> 49675 | L79: =K79*E46 -> 64577.5 | M79: =L79*E48 -> 129155 | P79: =+P78+1 -> 166 | Q79: =+Q29 -> 193732.5 | R79: =+'有効抵抗土圧(4P右)'!I178 -> 3088.8 | S79: =+'有効抵抗土圧(4P右)'!I179 -> 3088.8 | U79: =+P79 -> 166 | V79: =+Q79 -> 193732.5 | W79: =+R29 -> 3088.8 | X79: =+S29 -> 3088.8
G80: =+G79 -> 1.3 | I80: =+I79+1 -> 143 | K80: =+K79 -> 49675 | L80: =K80*E46 -> 64577.5 | M80: =L80*E48 -> 129155 | P80: =+P79+1 -> 167 | Q80: =+Q30 -> 193732.5 | R80: =+'有効抵抗土圧(4P右)'!I180 -> 3088.8 | S80: =+'有効抵抗土圧(4P右)'!I181 -> 3088.8 | U80: =+P80 -> 167 | V80: =+Q80 -> 193732.5 | W80: =+R30 -> 3088.8 | X80: =+S30 -> 3088.8
G81: =+G80 -> 1.3 | I81: =+I80+1 -> 144 | K81: =+K80 -> 49675 | L81: =K81*E46 -> 64577.5 | M81: =L81*E48 -> 129155 | P81: =+P80+1 -> 168 | Q81: =+Q31 -> 193732.5 | R81: =+'有効抵抗土圧(4P右)'!I182 -> 3088.8 | S81: =+'有効抵抗土圧(4P右)'!I183 -> 3088.8 | U81: =+P81 -> 168 | V81: =+Q81 -> 193732.5 | W81: =+R31 -> 3088.8 | X81: =+S31 -> 3088.8
G82: =+G81 -> 1.3 | I82: =+I81+1 -> 145 | K82: =+K81 -> 49675 | L82: =K82*E46 -> 64577.5 | M82: =L82*E48 -> 129155 | P82: =+P81+1 -> 169 | Q82: =+Q32 -> 193732.5 | R82: =+'有効抵抗土圧(4P右)'!I184 -> 3088.8 | S82: =+'有効抵抗土圧(4P右)'!I185 -> 3088.8 | U82: =+P82 -> 169 | V82: =+Q82 -> 193732.5 | W82: =+R32 -> 3088.8 | X82: =+S32 -> 3088.8
G83: =E74-H74-SUM(G75:H82) -> 1.1 | I83: =+I82+1 -> 146 | K83: =+K82 -> 49675 | L83: =K83*E46 -> 64577.5 | M83: =L83*E48 -> 129155 | P83: =+P82+1 -> 170 | Q83: =+Q33 -> 193732.5 | R83: =+'有効抵抗土圧(4P右)'!I186 -> 3088.8 | S83: =+'有効抵抗土圧(4P右)'!I187 -> 3088.8 | U83: =+P83 -> 170 | V83: =+Q83 -> 193732.5 | W83: =+R33 -> 3088.8 | X83: =+S33 -> 3088.8
D84: Σ | E84: =SUM(E54:E83) -> 31 | G84: =SUM(G54:G83) -> 31 | P84: =+P83+1 -> 171 | Q84: =+Q34 -> 193732.5 | R84: =+'有効抵抗土圧(4P右)'!I188 -> 3088.8 | S84: =+'有効抵抗土圧(4P右)'!I189 -> 3088.8 | U84: =+P84 -> 171 | V84: =+Q84 -> 193732.5 | W84: =+R34 -> 3088.8 | X84: =+S34 -> 3088.8

Sheet 有効抵抗土圧(4P右)
C2: 2) | D2: 4P右
C3: a) | D3: 単杭の有効抵抗土圧力度pe(z)
D4: 杭径 | E4: 1.3 | F4: m
D5: 杭全長 | E5: 31 | F5: m
D6: 層番号 | E6: 層種別 | F6: 層厚 (m) | G6: 部材番号 | J6: 有効抵抗土圧力度を求める深さ z (m) | K6: 層境の 分布幅 (m) | L6: 単杭の 有効抵抗 土圧力度 pe(z) (kN/m2) | M6: 有効抵抗土圧力度の平均値 pe(z) (kN/m2)
D11: ① | E11: 砂質土 | F11: 1.5 | G11: 98 | H11: 123 | I11: 148 | J11: 0 | L11: 782.3
J12: 1.3 | L12: =+L11+(L14-L11)/F11*(J12-J11) -> 879.45333
G13: =+G11+1 -> 99 | H13: =+H11+1 -> 124 | I13: =+I11+1 -> 149 | K13: =+J14-J12 -> 0.2 | M13: =0.5*((L12+L14)*K13+(L15+L16)*K15)/(K13+K15) -> 1337.9074
J14: =+F11 -> 1.5 | L14: 894.4
D15: ② | E15: 砂質土 | F15: 1.3 | J15: =+J14 -> 1.5 | K15: =+J16-J15 -> 1.1 | L15: 1357.5
J16: =+J12+E4 -> 2.6 | L16: =+L15+(L18-L15)/F15*(J16-J15) -> 1482.3077 | M16: =+M13 -> 1337.9074
G17: =+G13+1 -> 100 | H17: =+H13+1 -> 125 | I17: =+I13+1 -> 150 | K17: =+J18-J16 -> 0.2 | M17: =0.5*((L16+L18)*K17+(L19+L20)*K19)/(K17+K19) -> 610.56213
J18: =+J15+F15 -> 2.8 | L18: 1505
D19: ③ | E19: 粘性土 | F19: 2.9 | J19: =+J18 -> 2.8 | K19: =+J20-J19 -> 1.1 | L19: 450
J20: =+J16+E4 -> 3.9 | L20: =+L19+(L24-L19)/F19*(J20-J19) -> 450 | M20: =+M17 -> 610.56213
G21: =+G17+1 -> 101 | H21: =+H17+1 -> 126 | I21: =+I17+1 -> 151
J22: =+J20+E4 -> 5.2 | L22: =+L19+(L24-L19)/F19*(J22-J19) -> 450
G23: =+G21+1 -> 102 | H23: =+H21+1 -> 127 | I23: =+I21+1 -> 152 | K23: =+J24-J22 -> 0.5 | M23: =0.5*((L22+L24)*K23+(L25+L26)*K25)/(K23+K25) -> 1171.0462
J24: =+J19+F19 -> 5.7 | L24: 450
D25: ④ | E25: 砂質土 | F25: 2.6 | J25: =+J24 -> 5.7 | K25: =+J26-J25 -> 0.8 | L25: 1580.1
J26: =+J22+E4 -> 6.5 | L26: =+L25+(L30-L25)/F25*(J26-J25) -> 1663.3 | M26: =+M23 -> 1171.0462
G27: =+G23+1 -> 103 | H27: =+H23+1 -> 128 | I27: =+I23+1 -> 153
J28: =+J26+E4 -> 7.8 | L28: =+L25+(L30-L25)/F25*(J28-J25) -> 1798.5
G29: =+G27+1 -> 104 | H29: =+H27+1 -> 129 | I29: =+I27+1 -> 154 | K29: =+J30-J28 -> 0.5 | M29: =0.5*((L28+L30)*K29+(L31+L32)*K31)/(K29+K31) -> 1776.1923
J30: =+J25+F25 -> 8.3 | L30: 1850.5
D31: ⑤ | E31: 粘性土 | F31: 0.6 | J31: =+J30 -> 8.3 | K31: =+J32-J31 -> 0.8 | L31: 1746
J32: =+J28+E4 -> 9.1 | L32: =+L31+(L34-L31)/F31*(J32-J31) -> 1746 | M32: =+M29 -> 1776.1923
G33: =+G29+1 -> 105 | H33: =+H29+1 -> 130 | I33: =+I29+1 -> 155 | K33: =+J34-J32 -> -0.2 | M33: =0.5*((L32+L34)*K33+(L35+L36)*K35)/(K33+K35) -> 2113.8067
J34: =+J31+F31 -> 8.9 | L34: 1746
D35: ⑥ | E35: 砂質土 | F35: 9.5 | J35: =+J34 -> 8.9 | K35: =+J36-J35 -> 1.5 | L35: 1983.3
J36: =+J32+E4 -> 10.4 | L36: =+L35+(L50-L35)/F35*(J36-J35) -> 2146.2316 | M36: =+M33 -> 2113.8067
G37: =+G33+1 -> 106 | H37: =+H33+1 -> 131 | I37: =+I33+1 -> 156
J38: =+J36+E4 -> 11.7 | L38: =+L35+(L50-L35)/F35*(J38-J35) -> 2287.4389
G39: =+G37+1 -> 107 | H39: =+H37+1 -> 132 | I39: =+I37+1 -> 157
J40: =+J38+E4 -> 13 | L40: =+L35+(L50-L35)/F35*(J40-J35) -> 2428.6463
G41: =+G39+1 -> 108 | H41: =+H39+1 -> 133 | I41: =+I39+1 -> 158
J42: =+J40+E4 -> 14.3 | L42: =+L35+(L50-L35)/F35*(J42-J35) -> 2569.8537
G43: =+G41+1 -> 109 | H43: =+H41+1 -> 134 | I43: =+I41+1 -> 159
J44: =+J42+E4 -> 15.6 | L44: =+L35+(L50-L35)/F35*(J44-J35) -> 2711.0611
G45: =+G43+1 -> 110 | H45: =+H43+1 -> 135 | I45: =+I43+1 -> 160
J46: =+J44+E4 -> 16.9 | L46: =+L35+(L50-L35)/F35*(J46-J35) -> 2852.2684
G47: =+G45+1 -> 111 | H47: =+H45+1 -> 136 | I47: =+I45+1 -> 161
J48: =+J46+E4 -> 18.2 | L48: =+L35+(L50-L35)/F35*(J48-J35) -> 2993.4758
G49: =+G47+1 -> 112 | H49: =+H47+1 -> 137 | I49: =+I47+1 -> 162 | K49: =+J50-J48 -> 0.2 | M49: =0.5*((L48+L50)*K49+(L51+L52)*K51)/(K49+K51) -> 1132.3597
J50: =+J35+F35 -> 18.4 | L50: 3015.2
D51: ⑦ | E51: 粘性土 | F51: 12.6 | J51: =+J50 -> 18.4 | K51: =+J52-J51 -> 1.1 | L51: 792
J52: =+J48+E4 -> 19.5 | L52: =+L51+(L70-L51)/F51*(J52-J51) -> 792 | M52: =+M49 -> 1132.3597
G53: =+G49+1 -> 113 | H53: =+H49+1 -> 138 | I53: =+I49+1 -> 163
J54: =+J52+$E$4 -> 20.8 | L54: =+L51+(L70-L51)/F51*(J54-J51) -> 792
G55: =+G53+1 -> 114 | H55: =+H53+1 -> 139 | I55: =+I53+1 -> 164
J56: =+J54+$E$4 -> 22.1 | L56: =+L51+(L70-L51)/F51*(J56-J51) -> 792
G57: =+G55+1 -> 115 | H57: =+H55+1 -> 140 | I57: =+I55+1 -> 165
J58: =+J56+$E$4 -> 23.4 | L58: =+L51+(L70-L51)/F51*(J58-J51) -> 792
G59: =+G57+1 -> 116 | H59: =+H57+1 -> 141 | I59: =+I57+1 -> 166
J60: =+J58+$E$4 -> 24.7 | L60: =+L51+(L70-L51)/F51*(J60-J51) -> 792
G61: =+G59+1 -> 117 | H61: =+H59+1 -> 142 | I61: =+I59+1 -> 167
J62: =+J60+$E$4 -> 26 | L62: =+L51+(L70-L51)/F51*(J62-J51) -> 792
G63: =+G61+1 -> 118 | H63: =+H61+1 -> 143 | I63: =+I61+1 -> 168
J64: =+J62+$E$4 -> 27.3 | L64: =+L51+(L70-L51)/F51*(J64-J51) -> 792
G65: =+G63+1 -> 119 | H65: =+H63+1 -> 144 | I65: =+I63+1 -> 169
J66: =+J64+$E$4 -> 28.6 | L66: =+L51+(L70-L51)/F51*(J66-J51) -> 792
G67: =+G65+1 -> 120 | H67: =+H65+1 -> 145 | I67: =+I65+1 -> 170
J68: =+J66+$E$4 -> 29.9 | L68: =+L51+(L70-L51)/F51*(J68-J51) -> 792
G69: =+G67+1 -> 121 | H69: =+H67+1 -> 146 | I69: =+I67+1 -> 171
J70: =+J51+F51 -> 31 | L70: 792
C74: b) | D74: 群杭の有効抵抗土圧力度および有効抵抗土圧力
C75: ※ | D75: 層境の有効抵抗土圧力度については、安全側を考慮して群杭の抵抗分担係数を考慮する。
D76: ηm | E76: 群杭の抵抗分担係数
D77: 砂質土 | E77: 検討方向 | F77: ｄm | G77: 1列目 | H77: 2列目 | I77: 3列目
E78: 直角方向 | F78: 2.846 | G78: 0.953 | H78: 0.494 | I78: 0.3812
D79: 粘性土 | E79: ηm＝ | F79: 1
D80: 杭径 | E80: =+E4 -> 1.3 | F80: m
B81: 層番号 | D81: 層種別 | E81: 部材番号 | H81: 位置 | I81: pe(z) (kN/m2) | J81: 単杭の有効抵抗土圧力度 | M81: 単杭の有効抵抗土圧力
J82: pe(z)(kN/m2) | M82: Pe(z)(kN/m)
J83: 1列目 | K83: 2列目 | L83: 3列目 | M83: 1列目 | N83: 2列目 | O83: 3列目
B84: ① | D84: 砂質土 | E84: 98 | F84: 123 | G84: 148 | H84: 上端 | I84: =+L11 -> 782.3 | J84: =+$G$78*I84 -> 745.5319 | K84: =+$H$78*I84 -> 386.4562 | L84: =+$I$78*I84 -> 298.21276 | M84: =+$E$80*J84 -> 969.19147 | N84: =+$E$80*K84 -> 502.39306 | O84: =+$E$80*L84 -> 387.67659
H85: 下端 | I85: =+L12 -> 879.45333 | J85: =+$G$78*I85 -> 838.11903 | K85: =+$H$78*I85 -> 434.44995 | L85: =+$I$78*I85 -> 335.24761 | M85: =+$E$80*J85 -> 1089.5547 | N85: =+$E$80*K85 -> 564.78493 | O85: =+$E$80*L85 -> 435.82189
E86: =+E84+1 -> 99 | F86: =+F84+1 -> 124 | G86: =+G84+1 -> 149 | H86: 上端 | I86: =+M13 -> 1337.9074 | J86: =+$G$78*I86 -> 1275.0257 | K86: =+$H$78*I86 -> 660.92623 | L86: =+$I$78*I86 -> 510.01028 | M86: =+$E$80*J86 -> 1657.5334 | N86: =+$E$80*K86 -> 859.2041 | O86: =+$E$80*L86 -> 663.01337
B87: ② | D87: 砂質土 | H87: 下端 | I87: =+M16 -> 1337.9074 | J87: =+$G$78*I87 -> 1275.0257 | K87: =+$H$78*I87 -> 660.92623 | L87: =+$I$78*I87 -> 510.01028 | M87: =+$E$80*J87 -> 1657.5334 | N87: =+$E$80*K87 -> 859.2041 | O87: =+$E$80*L87 -> 663.01337
E88: =+E86+1 -> 100 | F88: =+F86+1 -> 125 | G88: =+G86+1 -> 150 | H88: 上端 | I88: =+M17 -> 610.56213 | J88: =+$G$78*I88 -> 581.86571 | K88: =+$H$78*I88 -> 301.61769 | L88: =+$I$78*I88 -> 232.74628 | M88: =+$E$80*J88 -> 756.42542 | N88: =+$E$80*K88 -> 392.103 | O88: =+$E$80*L88 -> 302.57017
H89: 下端 | I89: =+M20 -> 610.56213 | J89: =+$G$78*I89 -> 581.86571 | K89: =+$H$78*I89 -> 301.61769 | L89: =+$I$78*I89 -> 232.74628 | M89: =+$E$80*J89 -> 756.42542 | N89: =+$E$80*K89 -> 392.103 | O89: =+$E$80*L89 -> 302.57017
E90: =+E88+1 -> 101 | F90: =+F88+1 -> 126 | G90: =+G88+1 -> 151 | H90: 上端 | I90: =+L20 -> 450 | J90: =+$G$78*I90 -> 428.85 | K90: =+$H$78*I90 -> 222.3 | L90: =+$I$78*I90 -> 171.54 | M90: =+$E$80*J90 -> 557.505 | N90: =+$E$80*K90 -> 288.99 | O90: =+$E$80*L90 -> 223.002
B91: ③ | D91: 粘性土 | H91: 下端 | I91: =+L22 -> 450 | J91: =+$G$78*I91 -> 428.85 | K91: =+$H$78*I91 -> 222.3 | L91: =+$I$78*I91 -> 171.54 | M91: =+$E$80*J91 -> 557.505 | N91: =+$E$80*K91 -> 288.99 | O91: =+$E$80*L91 -> 223.002
E92: =+E90+1 -> 102 | F92: =+F90+1 -> 127 | G92: =+G90+1 -> 152 | H92: 上端 | I92: =+M23 -> 1171.0462 | J92: =+$G$78*I92 -> 1116.007 | K92: =+$H$78*I92 -> 578.4968 | L92: =+$I$78*I92 -> 446.40279 | M92: =+$E$80*J92 -> 1450.8091 | N92: =+$E$80*K92 -> 752.04584 | O92: =+$E$80*L92 -> 580.32363
B93: ④ | D93: 砂質土 | H93: 下端 | I93: =+M26 -> 1171.0462 | J93: =+$G$78*I93 -> 1116.007 | K93: =+$H$78*I93 -> 578.4968 | L93: =+$I$78*I93 -> 446.40279 | M93: =+$E$80*J93 -> 1450.8091 | N93: =+$E$80*K93 -> 752.04584 | O93: =+$E$80*L93 -> 580.32363
E94: =+E92+1 -> 103 | F94: =+F92+1 -> 128 | G94: =+G92+1 -> 153 | H94: 上端 | I94: =+L26 -> 1663.3 | J94: =+$G$78*I94 -> 1585.1249 | K94: =+$H$78*I94 -> 821.6702 | L94: =+$I$78*I94 -> 634.04996 | M94: =+$E$80*J94 -> 2060.6624 | N94: =+$E$80*K94 -> 1068.1713 | O94: =+$E$80*L94 -> 824.26495
H95: 下端 | I95: =+L28 -> 1798.5 | J95: =+$G$78*I95 -> 1713.9705 | K95: =+$H$78*I95 -> 888.459 | L95: =+$I$78*I95 -> 685.5882 | M95: =+$E$80*J95 -> 2228.1617 | N95: =+$E$80*K95 -> 1154.9967 | O95: =+$E$80*L95 -> 891.26466
E96: =+E94+1 -> 104 | F96: =+F94+1 -> 129 | G96: =+G94+1 -> 154 | H96: 上端 | I96: =+M29 -> 1776.1923 | J96: =+$G$78*I96 -> 1692.7113 | K96: =+$H$78*I96 -> 877.439 | L96: =+$I$78*I96 -> 677.08451 | M96: =+$E$80*J96 -> 2200.5246 | N96: =+$E$80*K96 -> 1140.6707 | O96: =+$E$80*L96 -> 880.20986
B97: ⑤ | D97: 粘性土 | H97: 下端 | I97: =+M32 -> 1776.1923 | J97: =+$G$78*I97 -> 1692.7113 | K97: =+$H$78*I97 -> 877.439 | L97: =+$I$78*I97 -> 677.08451 | M97: =+$E$80*J97 -> 2200.5246 | N97: =+$E$80*K97 -> 1140.6707 | O97: =+$E$80*L97 -> 880.20986
E98: =+E96+1 -> 105 | F98: =+F96+1 -> 130 | G98: =+G96+1 -> 155 | H98: 上端 | I98: =+M33 -> 2113.8067 | J98: =+$G$78*I98 -> 2014.4578 | K98: =+$H$78*I98 -> 1044.2205 | L98: =+$I$78*I98 -> 805.78311 | M98: =+$E$80*J98 -> 2618.7951 | N98: =+$E$80*K98 -> 1357.4867 | O98: =+$E$80*L98 -> 1047.518
B99: ⑥ | D99: 砂質土 | H99: 下端 | I99: =+M36 -> 2113.8067 | J99: =+$G$78*I99 -> 2014.4578 | K99: =+$H$78*I99 -> 1044.2205 | L99: =+$I$78*I99 -> 805.78311 | M99: =+$E$80*J99 -> 2618.7951 | N99: =+$E$80*K99 -> 1357.4867 | O99: =+$E$80*L99 -> 1047.518
E100: =+E98+1 -> 106 | F100: =+F98+1 -> 131 | G100: =+G98+1 -> 156 | H100: 上端 | I100: =+L36 -> 2146.2316 | J100: =+$G$78*I100 -> 2045.3587 | K100: =+$H$78*I100 -> 1060.2384 | L100: =+$I$78*I100 -> 818.14348 | M100: =+$E$80*J100 -> 2658.9663 | N100: =+$E$80*K100 -> 1378.3099 | O100: =+$E$80*L100 -> 1063.5865
H101: 下端 | I101: =+L38 -> 2287.4389 | J101: =+$G$78*I101 -> 2179.9293 | K101: =+$H$78*I101 -> 1129.9948 | L101: =+$I$78*I101 -> 871.97173 | M101: =+$E$80*J101 -> 2833.9081 | N101: =+$E$80*K101 -> 1468.9933 | O101: =+$E$80*L101 -> 1133.5632
E102: =+E100+1 -> 107 | F102: =+F100+1 -> 132 | G102: =+G100+1 -> 157 | H102: 上端 | I102: =+L38 -> 2287.4389 | J102: =+$G$78*I102 -> 2179.9293 | K102: =+$H$78*I102 -> 1129.9948 | L102: =+$I$78*I102 -> 871.97173 | M102: =+$E$80*J102 -> 2833.9081 | N102: =+$E$80*K102 -> 1468.9933 | O102: =+$E$80*L102 -> 1133.5632
H103: 下端 | I103: =+L40 -> 2428.6463 | J103: =+$G$78*I103 -> 2314.4999 | K103: =+$H$78*I103 -> 1199.7513 | L103: =+$I$78*I103 -> 925.79998 | M103: =+$E$80*J103 -> 3008.8499 | N103: =+$E$80*K103 -> 1559.6767 | O103: =+$E$80*L103 -> 1203.54
E104: =+E102+1 -> 108 | F104: =+F102+1 -> 133 | G104: =+G102+1 -> 158 | H104: 上端 | I104: =+L40 -> 2428.6463 | J104: =+$G$78*I104 -> 2314.4999 | K104: =+$H$78*I104 -> 1199.7513 | L104: =+$I$78*I104 -> 925.79998 | M104: =+$E$80*J104 -> 3008.8499 | N104: =+$E$80*K104 -> 1559.6767 | O104: =+$E$80*L104 -> 1203.54
H105: 下端 | I105: =+L42 -> 2569.8537 | J105: =+$G$78*I105 -> 2449.0706 | K105: =+$H$78*I105 -> 1269.5077 | L105: =+$I$78*I105 -> 979.62822 | M105: =+$E$80*J105 -> 3183.7917 | N105: =+$E$80*K105 -> 1650.36 | O105: =+$E$80*L105 -> 1273.5167
E106: =+E104+1 -> 109 | F106: =+F104+1 -> 134 | G106: =+G104+1 -> 159 | H106: 上端 | I106: =+L42 -> 2569.8537 | J106: =+$G$78*I106 -> 2449.0706 | K106: =+$H$78*I106 -> 1269.5077 | L106: =+$I$78*I106 -> 979.62822 | M106: =+$E$80*J106 -> 3183.7917 | N106: =+$E$80*K106 -> 1650.36 | O106: =+$E$80*L106 -> 1273.5167
H107: 下端 | I107: =+L44 -> 2711.0611 | J107: =+$G$78*I107 -> 2583.6412 | K107: =+$H$78*I107 -> 1339.2642 | L107: =+$I$78*I107 -> 1033.4565 | M107: =+$E$80*J107 -> 3358.7335 | N107: =+$E$80*K107 -> 1741.0434 | O107: =+$E$80*L107 -> 1343.4934
E108: =+E106+1 -> 110 | F108: =+F106+1 -> 135 | G108: =+G106+1 -> 160 | H108: 上端 | I108: =+L44 -> 2711.0611 | J108: =+$G$78*I108 -> 2583.6412 | K108: =+$H$78*I108 -> 1339.2642 | L108: =+$I$78*I108 -> 1033.4565 | M108: =+$E$80*J108 -> 3358.7335 | N108: =+$E$80*K108 -> 1741.0434 | O108: =+$E$80*L108 -> 1343.4934
...

Sheet 鉛直せん断地盤ばね定数(4P右)
C2: c) | D2: 4P右(1,3列目)
D3: 杭径 | E3: 1.3 | F3: m
D4: 周長 | E4: =+PI()*E3 -> 4.0840704 | F4: m
D5: 杭全長 | E5: 31 | F5: m
D6: 1/β | E6: 4.945 | F6: m
D7: 杭本数 | E7: 3 | F7: 本
D8: 層番号 | E8: 層厚 (m) | F8: 鉛直せん断地盤ばねを考慮する層厚(m) | G8: 鉛直地盤 反力係数 kfv (kN/m3) | H8: 分布幅 (m) | J8: 1/βを考慮 した分布幅 (m) | L8: 節点番号 | N8: 分布幅の鉛直地盤反力係数 kfv (kN/m2) | O8: 各節点の鉛直ばね定数 Kfv (kN/m) | S8: 節点番号 | T8: 拘束方向 | U8: 第1勾配 | X8: 第2勾配 | AA8: 第3勾配 | AB8: 第1勾配 | AC8: 第2勾配 | AD8: 第3勾配
U9: 鉛直ばね | V9: 制限値 | X9: 鉛直ばね | Y9: 制限値 | AA9: 鉛直ばね | AB9: 鉛直ばね | AC9: 鉛直ばね | AD9: 鉛直ばね
U10: ＋側 | V10: ＋側 | W10: －側 | X10: ＋側 | Y10: ＋側 | Z10: －側 | AA10: ＋側 | AB10: －側 | AC10: －側 | AD10: －側
S11: =+L13 -> 98
O12: 杭1本当り | P12: =+E7 -> 3 | S12: =+S11+1 -> 99
D13: ① | E13: 1.5 | F13: － | G13: 2000 | H13: =+E3/2 -> 0.65 | J13: － | K13: － | L13: 98 | M13: 148 | N13: － | O13: － | P13: － | S13: =+S12+1 -> 100
H14: =+E3 -> 1.3 | I14: =+E13-H13 -> 0.85 | J14: － | K14: － | L14: =+L13+1 -> 99 | M14: =+M13+1 -> 149 | N14: － | O14: － | P14: － | S14: =+S13+1 -> 101
D15: ② | E15: 1.3 | F15: － | G15: 10571 | I15: =+H14-I14 -> 0.45 | K15: － | S15: =+S14+1 -> 102 | T15: Y | U15: =+P20 -> 51631.125 | V15: =+'周面支持力(4P右)'!P20 -> 361.44023 | W15: =+V15 -> 361.44023 | X15: =+U15 -> 51631.125 | Y15: =+V15 -> 361.44023 | Z15: =+Y15 -> 361.44023 | AA15: =+X15 -> 51631.125 | AB15: =+AA15 -> 51631.125 | AC15: =+AB15 -> 51631.125 | AD15: =+AC15 -> 51631.125
H16: =+H14 -> 1.3 | I16: =+E15-I15 -> 0.85 | J16: － | K16: － | L16: =+L14+1 -> 100 | M16: =+M14+1 -> 150 | N16: － | O16: － | P16: － | S16: =+S15+1 -> 103 | T16: Y | U16: =+P22 -> 145628.56 | V16: =+'周面支持力(4P右)'!P22 -> 1529.076 | W16: =+V16 -> 1529.076 | X16: =+U16 -> 145628.56 | Y16: =+V16 -> 1529.076 | Z16: =+Y16 -> 1529.076 | AA16: =+X16 -> 145628.56 | AB16: =+AA16 -> 145628.56 | AC16: =+AB16 -> 145628.56 | AD16: =+AC16 -> 145628.56
D17: ③ | E17: 2.9 | F17: =+E13+E15+E17-E6 -> 0.755 | G17: 3765 | I17: =+H16-I16 -> 0.45 | K17: － | S17: =+S16+1 -> 104 | T17: Y | U17: =+P24 -> 155635.55 | V17: =+'周面支持力(4P右)'!P24 -> 1495.2599 | W17: =+V17 -> 1495.2599 | X17: =+U17 -> 155635.55 | Y17: =+V17 -> 1495.2599 | Z17: =+Y17 -> 1495.2599 | AA17: =+X17 -> 155635.55 | AB17: =+AA17 -> 155635.55 | AC17: =+AB17 -> 155635.55 | AD17: =+AC17 -> 155635.55
H18: =+H16 -> 1.3 | J18: － | L18: =+L16+1 -> 101 | M18: =+M16+1 -> 151 | N18: － | O18: － | P18: － | S18: =+S17+1 -> 105 | T18: Y | U18: =+P26 -> 223253.67 | V18: =+'周面支持力(4P右)'!P26 -> 1927.5179 | W18: =+V18 -> 1927.5179 | X18: =+U18 -> 223253.67 | Y18: =+V18 -> 1927.5179 | Z18: =+Y18 -> 1927.5179 | AA18: =+X18 -> 223253.67 | AB18: =+AA18 -> 223253.67 | AC18: =+AB18 -> 223253.67 | AD18: =+AC18 -> 223253.67
S19: =+S18+1 -> 106 | T19: Y | U19: =+P28 -> 218434.87 | V19: =+'周面支持力(4P右)'!P28 -> 2293.614 | W19: =+V19 -> 2293.614 | X19: =+U19 -> 218434.87 | Y19: =+V19 -> 2293.614 | Z19: =+Y19 -> 2293.614 | AA19: =+X19 -> 218434.87 | AB19: =+AA19 -> 218434.87 | AC19: =+AB19 -> 218434.87 | AD19: =+AC19 -> 218434.87
H20: =+H18 -> 1.3 | I20: =+E17-I17-H18 -> 1.15 | J20: =+E3 -> 1.3 | K20: =+F17 -> 0.755 | L20: =+L18+1 -> 102 | M20: =+M18+1 -> 152 | N20: =+G17*K20+G21*K21 -> 4214.025 | O20: =+E4*N20 -> 17210.375 | P20: =+E7*O20 -> 51631.125 | S20: =+S19+1 -> 107 | T20: Y | U20: =+P30 -> 218434.87 | V20: =+'周面支持力(4P右)'!P30 -> 2293.614 | W20: =+V20 -> 2293.614 | X20: =+U20 -> 218434.87 | Y20: =+V20 -> 2293.614 | Z20: =+Y20 -> 2293.614 | AA20: =+X20 -> 218434.87 | AB20: =+AA20 -> 218434.87 | AC20: =+AB20 -> 218434.87 | AD20: =+AC20 -> 218434.87
D21: ④ | E21: 2.6 | F21: =+E21 -> 2.6 | G21: 9143 | I21: =+H20-I20 -> 0.15 | K21: =+I21 -> 0.15 | S21: =+S20+1 -> 108 | T21: Y | U21: =+P32 -> 218434.87 | V21: =+'周面支持力(4P右)'!P32 -> 2293.614 | W21: =+V21 -> 2293.614 | X21: =+U21 -> 218434.87 | Y21: =+V21 -> 2293.614 | Z21: =+Y21 -> 2293.614 | AA21: =+X21 -> 218434.87 | AB21: =+AA21 -> 218434.87 | AC21: =+AB21 -> 218434.87 | AD21: =+AC21 -> 218434.87
H22: =+H20 -> 1.3 | J22: =+J20 -> 1.3 | L22: =+L20+1 -> 103 | M22: =+M20+1 -> 153 | N22: =+G21*J22 -> 11885.9 | O22: =+E4*N22 -> 48542.853 | P22: =+E7*O22 -> 145628.56 | S22: =+S21+1 -> 109 | T22: Y | U22: =+P34 -> 218434.87 | V22: =+'周面支持力(4P右)'!P34 -> 2293.614 | W22: =+V22 -> 2293.614 | X22: =+U22 -> 218434.87 | Y22: =+V22 -> 2293.614 | Z22: =+Y22 -> 2293.614 | AA22: =+X22 -> 218434.87 | AB22: =+AA22 -> 218434.87 | AC22: =+AB22 -> 218434.87 | AD22: =+AC22 -> 218434.87
S23: =+S22+1 -> 110 | T23: Y | U23: =+P36 -> 218434.87 | V23: =+'周面支持力(4P右)'!P36 -> 2293.614 | W23: =+V23 -> 2293.614 | X23: =+U23 -> 218434.87 | Y23: =+V23 -> 2293.614 | Z23: =+Y23 -> 2293.614 | AA23: =+X23 -> 218434.87 | AB23: =+AA23 -> 218434.87 | AC23: =+AB23 -> 218434.87 | AD23: =+AC23 -> 218434.87
H24: =+H22 -> 1.3 | I24: =+E21-I21-H22 -> 1.15 | J24: =+J22 -> 1.3 | K24: =+I24 -> 1.15 | L24: =+L22+1 -> 104 | M24: =+M22+1 -> 154 | N24: =+G21*K24+G25*K25 -> 12702.65 | O24: =+E4*N24 -> 51878.517 | P24: =+E7*O24 -> 155635.55 | S24: =+S23+1 -> 111 | T24: Y | U24: =+P38 -> 218434.87 | V24: =+'周面支持力(4P右)'!P38 -> 2293.614 | W24: =+V24 -> 2293.614 | X24: =+U24 -> 218434.87 | Y24: =+V24 -> 2293.614 | Z24: =+Y24 -> 2293.614 | AA24: =+X24 -> 218434.87 | AB24: =+AA24 -> 218434.87 | AC24: =+AB24 -> 218434.87 | AD24: =+AC24 -> 218434.87
D25: ⑤ | E25: 0.6 | F25: =+E25 -> 0.6 | G25: 14588 | I25: =+H24-I24 -> 0.15 | K25: =+I25 -> 0.15 | S25: =+S24+1 -> 112 | T25: Y | U25: =+P40 -> 179145.71 | V25: =+'周面支持力(4P右)'!P40 -> 1693.7457 | W25: =+V25 -> 1693.7457 | X25: =+U25 -> 179145.71 | Y25: =+V25 -> 1693.7457 | Z25: =+Y25 -> 1693.7457 | AA25: =+X25 -> 179145.71 | AB25: =+AA25 -> 179145.71 | AC25: =+AB25 -> 179145.71 | AD25: =+AC25 -> 179145.71
H26: =+H24 -> 1.3 | I26: =+E25-I25 -> 0.45 | J26: =+J24 -> 1.3 | K26: =+I26 -> 0.45 | L26: =+L24+1 -> 105 | M26: =+M24+1 -> 155 | N26: =+G25*K26+G27*K27 -> 18221.5 | O26: =+E4*N26 -> 74417.89 | P26: =+E7*O26 -> 223253.67 | S26: =+S25+1 -> 113 | T26: Y | U26: =+P42 -> 104932.84 | V26: =+'周面支持力(4P右)'!P42 -> 560.66119 | W26: =+V26 -> 560.66119 | X26: =+U26 -> 104932.84 | Y26: =+V26 -> 560.66119 | Z26: =+Y26 -> 560.66119 | AA26: =+X26 -> 104932.84 | AB26: =+AA26 -> 104932.84 | AC26: =+AB26 -> 104932.84 | AD26: =+AC26 -> 104932.84
D27: ⑥ | E27: 9.5 | F27: =+E27 -> 9.5 | G27: 13714 | I27: =+H26-I26 -> 0.85 | K27: =+I27 -> 0.85 | S27: =+S26+1 -> 114 | T27: Y | U27: =+P44 -> 104932.84 | V27: =+'周面支持力(4P右)'!P44 -> 560.66119 | W27: =+V27 -> 560.66119 | X27: =+U27 -> 104932.84 | Y27: =+V27 -> 560.66119 | Z27: =+Y27 -> 560.66119 | AA27: =+X27 -> 104932.84 | AB27: =+AA27 -> 104932.84 | AC27: =+AB27 -> 104932.84 | AD27: =+AC27 -> 104932.84
H28: =+H26 -> 1.3 | J28: =+J26 -> 1.3 | L28: =+L26+1 -> 106 | M28: =+M26+1 -> 156 | N28: =+G27*J28 -> 17828.2 | O28: =+E4*N28 -> 72811.625 | P28: =+E7*O28 -> 218434.87 | S28: =+S27+1 -> 115 | T28: Y | U28: =+P46 -> 104932.84 | V28: =+'周面支持力(4P右)'!P46 -> 560.66119 | W28: =+V28 -> 560.66119 | X28: =+U28 -> 104932.84 | Y28: =+V28 -> 560.66119 | Z28: =+Y28 -> 560.66119 | AA28: =+X28 -> 104932.84 | AB28: =+AA28 -> 104932.84 | AC28: =+AB28 -> 104932.84 | AD28: =+AC28 -> 104932.84
S29: =+S28+1 -> 116 | T29: Y | U29: =+P48 -> 104932.84 | V29: =+'周面支持力(4P右)'!P48 -> 560.66119 | W29: =+V29 -> 560.66119 | X29: =+U29 -> 104932.84 | Y29: =+V29 -> 560.66119 | Z29: =+Y29 -> 560.66119 | AA29: =+X29 -> 104932.84 | AB29: =+AA29 -> 104932.84 | AC29: =+AB29 -> 104932.84 | AD29: =+AC29 -> 104932.84
H30: =+H28 -> 1.3 | J30: =+J28 -> 1.3 | L30: =+L28+1 -> 107 | M30: =+M28+1 -> 157 | N30: =+G27*J30 -> 17828.2 | O30: =+E4*N30 -> 72811.625 | P30: =+E7*O30 -> 218434.87 | S30: =+S29+1 -> 117 | T30: Y | U30: =+P50 -> 104932.84 | V30: =+'周面支持力(4P右)'!P50 -> 560.66119 | W30: =+V30 -> 560.66119 | X30: =+U30 -> 104932.84 | Y30: =+V30 -> 560.66119 | Z30: =+Y30 -> 560.66119 | AA30: =+X30 -> 104932.84 | AB30: =+AA30 -> 104932.84 | AC30: =+AB30 -> 104932.84 | AD30: =+AC30 -> 104932.84
S31: =+S30+1 -> 118 | T31: Y | U31: =+P52 -> 104932.84 | V31: =+'周面支持力(4P右)'!P52 -> 560.66119 | W31: =+V31 -> 560.66119 | X31: =+U31 -> 104932.84 | Y31: =+V31 -> 560.66119 | Z31: =+Y31 -> 560.66119 | AA31: =+X31 -> 104932.84 | AB31: =+AA31 -> 104932.84 | AC31: =+AB31 -> 104932.84 | AD31: =+AC31 -> 104932.84
H32: =+H30 -> 1.3 | J32: =+J30 -> 1.3 | L32: =+L30+1 -> 108 | M32: =+M30+1 -> 158 | N32: =+G27*J32 -> 17828.2 | O32: =+E4*N32 -> 72811.625 | P32: =+E7*O32 -> 218434.87 | S32: =+S31+1 -> 119 | T32: Y | U32: =+P54 -> 104932.84 | V32: =+'周面支持力(4P右)'!P54 -> 560.66119 | W32: =+V32 -> 560.66119 | X32: =+U32 -> 104932.84 | Y32: =+V32 -> 560.66119 | Z32: =+Y32 -> 560.66119 | AA32: =+X32 -> 104932.84 | AB32: =+AA32 -> 104932.84 | AC32: =+AB32 -> 104932.84 | AD32: =+AC32 -> 104932.84
S33: =+S32+1 -> 120 | T33: Y | U33: =+P56 -> 104932.84 | V33: =+'周面支持力(4P右)'!P56 -> 560.66119 | W33: =+V33 -> 560.66119 | X33: =+U33 -> 104932.84 | Y33: =+V33 -> 560.66119 | Z33: =+Y33 -> 560.66119 | AA33: =+X33 -> 104932.84 | AB33: =+AA33 -> 104932.84 | AC33: =+AB33 -> 104932.84 | AD33: =+AC33 -> 104932.84
H34: =+H32 -> 1.3 | J34: =+J32 -> 1.3 | L34: =+L32+1 -> 109 | M34: =+M32+1 -> 159 | N34: =+G27*J34 -> 17828.2 | O34: =+E4*N34 -> 72811.625 | P34: =+E7*O34 -> 218434.87 | S34: =+S33+1 -> 121 | T34: Y | U34: =+P58 -> 36322.906 | V34: =+'周面支持力(4P右)'!P58 -> 194.07503 | W34: =+V34 -> 194.07503 | X34: =+U34 -> 36322.906 | Y34: =+V34 -> 194.07503 | Z34: =+Y34 -> 194.07503 | AA34: =+X34 -> 36322.906 | AB34: =+AA34 -> 36322.906 | AC34: =+AB34 -> 36322.906 | AD34: =+AC34 -> 36322.906
S35: =+S34+1 -> 122
H36: =+H34 -> 1.3 | J36: =+J34 -> 1.3 | L36: =+L34+1 -> 110 | M36: =+M34+1 -> 160 | N36: =+G27*J36 -> 17828.2 | O36: =+E4*N36 -> 72811.625 | P36: =+E7*O36 -> 218434.87
H38: =+H36 -> 1.3 | J38: =+J36 -> 1.3 | L38: =+L36+1 -> 111 | M38: =+M36+1 -> 161 | N38: =+G27*J38 -> 17828.2 | O38: =+E4*N38 -> 72811.625 | P38: =+E7*O38 -> 218434.87
H40: =+H38 -> 1.3 | I40: =+E27-I27-H28-H30-H32-H34-H36-H38 -> 0.85 | J40: =+J38 -> 1.3 | K40: =+I40 -> 0.85 | L40: =+L38+1 -> 112 | M40: =+M38+1 -> 162 | N40: =+G27*K40+G41*K41 -> 14621.5 | O40: =+E4*N40 -> 59715.236 | P40: =+E7*O40 -> 179145.71
D41: ⑦ | E41: 12.6 | F41: =+E41-E3 -> 11.3 | G41: 6588 | I41: =+H42-I40 -> 0.45 | K41: =+I41 -> 0.45
H42: =+H40 -> 1.3 | J42: =+J40 -> 1.3 | L42: =+L40+1 -> 113 | M42: =+M40+1 -> 163 | N42: =+G41*J42 -> 8564.4 | O42: =+E4*N42 -> 34977.613 | P42: =+E7*O42 -> 104932.84
H44: =+H42 -> 1.3 | J44: =+J42 -> 1.3 | L44: =+L42+1 -> 114 | M44: =+M42+1 -> 164 | N44: =+G41*J44 -> 8564.4 | O44: =+E4*N44 -> 34977.613 | P44: =+E7*O44 -> 104932.84
H46: =+H44 -> 1.3 | J46: =+J44 -> 1.3 | L46: =+L44+1 -> 115 | M46: =+M44+1 -> 165 | N46: =+G41*J46 -> 8564.4 | O46: =+E4*N46 -> 34977.613 | P46: =+E7*O46 -> 104932.84
H48: =+H46 -> 1.3 | J48: =+J46 -> 1.3 | L48: =+L46+1 -> 116 | M48: =+M46+1 -> 166 | N48: =+G41*J48 -> 8564.4 | O48: =+E4*N48 -> 34977.613 | P48: =+E7*O48 -> 104932.84
H50: =+H48 -> 1.3 | J50: =+J48 -> 1.3 | L50: =+L48+1 -> 117 | M50: =+M48+1 -> 167 | N50: =+G41*J50 -> 8564.4 | O50: =+E4*N50 -> 34977.613 | P50: =+E7*O50 -> 104932.84
H52: =+H50 -> 1.3 | J52: =+J50 -> 1.3 | L52: =+L50+1 -> 118 | M52: =+M50+1 -> 168 | N52: =+G41*J52 -> 8564.4 | O52: =+E4*N52 -> 34977.613 | P52: =+E7*O52 -> 104932.84
H54: =+H52 -> 1.3 | J54: =+J52 -> 1.3 | L54: =+L52+1 -> 119 | M54: =+M52+1 -> 169 | N54: =+G41*J54 -> 8564.4 | O54: =+E4*N54 -> 34977.613 | P54: =+E7*O54 -> 104932.84
H56: =+H54 -> 1.3 | J56: =+J54 -> 1.3 | L56: =+L54+1 -> 120 | M56: =+M54+1 -> 170 | N56: =+G41*J56 -> 8564.4 | O56: =+E4*N56 -> 34977.613 | P56: =+E7*O56 -> 104932.84
H58: 1.2 | J58: =+F41-K41-J42-J44-J46-J48-J50-J52-J54-J56 -> 0.45 | L58: =+L56+1 -> 121 | M58: =+M56+1 -> 171 | N58: =+G41*J58 -> 2964.6 | O58: =+E4*N58 -> 12107.635 | P58: =+E7*O58 -> 36322.906
H60: =+E41-I41-H42-H44-H46-H48-H50-H52-H54-H56-H58 -> 0.55 | J60: － | L60: =+L58+1 -> 122 | M60: =+M58+1 -> 172 | N60: － | O60: － | P60: －
D61: Σ | E61: =SUM(E13:E60) -> 31 | F61: =SUM(F13:F60) -> 24.755 | H61: =SUM(H12:H60) -> 31 | J61: =SUM(J18:J59) -> 25.15
C65: d) | D65: 4P右(2列目)
D66: 杭径 | E66: =+E3 -> 1.3 | F66: m
D67: 周長 | E67: =+PI()*E66 -> 4.0840704 | F67: m
D68: 杭全長 | E68: =+E5 -> 31 | F68: m
D69: 1/β | E69: =+E6 -> 4.945 | F69: m
D70: 杭本数 | E70: 2 | F70: 本
D71: 層番号 | E71: 層厚 (m) | F71: 鉛直せん断地盤ばねを考慮する層厚(m) | G71: 鉛直地盤 反力係数 kfv (kN/m3) | H71: 分布幅 (m) | J71: 1/βを考慮 した分布幅 (m) | L71: 節点番号 | N71: 分布幅の鉛直地盤反力係数 kfv (kN/m2) | O71: 各節点の鉛直ばね定数 Kfv (kN/m) | S71: 節点番号 | T71: 拘束方向 | U71: 第1勾配 | X71: 第2勾配 | AA71: 第3勾配 | AB71: 第1勾配 | AC71: 第2勾配 | AD71: 第3勾配
U72: 鉛直ばね | V72: 制限値 | X72: 鉛直ばね | Y72: 制限値 | AA72: 鉛直ばね | AB72: 鉛直ばね | AC72: 鉛直ばね | AD72: 鉛直ばね
U73: ＋側 | V73: ＋側 | W73: －側 | X73: ＋側 | Y73: ＋側 | Z73: －側 | AA73: ＋側 | AB73: －側 | AC73: －側 | AD73: －側
S74: =+L76 -> 123
O75: 杭1本当り | P75: =+E70 -> 2 | S75: =+S74+1 -> 124
D76: ① | E76: =+E13 -> 1.5 | F76: － | G76: =+G13 -> 2000 | H76: =+E66/2 -> 0.65 | J76: － | K76: － | L76: 123 | N76: － | O76: － | P76: － | S76: =+S75+1 -> 125
H77: =+E66 -> 1.3 | I77: =+E76-H76 -> 0.85 | J77: － | K77: － | L77: =+L76+1 -> 124 | N77: － | O77: － | P77: － | S77: =+S76+1 -> 126
D78: ② | E78: =+E15 -> 1.3 | F78: － | G78: =+G15 -> 10571 | I78: =+H77-I77 -> 0.45 | K78: － | S78: =+S77+1 -> 127 | T78: Y | U78: =+P83 -> 34420.75 | V78: =+'周面支持力(4P右)'!P83 -> 240.96016 | W78: =+V78 -> 240.96016 | X78: =+U78 -> 34420.75 | Y78: =+V78 -> 240.96016 | Z78: =+Y78 -> 240.96016 | AA78: =+X78 -> 34420.75 | AB78: =+AA78 -> 34420.75 | AC78: =+AB78 -> 34420.75 | AD78: =+AC78 -> 34420.75
H79: =+H77 -> 1.3 | I79: =+E78-I78 -> 0.85 | J79: － | K79: － | L79: =+L77+1 -> 125 | N79: － | O79: － | P79: － | S79: =+S78+1 -> 128 | T79: Y | U79: =+P85 -> 97085.706 | V79: =+'周面支持力(4P右)'!P85 -> 1019.384 | W79: =+V79 -> 1019.384 | X79: =+U79 -> 97085.706 | Y79: =+V79 -> 1019.384 | Z79: =+Y79 -> 1019.384 | AA79: =+X79 -> 97085.706 | AB79: =+AA79 -> 97085.706 | AC79: =+AB79 -> 97085.706 | AD79: =+AC79 -> 97085.706
D80: ③ | E80: =+E17 -> 2.9 | F80: =+E76+E78+E80-E69 -> 0.755 | G80: =+G17 -> 3765 | I80: =+H79-I79 -> 0.45 | K80: － | S80: =+S79+1 -> 129 | T80: Y | U80: =+P87 -> 103757.03 | V80: =+'周面支持力(4P右)'!P87 -> 996.83992 | W80: =+V80 -> 996.83992 | X80: =+U80 -> 103757.03 | Y80: =+V80 -> 996.83992 | Z80: =+Y80 -> 996.83992 | AA80: =+X80 -> 103757.03 | AB80: =+AA80 -> 103757.03 | AC80: =+AB80 -> 103757.03 | AD80: =+AC80 -> 103757.03
H81: =+H79 -> 1.3 | J81: － | L81: =+L79+1 -> 126 | N81: － | O81: － | P81: － | S81: =+S80+1 -> 130 | T81: Y | U81: =+P89 -> 148835.78 | V81: =+'周面支持力(4P右)'!P89 -> 1285.0119 | W81: =+V81 -> 1285.0119 | X81: =+U81 -> 148835.78 | Y81: =+V81 -> 1285.0119 | Z81: =+Y81 -> 1285.0119 | AA81: =+X81 -> 148835.78 | AB81: =+AA81 -> 148835.78 | AC81: =+AB81 -> 148835.78 | AD81: =+AC81 -> 148835.78
S82: =+S81+1 -> 131 | T82: Y | U82: =+P91 -> 145623.25 | V82: =+'周面支持力(4P右)'!P91 -> 1529.076 | W82: =+V82 -> 1529.076 | X82: =+U82 -> 145623.25 | Y82: =+V82 -> 1529.076 | Z82: =+Y82 -> 1529.076 | AA82: =+X82 -> 145623.25 | AB82: =+AA82 -> 145623.25 | AC82: =+AB82 -> 145623.25 | AD82: =+AC82 -> 145623.25
H83: =+H81 -> 1.3 | I83: =+E80-I80-H81 -> 1.15 | J83: =+E66 -> 1.3 | K83: =+F80 -> 0.755 | L83: =+L81+1 -> 127 | N83: =+G80*K83+G84*K84 -> 4214.025 | O83: =+E67*N83 -> 17210.375 | P83: =+E70*O83 -> 34420.75 | S83: =+S82+1 -> 132 | T83: Y | U83: =+P93 -> 145623.25 | V83: =+'周面支持力(4P右)'!P93 -> 1529.076 | W83: =+V83 -> 1529.076 | X83: =+U83 -> 145623.25 | Y83: =+V83 -> 1529.076 | Z83: =+Y83 -> 1529.076 | AA83: =+X83 -> 145623.25 | AB83: =+AA83 -> 145623.25 | AC83: =+AB83 -> 145623.25 | AD83: =+AC83 -> 145623.25
D84: ④ | E84: =+E21 -> 2.6 | F84: =+E84 -> 2.6 | G84: =+G21 -> 9143 | I84: =+H83-I83 -> 0.15 | K84: =+I84 -> 0.15 | S84: =+S83+1 -> 133 | T84: Y | U84: =+P95 -> 145623.25 | V84: =+'周面支持力(4P右)'!P95 -> 1529.076 | W84: =+V84 -> 1529.076 | X84: =+U84 -> 145623.25 | Y84: =+V84 -> 1529.076 | Z84: =+Y84 -> 1529.076 | AA84: =+X84 -> 145623.25 | AB84: =+AA84 -> 145623.25 | AC84: =+AB84 -> 145623.25 | AD84: =+AC84 -> 145623.25
H85: =+H83 -> 1.3 | J85: =+J83 -> 1.3 | L85: =+L83+1 -> 128 | N85: =+G84*J85 -> 11885.9 | O85: =+E67*N85 -> 48542.853 | P85: =+E70*O85 -> 97085.706 | S85: =+S84+1 -> 134 | T85: Y | U85: =+P97 -> 145623.25 | V85: =+'周面支持力(4P右)'!P97 -> 1529.076 | W85: =+V85 -> 1529.076 | X85: =+U85 -> 145623.25 | Y85: =+V85 -> 1529.076 | Z85: =+Y85 -> 1529.076 | AA85: =+X85 -> 145623.25 | AB85: =+AA85 -> 145623.25 | AC85: =+AB85 -> 145623.25 | AD85: =+AC85 -> 145623.25
S86: =+S85+1 -> 135 | T86: Y | U86: =+P99 -> 145623.25 | V86: =+'周面支持力(4P右)'!P99 -> 1529.076 | W86: =+V86 -> 1529.076 | X86: =+U86 -> 145623.25 | Y86: =+V86 -> 1529.076 | Z86: =+Y86 -> 1529.076 | AA86: =+X86 -> 145623.25 | AB86: =+AA86 -> 145623.25 | AC86: =+AB86 -> 145623.25 | AD86: =+AC86 -> 145623.25
H87: =+H85 -> 1.3 | I87: =+E84-I84-H85 -> 1.15 | J87: =+J85 -> 1.3 | K87: =+I87 -> 1.15 | L87: =+L85+1 -> 129 | N87: =+G84*K87+G88*K88 -> 12702.65 | O87: =+E67*N87 -> 51878.517 | P87: =+E70*O87 -> 103757.03 | S87: =+S86+1 -> 136 | T87: Y | U87: =+P101 -> 145623.25 | V87: =+'周面支持力(4P右)'!P101 -> 1529.076 | W87: =+V87 -> 1529.076 | X87: =+U87 -> 145623.25 | Y87: =+V87 -> 1529.076 | Z87: =+Y87 -> 1529.076 | AA87: =+X87 -> 145623.25 | AB87: =+AA87 -> 145623.25 | AC87: =+AB87 -> 145623.25 | AD87: =+AC87 -> 145623.25
D88: ⑤ | E88: =+E25 -> 0.6 | F88: =+E88 -> 0.6 | G88: =+G25 -> 14588 | I88: =+H87-I87 -> 0.15 | K88: =+I88 -> 0.15 | S88: =+S87+1 -> 137 | T88: Y | U88: =+P103 -> 119430.47 | V88: =+'周面支持力(4P右)'!P103 -> 1129.1638 | W88: =+V88 -> 1129.1638 | X88: =+U88 -> 119430.47 | Y88: =+V88 -> 1129.1638 | Z88: =+Y88 -> 1129.1638 | AA88: =+X88 -> 119430.47 | AB88: =+AA88 -> 119430.47 | AC88: =+AB88 -> 119430.47 | AD88: =+AC88 -> 119430.47
H89: =+H87 -> 1.3 | I89: =+E88-I88 -> 0.45 | J89: =+J87 -> 1.3 | K89: =+I89 -> 0.45 | L89: =+L87+1 -> 130 | N89: =+G88*K89+G90*K90 -> 18221.5 | O89: =+E67*N89 -> 74417.89 | P89: =+E70*O89 -> 148835.78 | S89: =+S88+1 -> 138 | T89: Y | U89: =+P105 -> 69955.226 | V89: =+'周面支持力(4P右)'!P105 -> 373.77413 | W89: =+V89 -> 373.77413 | X89: =+U89 -> 69955.226 | Y89: =+V89 -> 373.77413 | Z89: =+Y89 -> 373.77413 | AA89: =+X89 -> 69955.226 | AB89: =+AA89 -> 69955.226 | AC89: =+AB89 -> 69955.226 | AD89: =+AC89 -> 69955.226
D90: ⑥ | E90: =+E27 -> 9.5 | F90: =+E90 -> 9.5 | G90: =+G27 -> 13714 | I90: =+H89-I89 -> 0.85 | K90: =+I90 -> 0.85 | S90: =+S89+1 -> 139 | T90: Y | U90: =+P107 -> 69955.226 | V90: =+'周面支持力(4P右)'!P107 -> 373.77413 | W90: =+V90 -> 373.77413 | X90: =+U90 -> 69955.226 | Y90: =+V90 -> 373.77413 | Z90: =+Y90 -> 373.77413 | AA90: =+X90 -> 69955.226 | AB90: =+AA90 -> 69955.226 | AC90: =+AB90 -> 69955.226 | AD90: =+AC90 -> 69955.226
H91: =+H89 -> 1.3 | J91: =+J89 -> 1.3 | L91: =+L89+1 -> 131 | N91: =+G90*J91 -> 17828.2 | O91: =+E67*N91 -> 72811.625 | P91: =+E70*O91 -> 145623.25 | S91: =+S90+1 -> 140 | T91: Y | U91: =+P109 -> 69955.226 | V91: =+'周面支持力(4P右)'!P109 -> 373.77413 | W91: =+V91 -> 373.77413 | X91: =+U91 -> 69955.226 | Y91: =+V91 -> 373.77413 | Z91: =+Y91 -> 373.77413 | AA91: =+X91 -> 69955.226 | AB91: =+AA91 -> 69955.226 | AC91: =+AB91 -> 69955.226 | AD91: =+AC91 -> 69955.226
S92: =+S91+1 -> 141 | T92: Y | U92: =+P111 -> 69955.226 | V92: =+'周面支持力(4P右)'!P111 -> 373.77413 | W92: =+V92 -> 373.77413 | X92: =+U92 -> 69955.226 | Y92: =+V92 -> 373.77413 | Z92: =+Y92 -> 373.77413 | AA92: =+X92 -> 69955.226 | AB92: =+AA92 -> 69955.226 | AC92: =+AB92 -> 69955.226 | AD92: =+AC92 -> 69955.226
H93: =+H91 -> 1.3 | J93: =+J91 -> 1.3 | L93: =+L91+1 -> 132 | N93: =+G90*J93 -> 17828.2 | O93: =+E67*N93 -> 72811.625 | P93: =+E70*O93 -> 145623.25 | S93: =+S92+1 -> 142 | T93: Y | U93: =+P113 -> 69955.226 | V93: =+'周面支持力(4P右)'!P113 -> 373.77413 | W93: =+V93 -> 373.77413 | X93: =+U93 -> 69955.226 | Y93: =+V93 -> 373.77413 | Z93: =+Y93 -> 373.77413 | AA93: =+X93 -> 69955.226 | AB93: =+AA93 -> 69955.226 | AC93: =+AB93 -> 69955.226 | AD93: =+AC93 -> 69955.226
S94: =+S93+1 -> 143 | T94: Y | U94: =+P115 -> 69955.226 | V94: =+'周面支持力(4P右)'!P115 -> 373.77413 | W94: =+V94 -> 373.77413 | X94: =+U94 -> 69955.226 | Y94: =+V94 -> 373.77413 | Z94: =+Y94 -> 373.77413 | AA94: =+X94 -> 69955.226 | AB94: =+AA94 -> 69955.226 | AC94: =+AB94 -> 69955.226 | AD94: =+AC94 -> 69955.226
H95: =+H93 -> 1.3 | J95: =+J93 -> 1.3 | L95: =+L93+1 -> 133 | N95: =+G90*J95 -> 17828.2 | O95: =+E67*N95 -> 72811.625 | P95: =+E70*O95 -> 145623.25 | S95: =+S94+1 -> 144 | T95: Y | U95: =+P117 -> 69955.226 | V95: =+'周面支持力(4P右)'!P117 -> 373.77413 | W95: =+V95 -> 373.77413 | X95: =+U95 -> 69955.226 | Y95: =+V95 -> 373.77413 | Z95: =+Y95 -> 373.77413 | AA95: =+X95 -> 69955.226 | AB95: =+AA95 -> 69955.226 | AC95: =+AB95 -> 69955.226 | AD95: =+AC95 -> 69955.226
S96: =+S95+1 -> 145 | T96: Y | U96: =+P119 -> 69955.226 | V96: =+'周面支持力(4P右)'!P119 -> 373.77413 | W96: =+V96 -> 373.77413 | X96: =+U96 -> 69955.226 | Y96: =+V96 -> 373.77413 | Z96: =+Y96 -> 373.77413 | AA96: =+X96 -> 69955.226 | AB96: =+AA96 -> 69955.226 | AC96: =+AB96 -> 69955.226 | AD96: =+AC96 -> 69955.226
H97: =+H95 -> 1.3 | J97: =+J95 -> 1.3 | L97: =+L95+1 -> 134 | N97: =+G90*J97 -> 17828.2 | O97: =+E67*N97 -> 72811.625 | P97: =+E70*O97 -> 145623.25 | S97: =+S96+1 -> 146 | T97: Y | U97: =+P121 -> 24215.271 | V97: =+'周面支持力(4P右)'!P121 -> 129.38335 | W97: =+V97 -> 129.38335 | X97: =+U97 -> 24215.271 | Y97: =+V97 -> 129.38335 | Z97: =+Y97 -> 129.38335 | AA97: =+X97 -> 24215.271 | AB97: =+AA97 -> 24215.271 | AC97: =+AB97 -> 24215.271 | AD97: =+AC97 -> 24215.271
S98: =+S97+1 -> 147
H99: =+H97 -> 1.3 | J99: =+J97 -> 1.3 | L99: =+L97+1 -> 135 | N99: =+G90*J99 -> 17828.2 | O99: =+E67*N99 -> 72811.625 | P99: =+E70*O99 -> 145623.25
H101: =+H99 -> 1.3 | J101: =+J99 -> 1.3 | L101: =+L99+1 -> 136 | N101: =+G90*J101 -> 17828.2 | O101: =+E67*N101 -> 72811.625 | P101: =+E70*O101 -> 145623.25 | S101: 節点番号 | T101: 拘束方向 | U101: 第1勾配 | X101: 第2勾配 | AA101: 第3勾配 | AB101: 第1勾配 | AC101: 第2勾配 | AD101: 第3勾配
U102: 鉛直ばね | V102: 制限値 | X102: 鉛直ばね | Y102: 制限値 | AA102: 鉛直ばね | AB102: 鉛直ばね | AC102: 鉛直ばね | AD102: 鉛直ばね
H103: =+H101 -> 1.3 | I103: =+E90-I90-H91-H93-H95-H97-H99-H101 -> 0.85 | J103: =+J101 -> 1.3 | K103: =+I103 -> 0.85 | L103: =+L101+1 -> 137 | N103: =+G90*K103+G104*K104 -> 14621.5 | O103: =+E67*N103 -> 59715.236 | P103: =+E70*O103 -> 119430.47 | U103: ＋側 | V103: ＋側 | W103: －側 | X103: ＋側 | Y103: ＋側 | Z103: －側 | AA103: ＋側 | AB103: －側 | AC103: －側 | AD103: －側
D104: ⑦ | E104: =+E41 -> 12.6 | F104: =+E104-E66 -> 11.3 | G104: =+G41 -> 6588 | I104: =+H105-I103 -> 0.45 | K104: =+I104 -> 0.45 | S104: =+M13 -> 148
H105: =+H103 -> 1.3 | J105: =+J103 -> 1.3 | L105: =+L103+1 -> 138 | N105: =+G104*J105 -> 8564.4 | O105: =+E67*N105 -> 34977.613 | P105: =+E70*O105 -> 69955.226 | S105: =+S104+1 -> 149
S106: =+S105+1 -> 150
H107: =+H105 -> 1.3 | J107: =+J105 -> 1.3 | L107: =+L105+1 -> 139 | N107: =+G104*J107 -> 8564.4 | O107: =+E67*N107 -> 34977.613 | P107: =+E70*O107 -> 69955.226 | S107: =+S106+1 -> 151
S108: =+S107+1 -> 152 | T108: Y | U108: =+U15 -> 51631.125 | V108: =+V15 -> 361.44023 | W108: =+V108 -> 361.44023 | X108: =+U108 -> 51631.125 | Y108: =+V108 -> 361.44023 | Z108: =+Y108 -> 361.44023 | AA108: =+X108 -> 51631.125 | AB108: =+AA108 -> 51631.125 | AC108: =+AB108 -> 51631.125 | AD108: =+AC108 -> 51631.125
H109: =+H107 -> 1.3 | J109: =+J107 -> 1.3 | L109: =+L107+1 -> 140 | N109: =+G104*J109 -> 8564.4 | O109: =+E67*N109 -> 34977.613 | P109: =+E70*O109 -> 69955.226 | S109: =+S108+1 -> 153 | T109: Y | U109: =+U16 -> 145628.56 | V109: =+V16 -> 1529.076 | W109: =+V109 -> 1529.076 | X109: =+U109 -> 145628.56 | Y109: =+V109 -> 1529.076 | Z109: =+Y109 -> 1529.076 | AA109: =+X109 -> 145628.56 | AB109: =+AA109 -> 145628.56 | AC109: =+AB109 -> 145628.56 | AD109: =+AC109 -> 145628.56
S110: =+S109+1 -> 154 | T110: Y | U110: =+U17 -> 155635.55 | V110: =+V17 -> 1495.2599 | W110: =+V110 -> 1495.2599 | X110: =+U110 -> 155635.55 | Y110: =+V110 -> 1495.2599 | Z110: =+Y110 -> 1495.2599 | AA110: =+X110 -> 155635.55 | AB110: =+AA110 -> 155635.55 | AC110: =+AB110 -> 155635.55 | AD110: =+AC110 -> 155635.55
H111: =+H109 -> 1.3 | J111: =+J109 -> 1.3 | L111: =+L109+1 -> 141 | N111: =+G104*J111 -> 8564.4 | O111: =+E67*N111 -> 34977.613 | P111: =+E70*O111 -> 69955.226 | S111: =+S110+1 -> 155 | T111: Y | U111: =+U18 -> 223253.67 | V111: =+V18 -> 1927.5179 | W111: =+V111 -> 1927.5179 | X111: =+U111 -> 223253.67 | Y111: =+V111 -> 1927.5179 | Z111: =+Y111 -> 1927.5179 | AA111: =+X111 -> 223253.67 | AB111: =+AA111 -> 223253.67 | AC111: =+AB111 -> 223253.67 | AD111: =+AC111 -> 223253.67
S112: =+S111+1 -> 156 | T112: Y | U112: =+U19 -> 218434.87 | V112: =+V19 -> 2293.614 | W112: =+V112 -> 2293.614 | X112: =+U112 -> 218434.87 | Y112: =+V112 -> 2293.614 | Z112: =+Y112 -> 2293.614 | AA112: =+X112 -> 218434.87 | AB112: =+AA112 -> 218434.87 | AC112: =+AB112 -> 218434.87 | AD112: =+AC112 -> 218434.87
H113: =+H111 -> 1.3 | J113: =+J111 -> 1.3 | L113: =+L111+1 -> 142 | N113: =+G104*J113 -> 8564.4 | O113: =+E67*N113 -> 34977.613 | P113: =+E70*O113 -> 69955.226 | S113: =+S112+1 -> 157 | T113: Y | U113: =+U20 -> 218434.87 | V113: =+V20 -> 2293.614 | W113: =+V113 -> 2293.614 | X113: =+U113 -> 218434.87 | Y113: =+V113 -> 2293.614 | Z113: =+Y113 -> 2293.614 | AA113: =+X113 -> 218434.87 | AB113: =+AA113 -> 218434.87 | AC113: =+AB113 -> 218434.87 | AD113: =+AC113 -> 218434.87
S114: =+S113+1 -> 158 | T114: Y | U114: =+U21 -> 218434.87 | V114: =+V21 -> 2293.614 | W114: =+V114 -> 2293.614 | X114: =+U114 -> 218434.87 | Y114: =+V114 -> 2293.614 | Z114: =+Y114 -> 2293.614 | AA114: =+X114 -> 218434.87 | AB114: =+AA114 -> 218434.87 | AC114: =+AB114 -> 218434.87 | AD114: =+AC114 -> 218434.87
H115: =+H113 -> 1.3 | J115: =+J113 -> 1.3 | L115: =+L113+1 -> 143 | N115: =+G104*J115 -> 8564.4 | O115: =+E67*N115 -> 34977.613 | P115: =+E70*O115 -> 69955.226 | S115: =+S114+1 -> 159 | T115: Y | U115: =+U22 -> 218434.87 | V115: =+V22 -> 2293.614 | W115: =+V115 -> 2293.614 | X115: =+U115 -> 218434.87 | Y115: =+V115 -> 2293.614 | Z115: =+Y115 -> 2293.614 | AA115: =+X115 -> 218434.87 | AB115: =+AA115 -> 218434.87 | AC115: =+AB115 -> 218434.87 | AD115: =+AC115 -> 218434.87
S116: =+S115+1 -> 160 | T116: Y | U116: =+U23 -> 218434.87 | V116: =+V23 -> 2293.614 | W116: =+V116 -> 2293.614 | X116: =+U116 -> 218434.87 | Y116: =+V116 -> 2293.614 | Z116: =+Y116 -> 2293.614 | AA116: =+X116 -> 218434.87 | AB116: =+AA116 -> 218434.87 | AC116: =+AB116 -> 218434.87 | AD116: =+AC116 -> 218434.87
...

Sheet 周面支持力(4P右)
C2: c) | D2: 4P右(1,3列目)
D3: 杭径 | E3: 1.3 | F3: m
D4: 周長 | E4: =+PI()*E3 -> 4.0840704 | F4: m
D5: 杭全長 | E5: 31 | F5: m
D6: 1/β | E6: 4.945 | F6: m
D7: 杭本数 | E7: 3 | F7: 本
D8: 層番号 | E8: 層厚 (m) | F8: 周面支持力を考慮する層厚(m) | G8: 各層での 基準周面 支持力度 rfk (kN/m2) | H8: 分布幅 (m) | J8: 1/βを考慮 した分布幅 (m) | L8: 節点番号 | N8: 分布幅の周面 支持力度 rfk (kN/m) | O8: 各節点の周面支持力 Rfk (kN)
O12: 杭1本当り | P12: =+E7 -> 3
D13: ① | E13: 1.5 | F13: － | G13: 21 | H13: =+E3/2 -> 0.65 | J13: － | K13: － | L13: 98 | M13: 148 | N13: － | O13: － | P13: －
H14: =+E3 -> 1.3 | I14: =+E13-H13 -> 0.85 | J14: － | K14: － | L14: =+L13+1 -> 99 | M14: =+M13+1 -> 149 | N14: － | O14: － | P14: －
D15: ② | E15: 1.3 | F15: － | G15: 111 | I15: =+H14-I14 -> 0.45 | K15: －
H16: =+H14 -> 1.3 | I16: =+E15-I15 -> 0.85 | J16: － | K16: － | L16: =+L14+1 -> 100 | M16: =+M14+1 -> 150 | N16: － | O16: － | P16: －
D17: ③ | E17: 2.9 | F17: =+E13+E15+E17-E6 -> 0.755 | G17: 20 | I17: =+H16-I16 -> 0.45 | K17: －
H18: =+H16 -> 1.3 | J18: － | L18: =+L16+1 -> 101 | M18: =+M16+1 -> 151 | N18: － | O18: － | P18: －
H20: =+H18 -> 1.3 | I20: =+E17-I17-H18 -> 1.15 | J20: =+E3 -> 1.3 | K20: =+F17 -> 0.755 | L20: =+L18+1 -> 102 | M20: =+M18+1 -> 152 | N20: =+G17*K20+G21*K21 -> 29.5 | O20: =+E4*N20 -> 120.48008 | P20: =+E7*O20 -> 361.44023
D21: ④ | E21: 2.6 | F21: =+E21 -> 2.6 | G21: 96 | I21: =+H20-I20 -> 0.15 | K21: =+I21 -> 0.15
H22: =+H20 -> 1.3 | J22: =+J20 -> 1.3 | L22: =+L20+1 -> 103 | M22: =+M20+1 -> 153 | N22: =+G21*J22 -> 124.8 | O22: =+E4*N22 -> 509.69199 | P22: =+E7*O22 -> 1529.076
H24: =+H22 -> 1.3 | I24: =+E21-I21-H22 -> 1.15 | J24: =+J22 -> 1.3 | K24: =+I24 -> 1.15 | L24: =+L22+1 -> 104 | M24: =+M22+1 -> 154 | N24: =+G21*K24+G25*K25 -> 122.04 | O24: =+E4*N24 -> 498.41996 | P24: =+E7*O24 -> 1495.2599
D25: ⑤ | E25: 0.6 | F25: =+E25 -> 0.6 | G25: 77.6 | I25: =+H24-I24 -> 0.15 | K25: =+I25 -> 0.15
H26: =+H24 -> 1.3 | I26: =+E25-I25 -> 0.45 | J26: =+J24 -> 1.3 | K26: =+I26 -> 0.45 | L26: =+L24+1 -> 105 | M26: =+M24+1 -> 155 | N26: =+G25*K26+G27*K27 -> 157.32 | O26: =+E4*N26 -> 642.50596 | P26: =+E7*O26 -> 1927.5179
D27: ⑥ | E27: 9.5 | F27: =+E27 -> 9.5 | G27: 144 | I27: =+H26-I26 -> 0.85 | K27: =+I27 -> 0.85
H28: =+H26 -> 1.3 | J28: =+J26 -> 1.3 | L28: =+L26+1 -> 106 | M28: =+M26+1 -> 156 | N28: =+G27*J28 -> 187.2 | O28: =+E4*N28 -> 764.53799 | P28: =+E7*O28 -> 2293.614
H30: =+H28 -> 1.3 | J30: =+J28 -> 1.3 | L30: =+L28+1 -> 107 | M30: =+M28+1 -> 157 | N30: =+G27*J30 -> 187.2 | O30: =+E4*N30 -> 764.53799 | P30: =+E7*O30 -> 2293.614
H32: =+H30 -> 1.3 | J32: =+J30 -> 1.3 | L32: =+L30+1 -> 108 | M32: =+M30+1 -> 158 | N32: =+G27*J32 -> 187.2 | O32: =+E4*N32 -> 764.53799 | P32: =+E7*O32 -> 2293.614
H34: =+H32 -> 1.3 | J34: =+J32 -> 1.3 | L34: =+L32+1 -> 109 | M34: =+M32+1 -> 159 | N34: =+G27*J34 -> 187.2 | O34: =+E4*N34 -> 764.53799 | P34: =+E7*O34 -> 2293.614
H36: =+H34 -> 1.3 | J36: =+J34 -> 1.3 | L36: =+L34+1 -> 110 | M36: =+M34+1 -> 160 | N36: =+G27*J36 -> 187.2 | O36: =+E4*N36 -> 764.53799 | P36: =+E7*O36 -> 2293.614
H38: =+H36 -> 1.3 | J38: =+J36 -> 1.3 | L38: =+L36+1 -> 111 | M38: =+M36+1 -> 161 | N38: =+G27*J38 -> 187.2 | O38: =+E4*N38 -> 764.53799 | P38: =+E7*O38 -> 2293.614
H40: =+H38 -> 1.3 | I40: =+E27-I27-H28-H30-H32-H34-H36-H38 -> 0.85 | J40: =+J38 -> 1.3 | K40: =+I40 -> 0.85 | L40: =+L38+1 -> 112 | M40: =+M38+1 -> 162 | N40: =+G27*K40+G41*K41 -> 138.24 | O40: =+E4*N40 -> 564.5819 | P40: =+E7*O40 -> 1693.7457
D41: ⑦ | E41: 12.6 | F41: =+E41-E3 -> 11.3 | G41: 35.2 | I41: =+H42-I40 -> 0.45 | K41: =+I41 -> 0.45
H42: =+H40 -> 1.3 | J42: =+J40 -> 1.3 | L42: =+L40+1 -> 113 | M42: =+M40+1 -> 163 | N42: =+G41*J42 -> 45.76 | O42: =+E4*N42 -> 186.88706 | P42: =+E7*O42 -> 560.66119
H44: =+H42 -> 1.3 | J44: =+J42 -> 1.3 | L44: =+L42+1 -> 114 | M44: =+M42+1 -> 164 | N44: =+G41*J44 -> 45.76 | O44: =+E4*N44 -> 186.88706 | P44: =+E7*O44 -> 560.66119
H46: =+H44 -> 1.3 | J46: =+J44 -> 1.3 | L46: =+L44+1 -> 115 | M46: =+M44+1 -> 165 | N46: =+G41*J46 -> 45.76 | O46: =+E4*N46 -> 186.88706 | P46: =+E7*O46 -> 560.66119
H48: =+H46 -> 1.3 | J48: =+J46 -> 1.3 | L48: =+L46+1 -> 116 | M48: =+M46+1 -> 166 | N48: =+G41*J48 -> 45.76 | O48: =+E4*N48 -> 186.88706 | P48: =+E7*O48 -> 560.66119
H50: =+H48 -> 1.3 | J50: =+J48 -> 1.3 | L50: =+L48+1 -> 117 | M50: =+M48+1 -> 167 | N50: =+G41*J50 -> 45.76 | O50: =+E4*N50 -> 186.88706 | P50: =+E7*O50 -> 560.66119
H52: =+H50 -> 1.3 | J52: =+J50 -> 1.3 | L52: =+L50+1 -> 118 | M52: =+M50+1 -> 168 | N52: =+G41*J52 -> 45.76 | O52: =+E4*N52 -> 186.88706 | P52: =+E7*O52 -> 560.66119
H54: =+H52 -> 1.3 | J54: =+J52 -> 1.3 | L54: =+L52+1 -> 119 | M54: =+M52+1 -> 169 | N54: =+G41*J54 -> 45.76 | O54: =+E4*N54 -> 186.88706 | P54: =+E7*O54 -> 560.66119
H56: =+H54 -> 1.3 | J56: =+J54 -> 1.3 | L56: =+L54+1 -> 120 | M56: =+M54+1 -> 170 | N56: =+G41*J56 -> 45.76 | O56: =+E4*N56 -> 186.88706 | P56: =+E7*O56 -> 560.66119
H58: 1.2 | J58: =+F41-K41-J42-J44-J46-J48-J50-J52-J54-J56 -> 0.45 | L58: =+L56+1 -> 121 | M58: =+M56+1 -> 171 | N58: =+G41*J58 -> 15.84 | O58: =+E4*N58 -> 64.691676 | P58: =+E7*O58 -> 194.07503
H60: =+E41-I41-H42-H44-H46-H48-H50-H52-H54-H56-H58 -> 0.55 | J60: － | L60: =+L58+1 -> 122 | M60: =+M58+1 -> 172 | N60: － | O60: － | P60: －
D61: Σ | E61: =SUM(E13:E60) -> 31 | F61: =SUM(F13:F60) -> 24.755 | H61: =SUM(H12:H60) -> 31 | J61: =SUM(J18:J59) -> 25.15
C65: d) | D65: 4P右(2列目)
D66: 杭径 | E66: =+E3 -> 1.3 | F66: m
D67: 周長 | E67: =+PI()*E66 -> 4.0840704 | F67: m
D68: 杭全長 | E68: =+E5 -> 31 | F68: m
D69: 1/β | E69: =+E6 -> 4.945 | F69: m
D70: 杭本数 | E70: 2 | F70: 本
D71: 層番号 | E71: 層厚 (m) | F71: 周面支持力を考慮する層厚(m) | G71: 各層での 基準周面 支持力度 rfk (kN/m2) | H71: 分布幅 (m) | J71: 1/βを考慮 した分布幅 (m) | L71: 節点番号 | N71: 分布幅の周面 支持力度 rfk (kN/m) | O71: 各節点の周面支持力 Rfk (kN)
O75: 杭1本当り | P75: =+E70 -> 2
D76: ① | E76: =+E13 -> 1.5 | F76: － | G76: =+G13 -> 21 | H76: =+E66/2 -> 0.65 | J76: － | K76: － | L76: 98 | N76: － | O76: － | P76: －
H77: =+E66 -> 1.3 | I77: =+E76-H76 -> 0.85 | J77: － | K77: － | L77: =+L76+1 -> 99 | N77: － | O77: － | P77: －
D78: ② | E78: =+E15 -> 1.3 | F78: － | G78: =+G15 -> 111 | I78: =+H77-I77 -> 0.45 | K78: －
H79: =+H77 -> 1.3 | I79: =+E78-I78 -> 0.85 | J79: － | K79: － | L79: =+L77+1 -> 100 | N79: － | O79: － | P79: －
D80: ③ | E80: =+E17 -> 2.9 | F80: =+E76+E78+E80-E69 -> 0.755 | G80: =+G17 -> 20 | I80: =+H79-I79 -> 0.45 | K80: －
H81: =+H79 -> 1.3 | J81: － | L81: =+L79+1 -> 101 | N81: － | O81: － | P81: －
H83: =+H81 -> 1.3 | I83: =+E80-I80-H81 -> 1.15 | J83: =+E66 -> 1.3 | K83: =+F80 -> 0.755 | L83: =+L81+1 -> 102 | N83: =+G80*K83+G84*K84 -> 29.5 | O83: =+E67*N83 -> 120.48008 | P83: =+E70*O83 -> 240.96016
D84: ④ | E84: =+E21 -> 2.6 | F84: =+E84 -> 2.6 | G84: =+G21 -> 96 | I84: =+H83-I83 -> 0.15 | K84: =+I84 -> 0.15
H85: =+H83 -> 1.3 | J85: =+J83 -> 1.3 | L85: =+L83+1 -> 103 | N85: =+G84*J85 -> 124.8 | O85: =+E67*N85 -> 509.69199 | P85: =+E70*O85 -> 1019.384
H87: =+H85 -> 1.3 | I87: =+E84-I84-H85 -> 1.15 | J87: =+J85 -> 1.3 | K87: =+I87 -> 1.15 | L87: =+L85+1 -> 104 | N87: =+G84*K87+G88*K88 -> 122.04 | O87: =+E67*N87 -> 498.41996 | P87: =+E70*O87 -> 996.83992
D88: ⑤ | E88: =+E25 -> 0.6 | F88: =+E88 -> 0.6 | G88: =+G25 -> 77.6 | I88: =+H87-I87 -> 0.15 | K88: =+I88 -> 0.15
H89: =+H87 -> 1.3 | I89: =+E88-I88 -> 0.45 | J89: =+J87 -> 1.3 | K89: =+I89 -> 0.45 | L89: =+L87+1 -> 105 | N89: =+G88*K89+G90*K90 -> 157.32 | O89: =+E67*N89 -> 642.50596 | P89: =+E70*O89 -> 1285.0119
D90: ⑥ | E90: =+E27 -> 9.5 | F90: =+E90 -> 9.5 | G90: =+G27 -> 144 | I90: =+H89-I89 -> 0.85 | K90: =+I90 -> 0.85
H91: =+H89 -> 1.3 | J91: =+J89 -> 1.3 | L91: =+L89+1 -> 106 | N91: =+G90*J91 -> 187.2 | O91: =+E67*N91 -> 764.53799 | P91: =+E70*O91 -> 1529.076
H93: =+H91 -> 1.3 | J93: =+J91 -> 1.3 | L93: =+L91+1 -> 107 | N93: =+G90*J93 -> 187.2 | O93: =+E67*N93 -> 764.53799 | P93: =+E70*O93 -> 1529.076
H95: =+H93 -> 1.3 | J95: =+J93 -> 1.3 | L95: =+L93+1 -> 108 | N95: =+G90*J95 -> 187.2 | O95: =+E67*N95 -> 764.53799 | P95: =+E70*O95 -> 1529.076
H97: =+H95 -> 1.3 | J97: =+J95 -> 1.3 | L97: =+L95+1 -> 109 | N97: =+G90*J97 -> 187.2 | O97: =+E67*N97 -> 764.53799 | P97: =+E70*O97 -> 1529.076
H99: =+H97 -> 1.3 | J99: =+J97 -> 1.3 | L99: =+L97+1 -> 110 | N99: =+G90*J99 -> 187.2 | O99: =+E67*N99 -> 764.53799 | P99: =+E70*O99 -> 1529.076
H101: =+H99 -> 1.3 | J101: =+J99 -> 1.3 | L101: =+L99+1 -> 111 | N101: =+G90*J101 -> 187.2 | O101: =+E67*N101 -> 764.53799 | P101: =+E70*O101 -> 1529.076
H103: =+H101 -> 1.3 | I103: =+E90-I90-H91-H93-H95-H97-H99-H101 -> 0.85 | J103: =+J101 -> 1.3 | K103: =+I103 -> 0.85 | L103: =+L101+1 -> 112 | N103: =+G90*K103+G104*K104 -> 138.24 | O103: =+E67*N103 -> 564.5819 | P103: =+E70*O103 -> 1129.1638
D104: ⑦ | E104: =+E41 -> 12.6 | F104: =+E104-E66 -> 11.3 | G104: =+G41 -> 35.2 | I104: =+H105-I103 -> 0.45 | K104: =+I104 -> 0.45
H105: =+H103 -> 1.3 | J105: =+J103 -> 1.3 | L105: =+L103+1 -> 113 | N105: =+G104*J105 -> 45.76 | O105: =+E67*N105 -> 186.88706 | P105: =+E70*O105 -> 373.77413
H107: =+H105 -> 1.3 | J107: =+J105 -> 1.3 | L107: =+L105+1 -> 114 | N107: =+G104*J107 -> 45.76 | O107: =+E67*N107 -> 186.88706 | P107: =+E70*O107 -> 373.77413
H109: =+H107 -> 1.3 | J109: =+J107 -> 1.3 | L109: =+L107+1 -> 115 | N109: =+G104*J109 -> 45.76 | O109: =+E67*N109 -> 186.88706 | P109: =+E70*O109 -> 373.77413
H111: =+H109 -> 1.3 | J111: =+J109 -> 1.3 | L111: =+L109+1 -> 116 | N111: =+G104*J111 -> 45.76 | O111: =+E67*N111 -> 186.88706 | P111: =+E70*O111 -> 373.77413
H113: =+H111 -> 1.3 | J113: =+J111 -> 1.3 | L113: =+L111+1 -> 117 | N113: =+G104*J113 -> 45.76 | O113: =+E67*N113 -> 186.88706 | P113: =+E70*O113 -> 373.77413
H115: =+H113 -> 1.3 | J115: =+J113 -> 1.3 | L115: =+L113+1 -> 118 | N115: =+G104*J115 -> 45.76 | O115: =+E67*N115 -> 186.88706 | P115: =+E70*O115 -> 373.77413
H117: =+H115 -> 1.3 | J117: =+J115 -> 1.3 | L117: =+L115+1 -> 119 | N117: =+G104*J117 -> 45.76 | O117: =+E67*N117 -> 186.88706 | P117: =+E70*O117 -> 373.77413
H119: =+H117 -> 1.3 | J119: =+J117 -> 1.3 | L119: =+L117+1 -> 120 | N119: =+G104*J119 -> 45.76 | O119: =+E67*N119 -> 186.88706 | P119: =+E70*O119 -> 373.77413
H121: =+H58 -> 1.2 | J121: =+F104-K104-J105-J107-J109-J111-J113-J115-J117-J119 -> 0.45 | L121: =+L119+1 -> 121 | N121: =+G104*J121 -> 15.84 | O121: =+E67*N121 -> 64.691676 | P121: =+E70*O121 -> 129.38335
H123: =+E104-I104-H105-H107-H109-H111-H113-H115-H117-H119-H121 -> 0.55 | J123: － | L123: =+L121+1 -> 122 | N123: － | O123: － | P123: －
D124: Σ | E124: =SUM(E76:E123) -> 31 | F124: =SUM(F76:F123) -> 24.755 | H124: =SUM(H75:H123) -> 31 | J124: =SUM(J81:J122) -> 25.15

Sheet 杭先端のばね定数（節点ばね）
C2: 3) | D2: 杭先端のばね定数（節点ばね）
E3: 節点番号 | F3: 杭先端の鉛直地盤ばね定数 | S3: 節点番号 | T3: 拘束方向 | U3: 第1勾配 | X3: 第2勾配 | AA3: 第3勾配 | AB3: 第1勾配 | AC3: 第2勾配 | AD3: 第3勾配
F4: Ktv(kN/m) | U4: 鉛直ばね | V4: 制限値 | X4: 鉛直ばね | Y4: 制限値 | AA4: 鉛直ばね | AB4: 鉛直ばね | AC4: 鉛直ばね | AD4: 鉛直ばね
F5: 短期（第１勾配） | G5: 短期（第２勾配） | U5: ＋側 | V5: ＋側 | W5: －側 | X5: ＋側 | Y5: ＋側 | Z5: －側 | AA5: ＋側 | AB5: －側 | AC5: －側 | AD5: －側
D6: 4P(左) | E6: 41 | F6: 218048 | G6: 58945 | S6: =+E6 -> 41 | T6: Y | U6: =+F6 -> 218048 | V6: =+先端支持力!F6 -> 4778.4 | X6: =+G6 -> 58945 | Y6: =+先端支持力!G6 -> 11149.5 | AA6: =+X6 -> 58945 | AB6: =+U6 -> 218048 | AC6: =+X6 -> 58945 | AD6: =+AA6 -> 58945
E7: 66 | F7: 109024 | G7: 29473 | S7: =+E7 -> 66 | T7: Y | U7: =+F7 -> 109024 | V7: =+先端支持力!F7 -> 2389.2 | X7: =+G7 -> 29473 | Y7: =+先端支持力!G7 -> 5574.8 | AA7: =+X7 -> 29473 | AB7: =+U7 -> 109024 | AC7: =+X7 -> 29473 | AD7: =+AA7 -> 29473
E8: 91 | F8: =+F6 -> 218048 | G8: =+G6 -> 58945 | S8: =+E8 -> 91 | T8: Y | U8: =+F8 -> 218048 | V8: =+先端支持力!F8 -> 4778.4 | X8: =+G8 -> 58945 | Y8: =+先端支持力!G8 -> 11149.5 | AA8: =+X8 -> 58945 | AB8: =+U8 -> 218048 | AC8: =+X8 -> 58945 | AD8: =+AA8 -> 58945
D9: 4P(右) | E9: 122 | F9: 327072 | G9: 88418 | S9: =+E9 -> 122 | T9: Y | U9: =+F9 -> 327072 | V9: =+先端支持力!F9 -> 7167.5 | X9: =+G9 -> 88418 | Y9: =+先端支持力!G9 -> 16724.3 | AA9: =+X9 -> 88418 | AB9: =+U9 -> 327072 | AC9: =+X9 -> 88418 | AD9: =+AA9 -> 88418
E10: 147 | F10: 218048 | G10: 58945 | S10: =+E10 -> 147 | T10: Y | U10: =+F10 -> 218048 | V10: =+先端支持力!F10 -> 4778.4 | X10: =+G10 -> 58945 | Y10: =+先端支持力!G10 -> 11149.5 | AA10: =+X10 -> 58945 | AB10: =+U10 -> 218048 | AC10: =+X10 -> 58945 | AD10: =+AA10 -> 58945
E11: 172 | F11: =+F9 -> 327072 | G11: =+G9 -> 88418 | S11: =+E11 -> 172 | T11: Y | U11: =+F11 -> 327072 | V11: =+先端支持力!F11 -> 7167.5 | X11: =+G11 -> 88418 | Y11: =+先端支持力!G11 -> 16724.3 | AA11: =+X11 -> 88418 | AB11: =+U11 -> 327072 | AC11: =+X11 -> 88418 | AD11: =+AA11 -> 88418

Sheet 先端支持力
C2: (6) | D2: 先端支持力
E3: 節点番号 | F3: 杭先端の鉛直地盤支持力
F4: (kN)
F5: 降伏点 | G5: 終局点
D6: 4P(左) | E6: 41 | F6: 4778.4 | G6: 11149.5
E7: 66 | F7: 2389.2 | G7: 5574.8
E8: 91 | F8: =+F6 -> 4778.4 | G8: =+G6 -> 11149.5
D9: 4P(右) | E9: 122 | F9: 7167.5 | G9: 16724.3
E10: 147 | F10: 4778.4 | G10: 11149.5
E11: 172 | F11: =+F9 -> 7167.5 | G11: =+G9 -> 16724.3
