Workbook
Name ___evp1: [1]ESピット!#REF!
Name ___evp2: [2]外房⑥ESピット!#REF!
Name ___evp3: '[3]２．EVピット'!#REF!
Name _C66093: #REF!
Name _C69093: #REF!
Name _C71093: #REF!
Name _C91093: #REF!
Name _evp22: #REF!
Name \: '[7]C5-基本計算（常時）'!#REF!
Name \\: '[7]C5-基本計算（常時）'!#REF!
Name \a: #REF!
Name \d: #N/A
Name \m: #REF!
Name \p: #N/A
Name \r: #REF!
Name \z: #REF!
Name §１: #REF!
Name a: [8]基本ﾃﾞｰﾀｼｰﾄ!$C$25
Name a: [8]基本ﾃﾞｰﾀｼｰﾄ!$C$25
Name a: [8]基本ﾃﾞｰﾀｼｰﾄ!$C$25
Name a: '[9]§３.（発進）平行'!$C$7
Name A111111111111: #REF!
Name aa: '[7]C5-基本計算（常時）'!#REF!
Name aaa: [10]設計条件!$C$13
Name ag: [11]せん断弾性波速度!$D$9
Name arufa: #REF!
Name Ａ通り側壁: #REF!
Name b: [8]基本ﾃﾞｰﾀｼｰﾄ!$C$27
Name basew: [10]設計条件!$C$13
Name bbb: [10]設計条件!$C$14
Name beeta: #REF!
Name C_ｽﾊﾟﾝ: '[7]C5-基本計算（常時）'!#REF!
Name C_ｽﾊﾟﾝ: '[7]C5-基本計算（常時）'!#REF!
Name C_ｽﾊﾟﾝ: '[7]C5-基本計算（常時）'!#REF!
Name C_ｽﾊﾟﾝ: '[12]C3-基本1'!$AF$53
Name C_ｽﾊﾟﾝL: '[7]C5-基本計算（常時）'!#REF!
Name C_ｽﾊﾟﾝR: '[7]C5-基本計算（常時）'!#REF!
Name ccc: [2]外房⑥ESピット!#REF!
Name DATA: '[9]§４.（発進）擁壁横、松戸'!$A$1:$IV$65536
Name DATA1: #REF!
Name DATA保存: #REF!
Name ddd: #REF!
Name df: [10]設計条件!$C$14
Name dgdkgkgk: [13]固死!#REF!
Name dghkdghkdg: '[7]C5-基本計算（常時）'!#REF!
Name dgkd: '[7]C5-基本計算（常時）'!#REF!
Name dgkdgkdg: [13]固死!#REF!
Name dgkhkdgkg: [13]固死!#REF!
Name dgkhkhgkgdh: '[7]C5-基本計算（常時）'!#REF!
Name djyfurur: '[7]C5-基本計算（常時）'!#REF!
Name dkgdghkry: '[7]C5-基本計算（常時）'!#REF!
Name e: [8]基本ﾃﾞｰﾀｼｰﾄ!$C$29
Name EA17W2: [14]列車荷重等値等分布荷重!$F$7:$I$18
Name EA17W2l: [14]列車荷重等値等分布荷重!$F$7:$F$18
Name EA17W2S: [14]列車荷重等値等分布荷重!$F$7:$I$7
Name ee: '[15]×構造計算 (表層厚66.50m)'!$K$334
Name eee: '[15]×構造計算 (表層厚66.50m)'!$H$322
Name eie6iyre: '[7]C5-基本計算（常時）'!#REF!
Name eiue6rre6: '[7]C5-基本計算（常時）'!#REF!
Name Excel_BuiltIn__FilterDatabase_4: #REF!

Sheet 表紙
C3: 研開構 第１７６号
C7: （26債）新幹線構造物の地震時応答特性解析
C15: 特 殊 構 造 物 検 討 書
C17: 【今町橋りょう4P】
K34: 2026年 10月
K37: 照査技術者 | O37: 主任技術者 | S37: 照 査 者 | W37: 設 計 者
C44: 東日本旅客鉄道株式会社 JR東日本研究開発センター
C46: ジェイアール東日本コンサルタンツ株式会社

Sheet 目次
A1: ― 目 次 ―
AB3: 頁
A5: §1.設計の目的及び一般条件 | L5: ------------------------------------------------------------------------------------------------------------ | AB5: 1 | AC5: － | AD5: 1
C6: 1. | D6: 設計の目的 | I6: ------------------------------------------------------------------------------------------------------------ | AB6: 1 | AC6: － | AD6: 1
C7: 2. | D7: 適用基準及び使用プログラム | N7: ------------------------------------------------------------------------------------------------------------ | AB7: 1 | AC7: － | AD7: 1
C8: 3. | D8: 一般条件 | H8: ------------------------------------------------------------------------------------------------------------ | AB8: 1 | AC8: － | AD8: 2
C9: 4. | D9: 設計作用 | H9: ------------------------------------------------------------------------------------------------------------ | AB9: 1 | AC9: － | AD9: 3
C10: 5. | D10: 地盤条件 | H10: ------------------------------------------------------------------------------------------------------------ | AB10: 1 | AC10: － | AD10: 4
C11: 6. | D11: 上部工荷重 | I11: ------------------------------------------------------------------------------------------------------------ | AB11: 1 | AC11: － | AD11: 4
A13: §2.設計総括表 | H13: ------------------------------------------------------------------------------------------------------------ | AB13: 2 | AC13: － | AD13: 1
A15: §3.線路直角方向の検討 | K15: ------------------------------------------------------------------------------------------------------------ | AB15: 3 | AC15: － | AD15: 1
C16: 1. | D16: 基本計算 | H16: ------------------------------------------------------------------------------------------------------------ | AB16: 3 | AC16: － | AD16: 1 | AE16: ～ | AF16: =+AD17-1 -> 38
C17: 2. | D17: 地盤のモデル化 | J17: ------------------------------------------------------------------------------------------------------------ | AB17: 3 | AC17: － | AD17: 39 | AE17: ～ | AF17: =+AD18-1 -> 116
C18: 3. | D18: 荷重計算 | H18: ------------------------------------------------------------------------------------------------------------ | AB18: 3 | AC18: － | AD18: 117 | AE18: ～ | AF18: =+AD19-1 -> 119
C19: 4. | D19: 荷重図 | H19: ------------------------------------------------------------------------------------------------------------ | AB19: 3 | AC19: － | AD19: 120 | AE19: ～ | AF19: =+AD20-1 -> 125
C20: 5. | D20: 組合せ | H20: ------------------------------------------------------------------------------------------------------------ | AB20: 3 | AC20: － | AD20: 126
C21: 6. | D21: 解析条件 | H21: ------------------------------------------------------------------------------------------------------------ | AB21: 3 | AC21: － | AD21: 127
C22: 7. | D22: 解析結果 | H22: ------------------------------------------------------------------------------------------------------------ | AB22: 3 | AC22: － | AD22: 128 | AE22: ～ | AF22: =+AD23-1 -> 173
C23: 8. | D23: JRSNAP 入力データ出力 | L23: ------------------------------------------------------------------------------------------------------------ | AB23: 3 | AC23: － | AD23: 174 | AE23: ～ | AF23: 224
A25: §4.財産図 | AB25: 4 | AC25: － | AD25: 1 | AE25: ～ | AF25: 6

Sheet §1.設計の目的及び一般条件
B2: §1.設計の目的及び一般条件
C4: 1.設計の目的
D6: 高架橋の土木構造物の地震時応答を算出するには，個々の土木構造物が有する固有周期等
D7: の特性値が必要である．本件では，上越新幹線構造物について，財産図および地質柱状図の
D8: 情報に基づく構造解析モデルを作成し，等価固有周期と降伏震度を算定する．
C10: 2.適用基準及び使用プログラム
D12: 2.1 設計標準
E14: ・ | F14: 鉄道構造物等設計標準（コンクリート構造物）【 平成16年 4月版 】 | AF14: ・ | AG14: 鉄道構造物等設計標準（土構造物）【 平成19年 1月版 】 | BE14: [ 本建第45号 平成21年 7月 ]
AD15: [ 本建第463号 平成17年 3月 ] | AH15: ⇒ | AI15: 【 土標準 】と略記
G16: ⇒ | H16: 【 RC標準 】と略記
E18: ・ | F18: 鉄道構造物等設計標準（鋼・合成構造物）【 平成21年 7月版 】
AD19: [ 本建第304号 平成21年 7月 ]
G20: ⇒ | H20: 【 鋼標準 】と略記
E22: ・ | F22: 鉄道構造物等設計標準（基礎構造物）【 平成24年 1月版 】
AD23: [ 本建第504号 平成26年 3月 ]
G24: ⇒ | H24: 【 基礎標準(H24) 】と略記
E26: ・ | F26: 鉄道構造物等設計標準（耐震設計）【 平成24年 9月版 】
AD27: [ 本建第501号 平成26年 3月 ]
G28: ⇒ | H28: 【 耐震標準 】と略記
E30: ・ | F30: 鉄道構造物等設計標準（変位制限）【 平成18年 2月版 】
AD31: [ 本建第123号 平成19年 6月 ]
G32: ⇒ | H32: 【 変位標準 】と略記
D34: 2.2 手引き
E36: ・ | F36: 鉄道構造物等設計標準（耐震設計）【 平成24年版 】橋梁および高架橋耐震照査の手引き
AD37: [ 鉄道総研 平成29年 3月 ]
G38: ⇒ | H38: 【 耐震照査の手引き 】と略記
E40: ・ | F40: 鉄道構造物等設計標準（基礎構造物）【 平成24年版 】基礎構造物の性能照査の手引き
AD41: [ 鉄道総研 平成30年 7月 ]
G42: ⇒ | H42: 【 基礎照査の手引き 】と略記
E44: ・ | F44: 鉄道構造物等設計標準（基礎構造物）【 平成24年 1月版 】杭体設計の手引き
AD45: [ 鉄道総研 平成27年10月 ]
G46: ⇒ | H46: 【 杭体の手引き 】と略記
D48: 2.3 使用プログラム
F50: JRSNAP Ver.5.2-L03：公益財団法人 鉄道総合技術研究所
C54: 3.一般条件
D56: ・ | E56: 線名 | H56: ： | I56: 上越新幹線
D57: ・ | E57: 構造形式 | H57: ： | I57: ＲＣ馬桁式橋脚
D58: ・ | E58: 軌道構造 | H58: ： | I58: 直結軌道
D59: ・ | E59: 基礎形式 | H59: ： | I59: 杭基礎φ1300 (オールケーシング工法)
C63: 4.設計作用
D65: 荷重の考え方、モデル化等については以下に準ずる。
D66: ・鉄道構造物等設計標準・同解説 設計計算例 RCラーメン高架橋（平成25年3月）
D67: （公益社団法人鉄道総合技術研究所 鉄道技術推進センター）
D69: 上記と異なる条件について以下に記載する.
D70: ・ | E70: 列車荷重は常時、地震時ともに考慮しない.
D71: ・ | E71: 既設高架橋の固有周期算出を目的とするため、安全係数はすべて1.0とする.
E72: (モデル化におけるY点上昇係数は0.9とする)
D73: ・ | E73: 電車線柱荷重は考慮しない.
D74: ・ | E74: 調整桁反力等は、図面に設計荷重の記載がある場合、新たに算出はせずに記載の値を
E75: 使用するものとする.
D76: ・ | E76: 版上荷重(軌道重量、地覆、高欄等)はＰＣ桁上の載荷位置に応じて分担した反力が
E77: 作用し、上部工慣性力は分担した反力分の水平力が作用するものとする.
D78: ・ | E78: ＰＣ桁は重量を2等分した反力がそれぞれ作用する.支承は半固定とし、上部工慣性力
E79: は0.5Wが作用するものとする.（W：PC桁重量）
E80: 以下に、本構造物の支承条件および慣性力作用のイメージ図を示す.
AJ83: 1.1.2 152k477 第一湯元橋りょう（G2地盤，S=33(<50)）
C103: 5.地盤条件
C136: 6.上部工荷重
D138: 上部工荷重は、「上部工反力の計算」より以下に示す.
D140: PC桁 | G140: PC6主桁 | K140: L＝ | L140: 27 | N140: m | Q140: ΣRd＝ | R140: 9800 | U140: kN
D142: 馬桁 | G142: SRC | K142: L＝ | L142: 34.7 | N142: m | Q142: ΣRd＝ | R142: 4234.9 | U142: kN

Sheet §2.設計総括表
A2: §2.設計総括表
C4: 解析ケース | D4: Case | F4: 1 | G4: 2
D5: 名称 | F5: ρm＝1.0,αf＝1.0 右押し(→) | G5: ρm＝1.0,αf＝1.0 左押し(←)
D6: αf | F6: 1 | G6: 1
D7: ρm | F7: 1 | G7: 1
C8: 降伏点 | D8: 初期降伏震度 | E8: Khy | F8: 0.25 | G8: 0.255
D9: 全体系折曲点震度 | E9: Kheq | F9: 0.273 | G9: 0.276
D10: 降伏変位 | E10: δeq(mm) | F10: 41.5 | G10: 42.2
D11: 降伏個所 | F11: 左く体・損傷レベル | G11: 左く体・損傷レベル
D12: 等価固有周期 | E12: Teq(sec) | F12: 0.78 | G12: 0.782
C13: 復旧性 | D13: 応答塑性率 | E13: μ | F13: 7.04 | G13: 6.93
D14: 最大応答変位 | E14: δmax(mm) | F14: =+F13*F10 -> 292.16 | G14: =+G13*G10 -> 292.446
D15: 最大応答震度 | E15: Khmax | F15: 0.297 | G15: 0.297
D16: L1地震動 | E16: KhL1 | F16: 0.378 | G16: 0.378
C17: 安全性 | D17: 応答塑性率 | E17: μ | F17: 9.29 | G17: 9.16
D18: 最大応答変位 | E18: δmax(mm) | F18: =+F17*F10 -> 385.535 | G18: =+G17*G10 -> 386.552
D19: 最大応答震度 | E19: Khmax | F19: =+F15 -> 0.297 | G19: =+G15 -> 0.297

Sheet §3.線路直角方向の計算
A2: §3.線路直角方向の計算
B4: 1.基本計算
C6: (1) | D6: 構造解析モデル
D8: Case1 | G8: ρm＝1.0,αf＝1.0 右押し（→）
D12: Case2 | G12: ρm＝1.0,αf＝1.0 左押し（←）
C14: ※ | D14: Case1に対して異なるデータのみ記載する。

Sheet 断面積および断面二次モーメント
C2: (2) | D2: 断面積および断面二次モーメント
C4: 1) | D4: 馬桁
E6: A | F6: ＝ | G6: ∞ | I6: m2 | L6: I | M6: ＝ | N6: ∞ | P6: m4 | R6: （剛域）
C8: 2) | D8: く体(4P左)
E10: A | F10: ＝ | G10: 8 | J10: × | K10: 1.7 | S10: ＝ | T10: =+ROUND(G10*K10,3) -> 13.6 | W10: m2
E12: I | F12: ＝ | G12: 0.083333333 | J12: × | K12: =+G10 -> 8 | N12: × | O12: =+K10 -> 1.7 | R12: 3 | S12: ＝ | T12: =+ROUND(G12*K12*O12^R12,5) -> 3.27533 | W12: m4
C14: 3) | D14: く体(4P右)
E16: A | F16: ＝ | G16: 8 | J16: × | K16: 2 | S16: ＝ | T16: =+ROUND(G16*K16,3) -> 16 | W16: m2
E18: I | F18: ＝ | G18: 0.083333333 | J18: × | K18: =+G16 -> 8 | N18: × | O18: =+K16 -> 2 | R18: 3 | S18: ＝ | T18: =+ROUND(G18*K18*O18^R18,5) -> 5.33333 | W18: m4
C20: 4) | D20: フーチング
E22: A | F22: ＝ | G22: ∞ | I22: m2 | L22: I | M22: ＝ | N22: ∞ | P22: m4 | R22: （剛域）
C24: ※ | D24: 軸線重心位置
N25: (4P左)
N26: =SUM(J27:T27) -> 8
J27: 3.05 | N27: 1.9 | R27: =+J27 -> 3.05
E29: 0.7
I30: ① | N30: ② | Q30: ③
E32: 2.1 | I32: ④
E37: 計算式 | Q37: A(m2) | T37: y(m) | W37: A･y(m3)
E38: ① | F38: 0.5 | I38: × | J38: =+J27 -> 3.05 | M38: × | N38: =+E29 -> 0.7 | Q38: =+ROUND(F38*J38*N38,3) -> 1.068 | T38: =+ROUND(E32+E29/3,3) -> 2.333 | W38: =+ROUND(Q38*T38,3) -> 2.492
E39: ② | F39: =+N27 -> 1.9 | I39: × | J39: =+E29 -> 0.7 | Q39: =+ROUND(F39*J39,3) -> 1.33 | T39: =+ROUND(E32+E29/2,3) -> 2.45 | W39: =+ROUND(Q39*T39,3) -> 3.259
E40: ③ | F40: 0.5 | I40: × | J40: =+R27 -> 3.05 | M40: × | N40: =+E29 -> 0.7 | Q40: =+ROUND(F40*J40*N40,3) -> 1.068 | T40: =+ROUND(E32+E29/3,3) -> 2.333 | W40: =+ROUND(Q40*T40,3) -> 2.492
E41: ④ | F41: =+N26 -> 8 | I41: × | J41: =+E32 -> 2.1 | Q41: =+ROUND(F41*J41,3) -> 16.8 | T41: =+ROUND(E32/2,3) -> 1.05 | W41: =+ROUND(Q41*T41,3) -> 17.64
E42: Σ | Q42: =SUM(Q38:S41) -> 20.266 | W42: =SUM(W38:Z41) -> 25.883
E44: yG | G44: ＝ | H44: A･y | J44: ＝ | K44: =+W42 -> 25.883 | N44: ＝ | O44: =+ROUND(K44/K45,2) -> 1.28 | R44: m
H45: A | K45: =+Q42 -> 20.266
N49: (4P右)
N50: =SUM(J51:T51) -> 10
J51: 3.9 | N51: 2.2 | R51: =+J51 -> 3.9
E53: 0.7
I54: ① | N54: ② | Q54: ③
E56: 2.1 | I56: ④
E61: 計算式 | Q61: A(m2) | T61: y(m) | W61: A･y(m3)
E62: ① | F62: 0.5 | I62: × | J62: =+J51 -> 3.9 | M62: × | N62: =+E53 -> 0.7 | Q62: =+ROUND(F62*J62*N62,3) -> 1.365 | T62: =+ROUND(E56+E53/3,3) -> 2.333 | W62: =+ROUND(Q62*T62,3) -> 3.185
E63: ② | F63: =+N51 -> 2.2 | I63: × | J63: =+E53 -> 0.7 | Q63: =+ROUND(F63*J63,3) -> 1.54 | T63: =+ROUND(E56+E53/2,3) -> 2.45 | W63: =+ROUND(Q63*T63,3) -> 3.773
E64: ③ | F64: 0.5 | I64: × | J64: =+R51 -> 3.9 | M64: × | N64: =+E53 -> 0.7 | Q64: =+ROUND(F64*J64*N64,3) -> 1.365 | T64: =+ROUND(E56+E53/3,3) -> 2.333 | W64: =+ROUND(Q64*T64,3) -> 3.185
E65: ④ | F65: =+N50 -> 10 | I65: × | J65: =+E56 -> 2.1 | Q65: =+ROUND(F65*J65,3) -> 21 | T65: =+ROUND(E56/2,3) -> 1.05 | W65: =+ROUND(Q65*T65,3) -> 22.05
E66: Σ | Q66: =SUM(Q62:S65) -> 25.27 | W66: =SUM(W62:Z65) -> 32.193
E68: yG | G68: ＝ | H68: A･y | J68: ＝ | K68: =+W66 -> 32.193 | N68: ＝ | O68: =+ROUND(K68/K69,2) -> 1.27 | R68: m
H69: A | K69: =+Q66 -> 25.27
C71: 5) | D71: 杭(4P左)(1,3列目)
V74: 奥行き本数
N75: A | O75: ＝ | P75: 4 | R75: × | S75: =G81 -> 1.3 | U75: 2 | V75: × | W75: 2 | Y75: ＝ | Z75: =ROUND(PI()/P75*S75^U75*W75,3) -> 2.655 | AC75: m2
V76: 奥行き本数
N77: I | O77: ＝ | P77: 64 | R77: × | S77: =S75 -> 1.3 | U77: 4 | V77: × | W77: =W75 -> 2 | Y77: ＝ | Z77: =ROUND(PI()/P77*S77^U77*W77,5) -> 0.2804 | AC77: m4
N79: 今設計では、公称径＝設計径とする.
G80: 1.3
G81: =+G80 -> 1.3
C83: 6) | D83: 杭(4P左)(2列目)
V86: 奥行き本数
N87: A | O87: ＝ | P87: 4 | R87: × | S87: =G93 -> 1.3 | U87: 2 | V87: × | W87: 1 | Y87: ＝ | Z87: =ROUND(PI()/P87*S87^U87*W87,3) -> 1.327 | AC87: m2
V88: 奥行き本数
N89: I | O89: ＝ | P89: 64 | R89: × | S89: =S87 -> 1.3 | U89: 4 | V89: × | W89: =W87 -> 1 | Y89: ＝ | Z89: =ROUND(PI()/P89*S89^U89*W89,5) -> 0.1402 | AC89: m4
N91: 今設計では、公称径＝設計径とする.
G92: =+G80 -> 1.3
G93: =+G81 -> 1.3
C97: 7) | D97: 杭(4P右)(1,3列目)
V100: 奥行き本数
N101: A | O101: ＝ | P101: 4 | R101: × | S101: =G107 -> 1.3 | U101: 2 | V101: × | W101: 3 | Y101: ＝ | Z101: =ROUND(PI()/P101*S101^U101*W101,3) -> 3.982 | AC101: m2
V102: 奥行き本数
N103: I | O103: ＝ | P103: 64 | R103: × | S103: =S101 -> 1.3 | U103: 4 | V103: × | W103: =W101 -> 3 | Y103: ＝ | Z103: =ROUND(PI()/P103*S103^U103*W103,5) -> 0.4206 | AC103: m4
N105: 今設計では、公称径＝設計径とする.
G106: 1.3
G107: =+G106 -> 1.3
C109: 8) | D109: 杭(4P右)(2列目)
V112: 奥行き本数
N113: A | O113: ＝ | P113: 4 | R113: × | S113: =G119 -> 1.3 | U113: 2 | V113: × | W113: 2 | Y113: ＝ | Z113: =ROUND(PI()/P113*S113^U113*W113,3) -> 2.655 | AC113: m2
V114: 奥行き本数
N115: I | O115: ＝ | P115: 64 | R115: × | S115: =S113 -> 1.3 | U115: 4 | V115: × | W115: =W113 -> 2 | Y115: ＝ | Z115: =ROUND(PI()/P115*S115^U115*W115,5) -> 0.2804 | AC115: m4
N117: 今設計では、公称径＝設計径とする.
G118: =+G106 -> 1.3
G119: =+G107 -> 1.3

Sheet コンクリートの弾性係数
C2: (3) | D2: コンクリートの弾性係数
C4: 1) | D4: く体
D6: ・ | E6: 設計基準強度 | K6: ： | L6: f'ck | N6: ＝ | O6: 21 | Q6: N/mm2 | S6: （財産図より） | AK6: 性能照査
AK7: コンクリート強度 | AL7: 設計圧縮強度 | AM7: 設計引張強度 | AN7: 設計付着強度 | AO7: ヤング係数 | AP7: コンクリート強度 | AQ7: 設計圧縮強度 | AR7: 設計引張強度 | AS7: 設計付着強度
D8: ・ | E8: ヤング係数 | K8: ： | L8: Ec | N8: ＝ | O8: =VLOOKUP(O6,AK9:AT15,5) -> 23.5 | Q8: × | R8: 106 | T8: kN/m2 | AK8: γc=1.0の場合 | AL8: f'cd | AM8: ftd | AN8: fbod | AO8: Eo(kN/mm2) | AP8: γc=1.3の場合 | AQ8: f'cd | AR8: ftd | AS8: fbod(N/mm2)
AK9: 18 | AL9: 18 | AM9: 1.6 | AN9: 1.9 | AO9: 22 | AP9: 18 | AQ9: 13.8 | AR9: 1.2 | AS9: 1.5
C10: 2) | D10: フーチング | AK10: 21 | AL10: 21 | AM10: 1.8 | AN10: 2.1 | AO10: 23.5 | AP10: 21 | AQ10: 16.2 | AR10: 1.3 | AS10: 1.6
AK11: 24 | AL11: 24 | AM11: 1.9 | AN11: 2.3 | AO11: 25 | AP11: 24 | AQ11: 18.5 | AR11: 1.5 | AS11: 1.8
D12: ・ | E12: 設計基準強度 | K12: ： | L12: f'ck | N12: ＝ | O12: 21 | Q12: N/mm2 | S12: （財産図より） | AK12: 27 | AL12: 27 | AM12: 2.1 | AN12: 2.5 | AO12: 26.5 | AP12: 27 | AQ12: 20.8 | AR12: 1.6 | AS12: 1.9
AK13: 30 | AL13: 30 | AM13: 2.2 | AN13: 2.7 | AO13: 28 | AP13: 30 | AQ13: 23.1 | AR13: 1.7 | AS13: 2.1
D14: ・ | E14: ヤング係数 | K14: ： | L14: Ec | N14: ＝ | O14: =VLOOKUP(O12,AK9:AT15,5) -> 23.5 | Q14: × | R14: 106 | T14: kN/m2 | AK14: 40 | AL14: 40 | AM14: 2.7 | AN14: 3.3 | AO14: 31 | AP14: 40 | AQ14: 30.8 | AR14: 2.1 | AS14: 2.5
AK15: 50 | AL15: 50 | AM15: 3.1 | AN15: 3.8 | AO15: 33
C16: 3) | D16: 杭
D18: ・ | E18: 設計基準強度 | K18: ： | L18: ｆ'ck | N18: ＝ | O18: 30 | Q18: N/mm2 | S18: （財産図より）
L19: ｆ'ck | N19: × | O19: ρc | R19: ＝ | S19: =O18 -> 30 | U19: × | V19: 0.7 | Y19: ＝ | Z19: =ROUND(S19*V19,1) -> 21 | AB19: N/mm2
D21: ・ | E21: ヤング係数 | K21: ： | L21: Ｅc | N21: ＝ | O21: =VLOOKUP(O18,AK9:AS15,5) -> 28 | Q21: × | R21: 106 | T21: kN/m2
L22: Ｅc | N22: × | O22: ρc | R22: ＝ | S22: =O21 -> 28 | U22: × | V22: 107 | X22: × | Y22: 0.8
R23: ＝ | S23: =ROUND(S22*Y22,2) -> 22.4 | U23: × | V23: 106 | X23: kN/m2
E25: ※1) | F25: ρc | G25: ： | H25: コンクリートの施工条件に関する施工修正係数
H26: 今設計では、水中施工・泥水比重管理条件なしとして設定する.

Sheet 材料非線形特性
C2: (4) | D2: 材料非線形特性
C4: 1) | D4: く体(4P左)
D21: 断面番号 | F21: b | I21: h | L21: 軸方向鉄筋 | U21: せん断補強鉄筋
L22: 部材上面 | O22: 鉄筋径 | R22: 本数 | U22: 鉄筋径 | X22: 本数 | AA22: 間隔
L23: からの
L24: 鉄筋位置
F25: (mm) | I25: (mm) | L25: (mm) | O25: (mm) | R25: (本) | U25: (mm) | X25: (本) | AA25: (mm)
D26: 1 | F26: 8000 | I26: 1700 | L26: 100 | O26: 19 | R26: 63 | U26: 13 | X26: 17 | AA26: 150 | AK26: 1 | AL26: =+L26 -> 100 | AM26: =+O26 -> 19 | AN26: =+R26 -> 63
L27: 350 | O27: 19 | R27: 2 | AK27: 2 | AL27: =+L27 -> 350 | AM27: =+O27 -> 19 | AN27: =+R27 -> 2
L28: =+L27+250 -> 600 | O28: 19 | R28: 2 | AK28: 3 | AL28: =+L28 -> 600 | AM28: =+O28 -> 19 | AN28: =+R28 -> 2
L29: =+L28+250 -> 850 | O29: 19 | R29: 2 | AK29: 4 | AL29: =+L29 -> 850 | AM29: =+O29 -> 19 | AN29: =+R29 -> 2
L30: =+L29+250 -> 1100 | O30: 19 | R30: 2 | AK30: 5 | AL30: =+L30 -> 1100 | AM30: =+O30 -> 19 | AN30: =+R30 -> 2
L31: =+L30+250 -> 1350 | O31: 19 | R31: 2 | AK31: 6 | AL31: =+L31 -> 1350 | AM31: =+O31 -> 19 | AN31: =+R31 -> 2
L32: =+L31+250 -> 1600 | O32: 19 | R32: 63 | AK32: 7 | AL32: =+L32 -> 1600 | AM32: =+O32 -> 19 | AN32: =+R32 -> 63
C36: 2) | D36: く体(4P右)
AL48: 13 | AM48: 126.7
AL49: 16 | AM49: 198.6
AL50: 19 | AM50: 286.5
AL51: 22 | AM51: 387.1
AL52: 25 | AM52: 506.7
AL53: 29 | AM53: 642.4
D54: 断面番号 | F54: b | I54: h | L54: 軸方向鉄筋 | U54: せん断補強鉄筋 | AL54: 32 | AM54: 794.2
L55: 部材上面 | O55: 鉄筋径 | R55: 本数 | U55: 鉄筋径 | X55: ※本数 | AA55: 間隔 | AL55: 38 | AM55: 1140
L56: からの
L57: 鉄筋位置
F58: (mm) | I58: (mm) | L58: (mm) | O58: (mm) | R58: (本) | U58: (mm) | X58: (本) | AA58: (mm)
D59: 2 | F59: 8000 | I59: 2000 | L59: 100 | O59: 29 | R59: 63 | U59: 19 | X59: =+R75 -> 12.397906 | AA59: 150 | AE59: ctc | AG59: 150 | AK59: 1 | AL59: =+L59 -> 100 | AM59: =+O59 -> 29 | AN59: =+R59 -> 63
L60: 400 | O60: 29 | R60: 2 | AE60: ctc | AG60: 150 | AK60: 2 | AL60: =+L60 -> 400 | AM60: =+O60 -> 29 | AN60: =+R60 -> 2
L61: =+L60+300 -> 700 | O61: 29 | R61: 2 | AK61: 3 | AL61: =+L61 -> 700 | AM61: =+O61 -> 29 | AN61: =+R61 -> 2
L62: =+L61+300 -> 1000 | O62: 29 | R62: 2 | AK62: 4 | AL62: =+L62 -> 1000 | AM62: =+O62 -> 29 | AN62: =+R62 -> 2
L63: =+L62+300 -> 1300 | O63: 29 | R63: 2 | AK63: 5 | AL63: =+L63 -> 1300 | AM63: =+O63 -> 29 | AN63: =+R63 -> 2
L64: =+L63+300 -> 1600 | O64: 29 | R64: 2 | AK64: 6 | AL64: =+L64 -> 1600 | AM64: =+O64 -> 29 | AN64: =+R64 -> 2
L65: =+L64+300 -> 1900 | O65: 29 | R65: 63 | AK65: 7 | AL65: =+L65 -> 1900 | AM65: =+O65 -> 29 | AN65: =+R65 -> 63
F67: ※ | G67: せん断補強鉄筋
G68: 19 | I68: － | J68: 2 | L68: 本 | M68: ＝ | N68: =+SUMIF(AL48:AL55,G68,AM48:AM55) -> 286.5 | Q68: × | R68: =+J68 -> 2 | T68: ＝ | U68: =+N68*R68 -> 573 | X68: mm2
G69: 16 | I69: － | J69: 15 | L69: 本 | M69: ＝ | N69: =+SUMIF(AL48:AL55,G69,AM48:AM55) -> 198.6 | Q69: × | R69: =+J69 -> 15 | T69: ＝ | U69: =+N69*R69 -> 2979 | X69: mm2
S72: Σ | T72: ＝ | U72: =SUM(U68:W69) -> 3552 | X72: mm2
G74: 19 | I74: に換算
G75: n | I75: ＝ | J75: =+U72 -> 3552 | M75: / | N75: =+SUMIF(AL48:AL55,G74,AM48:AM55) -> 286.5 | Q75: ＝ | R75: =+J75/N75 -> 12.397906 | U75: 本
C79: 3) | D79: 杭①(4P左)
D92: 断面番号 | F92: D | I92: 軸方向鉄筋 | R92: せん断補強鉄筋 | AA92: 備考
I93: かぶり | L93: 鉄筋径 | O93: 本数 | R93: 鉄筋径 | U93: 本数 | X93: 間隔
AL94: =+I97 -> 161 | AM94: =+L97 -> 32 | AN94: =+O97 -> 20
AL95: =+I98 -> 193 | AM95: =+L98 -> 32 | AN95: =+O98 -> 20
F96: (mm) | I96: (mm) | L96: (mm) | O96: (本) | R96: (mm) | U96: (本) | X96: (mm)
D97: 3 | F97: 1300 | I97: 161 | L97: 32 | O97: 20 | R97: 16 | U97: 2 | X97: 125 | AA97: 杭頭～杭頭+2625
I98: 193 | L98: 32 | O98: 20
C101: 4) | D101: 杭②(4P左)
D103: 断面番号 | F103: D | I103: 軸方向鉄筋 | R103: せん断補強鉄筋 | AA103: 備考
I104: かぶり | L104: 鉄筋径 | O104: 本数 | R104: 鉄筋径 | U104: 本数 | X104: 間隔
AL105: =+I108 -> 161 | AM105: =+L108 -> 32 | AN105: =+O108 -> 20
AL106: =+I109 -> 193 | AM106: =+L109 -> 32 | AN106: =+O109 -> 20
F107: (mm) | I107: (mm) | L107: (mm) | O107: (本) | R107: (mm) | U107: (本) | X107: (mm)
D108: 4 | F108: 1300 | I108: 161 | L108: 32 | O108: 20 | R108: 16 | U108: 2 | X108: 150 | AA108: 杭頭+2625～10000
I109: 193 | L109: 32 | O109: 20
C113: 5) | D113: 杭③(4P左)
D125: 断面番号 | F125: D | I125: 軸方向鉄筋 | R125: せん断補強鉄筋 | AA125: 備考
I126: かぶり | L126: 鉄筋径 | O126: 本数 | R126: 鉄筋径 | U126: 本数 | X126: 間隔
AL127: =+I130 -> 161 | AM127: =+L130 -> 32 | AN127: =+O130 -> 20
F129: (mm) | I129: (mm) | L129: (mm) | O129: (本) | R129: (mm) | U129: (本) | X129: (mm)
D130: 5 | F130: 1300 | I130: 161 | L130: 32 | O130: 20 | R130: 16 | U130: 2 | X130: 200 | AA130: 杭頭+10000～17500
C133: 6) | D133: 杭④(4P左)
D146: 断面番号 | F146: D | I146: 軸方向鉄筋 | R146: せん断補強鉄筋 | AA146: 備考
I147: かぶり | L147: 鉄筋径 | O147: 本数 | R147: 鉄筋径 | U147: 本数 | X147: 間隔
F150: (mm) | I150: (mm) | L150: (mm) | O150: (本) | R150: (mm) | U150: (本) | X150: (mm)
D151: 6 | F151: 1300 | I151: 161 | L151: 32 | O151: 10 | R151: 16 | U151: 2 | X151: 300 | AA151: 杭頭+17500～31000
C155: 7) | D155: 杭⑤(4P右)
D168: 断面番号 | F168: D | I168: 軸方向鉄筋 | R168: せん断補強鉄筋 | AA168: 備考
I169: かぶり | L169: 鉄筋径 | O169: 本数 | R169: 鉄筋径 | U169: 本数 | X169: 間隔
F172: (mm) | I172: (mm) | L172: (mm) | O172: (本) | R172: (mm) | U172: (本) | X172: (mm)
D173: 7 | F173: 1300 | I173: 161 | L173: 32 | O173: 20 | R173: 16 | U173: 2 | X173: 125 | AA173: 杭頭～杭頭+2625
I174: 193 | L174: 32 | O174: 20
C177: 8) | D177: 杭⑥(4P右)
D179: 断面番号 | F179: D | I179: 軸方向鉄筋 | R179: せん断補強鉄筋 | AA179: 備考
I180: かぶり | L180: 鉄筋径 | O180: 本数 | R180: 鉄筋径 | U180: 本数 | X180: 間隔
F183: (mm) | I183: (mm) | L183: (mm) | O183: (本) | R183: (mm) | U183: (本) | X183: (mm)
D184: 8 | F184: 1300 | I184: 161 | L184: 32 | O184: 20 | R184: 16 | U184: 2 | X184: 150 | AA184: 杭頭+2625～10000
I185: 193 | L185: 32 | O185: 20
C189: 9) | D189: 杭⑦(4P右)
D201: 断面番号 | F201: D | I201: 軸方向鉄筋 | R201: せん断補強鉄筋 | AA201: 備考
I202: かぶり | L202: 鉄筋径 | O202: 本数 | R202: 鉄筋径 | U202: 本数 | X202: 間隔
F205: (mm) | I205: (mm) | L205: (mm) | O205: (本) | R205: (mm) | U205: (本) | X205: (mm)
D206: 9 | F206: 1300 | I206: 161 | L206: 32 | O206: 20 | R206: 16 | U206: 2 | X206: 200 | AA206: 杭頭+10000～17000
C209: 10) | D209: 杭⑧(4P右)
D222: 断面番号 | F222: D | I222: 軸方向鉄筋 | R222: せん断補強鉄筋 | AA222: 備考
I223: かぶり | L223: 鉄筋径 | O223: 本数 | R223: 鉄筋径 | U223: 本数 | X223: 間隔
F226: (mm) | I226: (mm) | L226: (mm) | O226: (本) | R226: (mm) | U226: (本) | X226: (mm)
D227: 10 | F227: 1300 | I227: 161 | L227: 32 | O227: 10 | R227: 16 | U227: 2 | X227: 300 | AA227: 杭頭+17000～30000

Sheet 要素の構成
C2: (5) | D2: 要素の構成
D3: 部材 | F3: 要素 | L3: 非線形 番号 | M3: 断面 番号 | N3: 要素 種別 | Q3: Ａ (m2) | T3: Ｉ (m4) | W3: Ｅ (kN/m2) | AB3: 適用
F4: 要素 番号 | H4: 節点番号
H5: ｉ端 | J5: ｊ端
D6: 馬桁 | F6: 1 | H6: 1 | J6: 2 | N6: 剛域 | Q6: 1000 | T6: 1000 | W6: 2 | Y6: × | Z6: 108
F7: =+F6+1 -> 2 | H7: 2 | J7: 3 | N7: 剛域 | Q7: 1000 | T7: 1000 | W7: =W6 -> 2 | Y7: × | Z7: 108
F8: =+F7+1 -> 3 | H8: 3 | J8: 4 | N8: 剛域 | Q8: 1000 | T8: 1000 | W8: =W7 -> 2 | Y8: × | Z8: 108
F9: =+F8+1 -> 4 | H9: 2 | J9: 5 | N9: 剛域 | Q9: 1000 | T9: 1000 | W9: =W8 -> 2 | Y9: × | Z9: 107
F10: =+F9+1 -> 5 | H10: 3 | J10: 8 | N10: 剛域 | Q10: 1000 | T10: 1000 | W10: =W9 -> 2 | Y10: × | Z10: 107
D11: ※1 | F11: =+F10+1 -> 6 | H11: 5 | J11: 6 | N11: 剛域 | Q11: 1000 | T11: 1000 | W11: 2.35 | Y11: × | Z11: 107
F12: =+F11+1 -> 7 | H12: 6 | J12: 7 | N12: 剛域 | Q12: 1000 | T12: 1000 | W12: =+W11 -> 2.35 | Y12: × | Z12: 107
F13: =+F12+1 -> 8 | H13: 7 | J13: 11 | L13: 1 | M13: 1 | N13: Ｍ～θ | Q13: ---- | T13: ---- | W13: =+W12 -> 2.35 | Y13: × | Z13: 107 | AB13: 抜出し考慮
D14: ※2 | F14: =+F13+1 -> 9 | H14: 8 | J14: 9 | N14: 剛域 | Q14: 1000 | T14: 1000 | W14: =+W13 -> 2.35 | Y14: × | Z14: 107
F15: =+F14+1 -> 10 | H15: 9 | J15: 10 | N15: 剛域 | Q15: 1000 | T15: 1000 | W15: =+W14 -> 2.35 | Y15: × | Z15: 107
F16: =+F15+1 -> 11 | H16: 10 | J16: 92 | L16: =+L13+1 -> 2 | M16: 2 | N16: Ｍ～θ | Q16: ---- | T16: ---- | W16: =+W15 -> 2.35 | Y16: × | Z16: 107 | AB16: 抜出し考慮
D17: ※3 | F17: =+F16+1 -> 12 | H17: 11 | J17: 14 | N17: 剛域 | Q17: 1000 | T17: 1000 | W17: =+W16 -> 2.35 | Y17: × | Z17: 107
F18: =+F17+1 -> 13 | H18: 12 | J18: 13 | N18: 剛域 | Q18: 1000 | T18: 1000 | W18: =+W17 -> 2.35 | Y18: × | Z18: 107
F19: =+F18+1 -> 14 | H19: 13 | J19: 14 | N19: 剛域 | Q19: 1000 | T19: 1000 | W19: =+W18 -> 2.35 | Y19: × | Z19: 107
F20: =+F19+1 -> 15 | H20: 14 | J20: 15 | N20: 剛域 | Q20: 1000 | T20: 1000 | W20: =+W19 -> 2.35 | Y20: × | Z20: 107
F21: =+F20+1 -> 16 | H21: 15 | J21: 16 | N21: 剛域 | Q21: 1000 | T21: 1000 | W21: =+W20 -> 2.35 | Y21: × | Z21: 107
D22: 杭(左1列目) | F22: =+F21+1 -> 17 | H22: 13 | J22: 17 | N22: 剛域 | Q22: 1000 | T22: 1000 | W22: =+W21 -> 2.35 | Y22: × | Z22: 107
F23: =+F22+1 -> 18 | H23: =+J22 -> 17 | J23: =+J22+1 -> 18 | L23: =+L16+1 -> 3 | M23: 3 | N23: Ｍ～φ | Q23: ---- | T23: ---- | W23: 2.24 | Y23: × | Z23: 107 | AB23: 抜出し考慮
F24: =+F23+1 -> 19 | H24: =+H23+1 -> 18 | J24: =+J23+1 -> 19 | L24: =+L23+1 -> 4 | M24: =+M23 -> 3 | N24: Ｍ～φ | Q24: ---- | T24: ---- | W24: =W23 -> 2.24 | Y24: × | Z24: 107
F25: =+F24+1 -> 20 | H25: =+H24+1 -> 19 | J25: =+J24+1 -> 20 | L25: =+L24+1 -> 5 | M25: 4 | N25: Ｍ～φ | Q25: ---- | T25: ---- | W25: =W24 -> 2.24 | Y25: × | Z25: 107
F26: =+F25+1 -> 21 | H26: =+H25+1 -> 20 | J26: =+J25+1 -> 21 | L26: =+L25+1 -> 6 | M26: =+M25 -> 4 | N26: Ｍ～φ | Q26: ---- | T26: ---- | W26: =W25 -> 2.24 | Y26: × | Z26: 107
F27: =+F26+1 -> 22 | H27: =+H26+1 -> 21 | J27: =+J26+1 -> 22 | L27: =+L26+1 -> 7 | M27: =+M26 -> 4 | N27: Ｍ～φ | Q27: ---- | T27: ---- | W27: =W26 -> 2.24 | Y27: × | Z27: 107
F28: =+F27+1 -> 23 | H28: =+H27+1 -> 22 | J28: =+J27+1 -> 23 | L28: =+L27+1 -> 8 | M28: =+M27 -> 4 | N28: Ｍ～φ | Q28: ---- | T28: ---- | W28: =W27 -> 2.24 | Y28: × | Z28: 107
F29: =+F28+1 -> 24 | H29: =+H28+1 -> 23 | J29: =+J28+1 -> 24 | L29: =+L28+1 -> 9 | M29: =+M28 -> 4 | N29: Ｍ～φ | Q29: ---- | T29: ---- | W29: =W28 -> 2.24 | Y29: × | Z29: 107
F30: =+F29+1 -> 25 | H30: =+H29+1 -> 24 | J30: =+J29+1 -> 25 | L30: =+L29+1 -> 10 | M30: 5 | N30: Ｍ～φ | Q30: ---- | T30: ---- | W30: =W29 -> 2.24 | Y30: × | Z30: 107
F31: =+F30+1 -> 26 | H31: =+H30+1 -> 25 | J31: =+J30+1 -> 26 | L31: =+L30+1 -> 11 | M31: =+M30 -> 5 | N31: Ｍ～φ | Q31: ---- | T31: ---- | W31: =W30 -> 2.24 | Y31: × | Z31: 107
F32: =+F31+1 -> 27 | H32: =+H31+1 -> 26 | J32: =+J31+1 -> 27 | L32: =+L31+1 -> 12 | M32: =+M31 -> 5 | N32: Ｍ～φ | Q32: ---- | T32: ---- | W32: =W31 -> 2.24 | Y32: × | Z32: 107
F33: =+F32+1 -> 28 | H33: =+H32+1 -> 27 | J33: =+J32+1 -> 28 | L33: =+L32+1 -> 13 | M33: =+M32 -> 5 | N33: Ｍ～φ | Q33: ---- | T33: ---- | W33: =W32 -> 2.24 | Y33: × | Z33: 107
F34: =+F33+1 -> 29 | H34: =+H33+1 -> 28 | J34: =+J33+1 -> 29 | L34: =+L33+1 -> 14 | M34: =+M33 -> 5 | N34: Ｍ～φ | Q34: ---- | T34: ---- | W34: =W33 -> 2.24 | Y34: × | Z34: 107
F35: =+F34+1 -> 30 | H35: =+H34+1 -> 29 | J35: =+J34+1 -> 30 | L35: =+L34+1 -> 15 | M35: =+M34 -> 5 | N35: Ｍ～φ | Q35: ---- | T35: ---- | W35: =W34 -> 2.24 | Y35: × | Z35: 107
F36: =+F35+1 -> 31 | H36: =+H35+1 -> 30 | J36: =+J35+1 -> 31 | L36: =+L35+1 -> 16 | M36: 6 | N36: Ｍ～φ | Q36: ---- | T36: ---- | W36: =W35 -> 2.24 | Y36: × | Z36: 107
F37: =+F36+1 -> 32 | H37: =+H36+1 -> 31 | J37: =+J36+1 -> 32 | L37: =+L36+1 -> 17 | M37: =+M36 -> 6 | N37: Ｍ～φ | Q37: ---- | T37: ---- | W37: =W36 -> 2.24 | Y37: × | Z37: 107
F38: =+F37+1 -> 33 | H38: =+H37+1 -> 32 | J38: =+J37+1 -> 33 | L38: =+L37+1 -> 18 | M38: =+M37 -> 6 | N38: Ｍ～φ | Q38: ---- | T38: ---- | W38: =W37 -> 2.24 | Y38: × | Z38: 107
F39: =+F38+1 -> 34 | H39: =+H38+1 -> 33 | J39: =+J38+1 -> 34 | L39: =+L38+1 -> 19 | M39: =+M38 -> 6 | N39: Ｍ～φ | Q39: ---- | T39: ---- | W39: =W38 -> 2.24 | Y39: × | Z39: 107
F40: =+F39+1 -> 35 | H40: =+H39+1 -> 34 | J40: =+J39+1 -> 35 | L40: =+L39+1 -> 20 | M40: =+M39 -> 6 | N40: Ｍ～φ | Q40: ---- | T40: ---- | W40: =W39 -> 2.24 | Y40: × | Z40: 107
F41: =+F40+1 -> 36 | H41: =+H40+1 -> 35 | J41: =+J40+1 -> 36 | L41: =+L40+1 -> 21 | M41: =+M40 -> 6 | N41: Ｍ～φ | Q41: ---- | T41: ---- | W41: =W40 -> 2.24 | Y41: × | Z41: 107
F42: =+F41+1 -> 37 | H42: =+H41+1 -> 36 | J42: =+J41+1 -> 37 | L42: =+L41+1 -> 22 | M42: =+M41 -> 6 | N42: Ｍ～φ | Q42: ---- | T42: ---- | W42: =W41 -> 2.24 | Y42: × | Z42: 107
F43: =+F42+1 -> 38 | H43: =+H42+1 -> 37 | J43: =+J42+1 -> 38 | L43: =+L42+1 -> 23 | M43: =+M42 -> 6 | N43: Ｍ～φ | Q43: ---- | T43: ---- | W43: =W42 -> 2.24 | Y43: × | Z43: 107
F44: =+F43+1 -> 39 | H44: =+H43+1 -> 38 | J44: =+J43+1 -> 39 | L44: =+L43+1 -> 24 | M44: =+M43 -> 6 | N44: Ｍ～φ | Q44: ---- | T44: ---- | W44: =W43 -> 2.24 | Y44: × | Z44: 107
F45: =+F44+1 -> 40 | H45: =+H44+1 -> 39 | J45: =+J44+1 -> 40 | L45: =+L44+1 -> 25 | M45: =+M44 -> 6 | N45: Ｍ～φ | Q45: ---- | T45: ---- | W45: =W44 -> 2.24 | Y45: × | Z45: 107
F46: =+F45+1 -> 41 | H46: =+H45+1 -> 40 | J46: =+J45+1 -> 41 | L46: =+L45+1 -> 26 | M46: =+M45 -> 6 | N46: Ｍ～φ | Q46: ---- | T46: ---- | W46: =W45 -> 2.24 | Y46: × | Z46: 107
E47: ※1 | F47: ： | G47: く体(左)
E48: ※2 | F48: ： | G48: く体(右)
E49: ※3 | F49: ： | G49: フーチング(左)
D54: 部材 | F54: 要素 | L54: 非線形 番号 | M54: 断面 番号 | N54: 要素 種別 | Q54: Ａ (m2) | T54: Ｉ (m4) | W54: Ｅ (kN/m2) | AB54: 適用
F55: 要素 番号 | H55: 節点番号
H56: ｉ端 | J56: ｊ端
D57: 杭(左2列目) | F57: =+F46+1 -> 42 | H57: 14 | J57: 42 | N57: 剛域 | Q57: 1000 | T57: 1000 | W57: =+W22 -> 2.35 | Y57: × | Z57: 107
F58: =+F57+1 -> 43 | H58: =+J57 -> 42 | J58: =+J57+1 -> 43 | L58: =+L46+1 -> 27 | M58: =+M23 -> 3 | N58: Ｍ～φ | Q58: ---- | T58: ---- | W58: =+W23 -> 2.24 | Y58: × | Z58: 107 | AB58: 抜出し考慮
F59: =+F58+1 -> 44 | H59: =+H58+1 -> 43 | J59: =+J58+1 -> 44 | L59: =+L58+1 -> 28 | M59: =+M24 -> 3 | N59: Ｍ～φ | Q59: ---- | T59: ---- | W59: =+W24 -> 2.24 | Y59: × | Z59: 107
F60: =+F59+1 -> 45 | H60: =+H59+1 -> 44 | J60: =+J59+1 -> 45 | L60: =+L59+1 -> 29 | M60: =+M25 -> 4 | N60: Ｍ～φ | Q60: ---- | T60: ---- | W60: =+W25 -> 2.24 | Y60: × | Z60: 107
F61: =+F60+1 -> 46 | H61: =+H60+1 -> 45 | J61: =+J60+1 -> 46 | L61: =+L60+1 -> 30 | M61: =+M26 -> 4 | N61: Ｍ～φ | Q61: ---- | T61: ---- | W61: =+W26 -> 2.24 | Y61: × | Z61: 107
F62: =+F61+1 -> 47 | H62: =+H61+1 -> 46 | J62: =+J61+1 -> 47 | L62: =+L61+1 -> 31 | M62: =+M27 -> 4 | N62: Ｍ～φ | Q62: ---- | T62: ---- | W62: =+W27 -> 2.24 | Y62: × | Z62: 107
F63: =+F62+1 -> 48 | H63: =+H62+1 -> 47 | J63: =+J62+1 -> 48 | L63: =+L62+1 -> 32 | M63: =+M28 -> 4 | N63: Ｍ～φ | Q63: ---- | T63: ---- | W63: =+W28 -> 2.24 | Y63: × | Z63: 107
F64: =+F63+1 -> 49 | H64: =+H63+1 -> 48 | J64: =+J63+1 -> 49 | L64: =+L63+1 -> 33 | M64: =+M29 -> 4 | N64: Ｍ～φ | Q64: ---- | T64: ---- | W64: =+W29 -> 2.24 | Y64: × | Z64: 107
F65: =+F64+1 -> 50 | H65: =+H64+1 -> 49 | J65: =+J64+1 -> 50 | L65: =+L64+1 -> 34 | M65: =+M30 -> 5 | N65: Ｍ～φ | Q65: ---- | T65: ---- | W65: =+W30 -> 2.24 | Y65: × | Z65: 107
F66: =+F65+1 -> 51 | H66: =+H65+1 -> 50 | J66: =+J65+1 -> 51 | L66: =+L65+1 -> 35 | M66: =+M31 -> 5 | N66: Ｍ～φ | Q66: ---- | T66: ---- | W66: =+W31 -> 2.24 | Y66: × | Z66: 107
F67: =+F66+1 -> 52 | H67: =+H66+1 -> 51 | J67: =+J66+1 -> 52 | L67: =+L66+1 -> 36 | M67: =+M32 -> 5 | N67: Ｍ～φ | Q67: ---- | T67: ---- | W67: =+W32 -> 2.24 | Y67: × | Z67: 107
F68: =+F67+1 -> 53 | H68: =+H67+1 -> 52 | J68: =+J67+1 -> 53 | L68: =+L67+1 -> 37 | M68: =+M33 -> 5 | N68: Ｍ～φ | Q68: ---- | T68: ---- | W68: =+W33 -> 2.24 | Y68: × | Z68: 107
F69: =+F68+1 -> 54 | H69: =+H68+1 -> 53 | J69: =+J68+1 -> 54 | L69: =+L68+1 -> 38 | M69: =+M34 -> 5 | N69: Ｍ～φ | Q69: ---- | T69: ---- | W69: =+W34 -> 2.24 | Y69: × | Z69: 107
F70: =+F69+1 -> 55 | H70: =+H69+1 -> 54 | J70: =+J69+1 -> 55 | L70: =+L69+1 -> 39 | M70: =+M35 -> 5 | N70: Ｍ～φ | Q70: ---- | T70: ---- | W70: =+W35 -> 2.24 | Y70: × | Z70: 107
... F81: =+F80+1 -> 66 | H81: =+H80+1 -> 65 | J81: =+J80+1 -> 66 | L81: =+L80+1 -> 50 | M81: =+M46 -> 6 | N81: Ｍ～φ | Q81: ---- | T81: ---- | W81: =+W46 -> 2.24 | Y81: × | Z81: 107
D82: 杭(左3列目) | F82: =+F81+1 -> 67 | H82: 15 | J82: 67 | N82: 剛域 | Q82: 1000 | T82: 1000 | W82: =+W57 -> 2.35 | Y82: × | Z82: 107
F83: =+F82+1 -> 68 | H83: =+J82 -> 67 | J83: =+J82+1 -> 68 | L83: =+L81+1 -> 51 | M83: =+M58 -> 3 | N83: Ｍ～φ | Q83: ---- | T83: ---- | W83: =+W58 -> 2.24 | Y83: × | Z83: 107 | AB83: 抜出し考慮
F84: =+F83+1 -> 69 | H84: =+H83+1 -> 68 | J84: =+J83+1 -> 69 | L84: =+L83+1 -> 52 | M84: =+M59 -> 3 | N84: Ｍ～φ | Q84: ---- | T84: ---- | W84: =+W59 -> 2.24 | Y84: × | Z84: 107
F85: =+F84+1 -> 70 | H85: =+H84+1 -> 69 | J85: =+J84+1 -> 70 | L85: =+L84+1 -> 53 | M85: =+M60 -> 4 | N85: Ｍ～φ | Q85: ---- | T85: ---- | W85: =+W60 -> 2.24 | Y85: × | Z85: 107
F86: =+F85+1 -> 71 | H86: =+H85+1 -> 70 | J86: =+J85+1 -> 71 | L86: =+L85+1 -> 54 | M86: =+M61 -> 4 | N86: Ｍ～φ | Q86: ---- | T86: ---- | W86: =+W61 -> 2.24 | Y86: × | Z86: 107
F87: =+F86+1 -> 72 | H87: =+H86+1 -> 71 | J87: =+J86+1 -> 72 | L87: =+L86+1 -> 55 | M87: =+M62 -> 4 | N87: Ｍ～φ | Q87: ---- | T87: ---- | W87: =+W62 -> 2.24 | Y87: × | Z87: 107
F88: =+F87+1 -> 73 | H88: =+H87+1 -> 72 | J88: =+J87+1 -> 73 | L88: =+L87+1 -> 56 | M88: =+M63 -> 4 | N88: Ｍ～φ | Q88: ---- | T88: ---- | W88: =+W63 -> 2.24 | Y88: × | Z88: 107
F89: =+F88+1 -> 74 | H89: =+H88+1 -> 73 | J89: =+J88+1 -> 74 | L89: =+L88+1 -> 57 | M89: =+M64 -> 4 | N89: Ｍ～φ | Q89: ---- | T89: ---- | W89: =+W64 -> 2.24 | Y89: × | Z89: 107
F90: =+F89+1 -> 75 | H90: =+H89+1 -> 74 | J90: =+J89+1 -> 75 | L90: =+L89+1 -> 58 | M90: =+M65 -> 5 | N90: Ｍ～φ | Q90: ---- | T90: ---- | W90: =+W65 -> 2.24 | Y90: × | Z90: 107
F91: =+F90+1 -> 76 | H91: =+H90+1 -> 75 | J91: =+J90+1 -> 76 | L91: =+L90+1 -> 59 | M91: =+M66 -> 5 | N91: Ｍ～φ | Q91: ---- | T91: ---- | W91: =+W66 -> 2.24 | Y91: × | Z91: 107
F92: =+F91+1 -> 77 | H92: =+H91+1 -> 76 | J92: =+J91+1 -> 77 | L92: =+L91+1 -> 60 | M92: =+M67 -> 5 | N92: Ｍ～φ | Q92: ---- | T92: ---- | W92: =+W67 -> 2.24 | Y92: × | Z92: 107
F93: =+F92+1 -> 78 | H93: =+H92+1 -> 77 | J93: =+J92+1 -> 78 | L93: =+L92+1 -> 61 | M93: =+M68 -> 5 | N93: Ｍ～φ | Q93: ---- | T93: ---- | W93: =+W68 -> 2.24 | Y93: × | Z93: 107
F94: =+F93+1 -> 79 | H94: =+H93+1 -> 78 | J94: =+J93+1 -> 79 | L94: =+L93+1 -> 62 | M94: =+M69 -> 5 | N94: Ｍ～φ | Q94: ---- | T94: ---- | W94: =+W69 -> 2.24 | Y94: × | Z94: 107
F95: =+F94+1 -> 80 | H95: =+H94+1 -> 79 | J95: =+J94+1 -> 80 | L95: =+L94+1 -> 63 | M95: =+M70 -> 5 | N95: Ｍ～φ | Q95: ---- | T95: ---- | W95: =+W70 -> 2.24 | Y95: × | Z95: 107
... F106: =+F105+1 -> 91 | H106: =+H105+1 -> 90 | J106: =+J105+1 -> 91 | L106: =+L105+1 -> 74 | M106: =+M81 -> 6 | N106: Ｍ～φ | Q106: ---- | T106: ---- | W106: =+W81 -> 2.24 | Y106: × | Z106: 107
D111: 部材 | F111: 要素 | L111: 非線形 番号 | M111: 断面 番号 | N111: 要素 種別 | Q111: Ａ (m2) | T111: Ｉ (m4) | W111: Ｅ (kN/m2) | AB111: 適用
F112: 要素 番号 | H112: 節点番号
H113: ｉ端 | J113: ｊ端
D114: ※4 | F114: =+F106+1 -> 92 | H114: 92 | J114: 95 | N114: 剛域 | Q114: 1000 | T114: 1000 | W114: =+W17 -> 2.35 | Y114: × | Z114: 107
F115: =+F114+1 -> 93 | H115: 93 | J115: 94 | N115: 剛域 | Q115: 1000 | T115: 1000 | W115: =+W18 -> 2.35 | Y115: × | Z115: 107
F116: =+F115+1 -> 94 | H116: 94 | J116: 95 | N116: 剛域 | Q116: 1000 | T116: 1000 | W116: =+W19 -> 2.35 | Y116: × | Z116: 107
F117: =+F116+1 -> 95 | H117: 95 | J117: 96 | N117: 剛域 | Q117: 1000 | T117: 1000 | W117: =+W20 -> 2.35 | Y117: × | Z117: 107
F118: =+F117+1 -> 96 | H118: 96 | J118: 97 | N118: 剛域 | Q118: 1000 | T118: 1000 | W118: =+W21 -> 2.35 | Y118: × | Z118: 107
D119: 杭(右1列目) | F119: =+F118+1 -> 97 | H119: 94 | J119: 98 | N119: 剛域 | Q119: 1000 | T119: 1000 | W119: =+W118 -> 2.35 | Y119: × | Z119: 107
F120: =+F119+1 -> 98 | H120: =+J119 -> 98 | J120: =+J119+1 -> 99 | L120: =+L106+1 -> 75 | M120: 7 | N120: Ｍ～φ | Q120: ---- | T120: ---- | W120: 2.24 | Y120: × | Z120: 107 | AB120: 抜出し考慮
F121: =+F120+1 -> 99 | H121: =+H120+1 -> 99 | J121: =+J120+1 -> 100 | L121: =+L120+1 -> 76 | M121: =+M120 -> 7 | N121: Ｍ～φ | Q121: ---- | T121: ---- | W121: =W120 -> 2.24 | Y121: × | Z121: 107
F122: =+F121+1 -> 100 | H122: =+H121+1 -> 100 | J122: =+J121+1 -> 101 | L122: =+L121+1 -> 77 | M122: 8 | N122: Ｍ～φ | Q122: ---- | T122: ---- | W122: =W121 -> 2.24 | Y122: × | Z122: 107
F123: =+F122+1 -> 101 | H123: =+H122+1 -> 101 | J123: =+J122+1 -> 102 | L123: =+L122+1 -> 78 | M123: =+M122 -> 8 | N123: Ｍ～φ | Q123: ---- | T123: ---- | W123: =W122 -> 2.24 | Y123: × | Z123: 107
F124: =+F123+1 -> 102 | H124: =+H123+1 -> 102 | J124: =+J123+1 -> 103 | L124: =+L123+1 -> 79 | M124: =+M123 -> 8 | N124: Ｍ～φ | Q124: ---- | T124: ---- | W124: =W123 -> 2.24 | Y124: × | Z124: 107
F125: =+F124+1 -> 103 | H125: =+H124+1 -> 103 | J125: =+J124+1 -> 104 | L125: =+L124+1 -> 80 | M125: =+M124 -> 8 | N125: Ｍ～φ | Q125: ---- | T125: ---- | W125: =W124 -> 2.24 | Y125: × | Z125: 107
F126: =+F125+1 -> 104 | H126: =+H125+1 -> 104 | J126: =+J125+1 -> 105 | L126: =+L125+1 -> 81 | M126: =+M125 -> 8 | N126: Ｍ～φ | Q126: ---- | T126: ---- | W126: =W125 -> 2.24 | Y126: × | Z126: 107
F127: =+F126+1 -> 105 | H127: =+H126+1 -> 105 | J127: =+J126+1 -> 106 | L127: =+L126+1 -> 82 | M127: 9 | N127: Ｍ～φ | Q127: ---- | T127: ---- | W127: =W126 -> 2.24 | Y127: × | Z127: 107
F128: =+F127+1 -> 106 | H128: =+H127+1 -> 106 | J128: =+J127+1 -> 107 | L128: =+L127+1 -> 83 | M128: =+M127 -> 9 | N128: Ｍ～φ | Q128: ---- | T128: ---- | W128: =W127 -> 2.24 | Y128: × | Z128: 107
F129: =+F128+1 -> 107 | H129: =+H128+1 -> 107 | J129: =+J128+1 -> 108 | L129: =+L128+1 -> 84 | M129: =+M128 -> 9 | N129: Ｍ～φ | Q129: ---- | T129: ---- | W129: =W128 -> 2.24 | Y129: × | Z129: 107
...

Sheet 2.地盤のモデル化
B2: 2.地盤のモデル化
C4: (1) | D4: 4P左
C8: (2) | D8: 4P右
AN16: JR東日本
AM17: 場所打ち杭 | AN17: 0 | AO17: 0.1 | AP17: 0.2 | AQ17: 0.3 | AR17: 0.4 | AS17: 0.5 | AT17: 0.6 | AU17: 0.7 | AV17: 0.8 | AW17: 0.9 | AX17: 1
AM18: 長期支持性能 | AN18: 0.55 | AO18: 0.55 | AP18: 0.55 | AQ18: 0.55 | AR18: 0.55 | AS18: 0.55 | AT18: 0.55 | AU18: 0.48 | AV18: 0.4 | AW18: 0.33 | AX18: 0.25
AM19: 短期支持性能 | AN19: 0.65 | AO19: 0.65 | AP19: 0.65 | AQ19: 0.65 | AR19: 0.65 | AS19: 0.65 | AT19: 0.65 | AU19: 0.59 | AV19: 0.53 | AW19: 0.46 | AX19: 0.4
AM20: 安全性(地震時以外) | AN20: 0.86 | AO20: 0.85 | AP20: 0.83 | AQ20: 0.81 | AR20: 0.79 | AS20: 0.77 | AT20: 0.74 | AU20: 0.7 | AV20: 0.65 | AW20: 0.6 | AX20: 0.55
AM21: 復旧性(性能レベル1) | AN21: 0.92 | AO21: 0.9 | AP21: 0.88 | AQ21: 0.85 | AR21: 0.83 | AS21: 0.8 | AT21: 0.77 | AU21: 0.73 | AV21: 0.69 | AW21: 0.64 | AX21: 0.58
AM22: 復旧性(性能レベル2) | AN22: 1.15 | AO22: 1.15 | AP22: 1.15 | AQ22: 1.15 | AR22: 1.15 | AS22: 1.15 | AT22: 1.14 | AU22: 1.13 | AV22: 1.12 | AW22: 1.11 | AX22: 1.1

Sheet 水平地盤ばね定数(4P左)
C2: (3) | D2: ばね定数
C3: 1) | D3: 水平地盤ばね定数（部材ばね）
C4: a) | D4: 4P左(1,3列目)
D5: 杭径 | E5: 1.3 | F5: m
D6: 杭全長 | E6: 31 | F6: m
D7: 杭本数 | E7: 2 | F7: 本
D8: 層番号 | E8: 層厚 (m) | F8: 水平地盤反力係数 khg (kN/m3) | G8: 部材長 (m) | I8: 部材番号 | K8: 各部材の水平地盤反力係数 khg (kN/m3) | L8: 各部材の水平ばね定数 KH (kN/m2) | P8: 右押し（→） | U8: 左押し（←）
P11: 節点番号 | Q11: 水平ばね | R11: 有効抵抗土圧力 | U11: 節点番号 | V11: 水平ばね | W11: 有効抵抗土圧力
L12: 杭1本当り | M12: =+E7 -> 2 | R12: 上端 | S12: 下端 | W12: 上端 | X12: 下端
D13: ① | E13: 3.3 | F13: 19476 | G13: =+E5 -> 1.3 | I13: 18 | J13: 68 | K13: =+F13 -> 19476 | L13: =K13*E5 -> 25318.8 | M13: =+E7*L13 -> 50637.6 | P13: =+I13 -> 18 | Q13: =+M13 -> 50637.6 | R13: =+'有効抵抗土圧(4P左)'!G202 -> 715.52 | S13: =+'有効抵抗土圧(4P左)'!G203 -> 849.12218 | U13: =+P13 -> 18 | V13: =+Q13 -> 50637.6 | W13: =+R63 -> 1788.8 | X13: =+S63 -> 2122.8055
G14: =+G13 -> 1.3 | I14: =+I13+1 -> 19 | J14: =+J13+1 -> 69 | K14: =+F13 -> 19476 | L14: =K14*E5 -> 25318.8 | M14: =+E7*L14 -> 50637.6 | P14: =+P13+1 -> 19 | Q14: =+M14 -> 50637.6 | R14: =+'有効抵抗土圧(4P左)'!G204 -> 849.12218 | S14: =+'有効抵抗土圧(4P左)'!G205 -> 982.72436 | U14: =+P14 -> 19 | V14: =+Q14 -> 50637.6 | W14: =+R64 -> 2122.8055 | X14: =+S64 -> 2456.8109
G15: =+G14 -> 1.3 | H15: =+E13-G13-G14 -> 0.7 | I15: =+I14+1 -> 20 | J15: =+J14+1 -> 70 | K15: =(F13*H15+F16*H16)/G15 -> 58000.615 | L15: =+E5*K15 -> 75400.8 | M15: =+E7*L15 -> 150801.6 | P15: =+P14+1 -> 20 | Q15: =+M15 -> 150801.6 | R15: =+'有効抵抗土圧(4P左)'!G206 -> 1303.6341 | S15: =+'有効抵抗土圧(4P左)'!G207 -> 1303.6341 | U15: =+P15 -> 20 | V15: =+Q15 -> 150801.6 | W15: =+R65 -> 3259.0852 | X15: =+S65 -> 3259.0852
D16: ② | E16: 1.3 | F16: 102946 | H16: =+G15-H15 -> 0.6 | P16: =+P15+1 -> 21 | Q16: =+M17 -> 188118.8 | R16: =+'有効抵抗土圧(4P左)'!G208 -> 1138.2575 | S16: =+'有効抵抗土圧(4P左)'!G209 -> 1138.2575 | U16: =+P16 -> 21 | V16: =+Q16 -> 188118.8 | W16: =+R66 -> 2845.6438 | X16: =+S66 -> 2845.6438
G17: =+G15 -> 1.3 | H17: =+E16-H16 -> 0.7 | I17: =+I15+1 -> 21 | J17: =+J15+1 -> 71 | K17: =(F16*H17+F18*H18)/G17 -> 72353.385 | L17: =+E5*K17 -> 94059.4 | M17: =+E7*L17 -> 188118.8 | P17: =+P16+1 -> 22 | Q17: =+M19 -> 95321.2 | R17: =+'有効抵抗土圧(4P左)'!G210 -> 468 | S17: =+'有効抵抗土圧(4P左)'!G211 -> 468 | U17: =+P17 -> 22 | V17: =+Q17 -> 95321.2 | W17: =+R67 -> 1170 | X17: =+S67 -> 1170
D18: ③ | E18: 2.9 | F18: 36662 | H18: =+G17-H17 -> 0.6 | P18: =+P17+1 -> 23 | Q18: =+M20 -> 53420.4 | R18: =+'有効抵抗土圧(4P左)'!G212 -> 782.904 | S18: =+'有効抵抗土圧(4P左)'!G213 -> 782.904 | U18: =+P18 -> 23 | V18: =+Q18 -> 53420.4 | W18: =+R68 -> 1957.26 | X18: =+S68 -> 1957.26
G19: =+G17 -> 1.3 | I19: =+I17+1 -> 22 | J19: =+J17+1 -> 72 | K19: =+F18 -> 36662 | L19: =+E5*K19 -> 47660.6 | M19: =+E7*L19 -> 95321.2 | P19: =+P18+1 -> 24 | Q19: =+M22 -> 231488.4 | R19: =+'有効抵抗土圧(4P左)'!G214 -> 1848.808 | S19: =+'有効抵抗土圧(4P左)'!G215 -> 1989.416 | U19: =+P19 -> 24 | V19: =+Q19 -> 231488.4 | W19: =+R69 -> 4622.02 | X19: =+S69 -> 4973.54
G20: =+G19 -> 1.3 | H20: =+E18-H18-G19 -> 1 | I20: =+I19+1 -> 23 | J20: =+J19+1 -> 73 | K20: =(F19*H20+F21*H21)/G20 -> 20546.308 | L20: =+E5*K20 -> 26710.2 | M20: =+E7*L20 -> 53420.4 | P20: =+P19+1 -> 25 | Q20: =+M23 -> 85237.2 | R20: =+'有効抵抗土圧(4P左)'!G216 -> 1990.96 | S20: =+'有効抵抗土圧(4P左)'!G217 -> 1990.96 | U20: =+P20 -> 25 | V20: =+Q20 -> 85237.2 | W20: =+R70 -> 4977.4 | X20: =+S70 -> 4977.4
D21: ④ | E21: 2.6 | F21: 89034 | H21: =+G20-H20 -> 0.3 | P21: =+P20+1 -> 26 | Q21: =+M25 -> 352339.2 | R21: =+'有効抵抗土圧(4P左)'!G218 -> 2188.1642 | S21: =+'有効抵抗土圧(4P左)'!G219 -> 2188.1642 | U21: =+P21 -> 26 | V21: =+Q21 -> 352339.2 | W21: =+R71 -> 5470.4105 | X21: =+S71 -> 5470.4105
G22: =+G20 -> 1.3 | I22: =+I20+1 -> 24 | J22: =+J20+1 -> 74 | K22: =+F21 -> 89034 | L22: =+E5*K22 -> 115744.2 | M22: =+E7*L22 -> 231488.4 | P22: =+P21+1 -> 27 | Q22: =+M27 -> 347232.6 | R22: =+'有効抵抗土圧(4P左)'!G220 -> 2356.3389 | S22: =+'有効抵抗土圧(4P左)'!G221 -> 2503.1804 | U22: =+P22 -> 27 | V22: =+Q22 -> 347232.6 | W22: =+R72 -> 5890.8474 | X22: =+S72 -> 6257.9509
G23: =+G22 -> 1.3 | H23: =+E21-H21-G22 -> 1 | I23: =+I22+1 -> 25 | J23: =+J22+1 -> 75 | K23: =(F22*H23+F24*H24)/G23 -> 32783.538 | L23: =+E5*K23 -> 42618.6 | M23: =+E7*L23 -> 85237.2 | P23: =+P22+1 -> 28 | Q23: =+M28 -> 347232.6 | R23: =+'有効抵抗土圧(4P左)'!G222 -> 2503.1804 | S23: =+'有効抵抗土圧(4P左)'!G223 -> 2650.0218 | U23: =+P23 -> 28 | V23: =+Q23 -> 347232.6 | W23: =+R73 -> 6257.9509 | X23: =+S73 -> 6625.0545
D24: ⑤ | E24: 0.6 | F24: 142062 | H24: =+G23-H23 -> 0.3 | P24: =+P23+1 -> 29 | Q24: =+M29 -> 347232.6 | R24: =+'有効抵抗土圧(4P左)'!G224 -> 2650.0218 | S24: =+'有効抵抗土圧(4P左)'!G225 -> 2796.8632 | U24: =+P24 -> 29 | V24: =+Q24 -> 347232.6 | W24: =+R74 -> 6625.0545 | X24: =+S74 -> 6992.1581
G25: =+G23 -> 1.3 | H25: =+E24-H24 -> 0.3 | I25: =+I23+1 -> 26 | J25: =+J23+1 -> 76 | K25: =(F24*H25+F26*H26)/G25 -> 135515.08 | L25: =+E5*K25 -> 176169.6 | M25: =+E7*L25 -> 352339.2 | P25: =+P24+1 -> 30 | Q25: =+M30 -> 347232.6 | R25: =+'有効抵抗土圧(4P左)'!G226 -> 2796.8632 | S25: =+'有効抵抗土圧(4P左)'!G227 -> 2943.7047 | U25: =+P25 -> 30 | V25: =+Q25 -> 347232.6 | W25: =+R75 -> 6992.1581 | X25: =+S75 -> 7359.2617
D26: ⑥ | E26: 9.5 | F26: 133551 | H26: =+G25-H25 -> 1 | P26: =+P25+1 -> 31 | Q26: =+M31 -> 347232.6 | R26: =+'有効抵抗土圧(4P左)'!G228 -> 2943.7047 | S26: =+'有効抵抗土圧(4P左)'!G229 -> 3090.5461 | U26: =+P26 -> 31 | V26: =+Q26 -> 347232.6 | W26: =+R76 -> 7359.2617 | X26: =+S76 -> 7726.3653
G27: =+G25 -> 1.3 | I27: =+I25+1 -> 27 | J27: =+J25+1 -> 77 | K27: =+F26 -> 133551 | L27: =+E5*K27 -> 173616.3 | M27: =+E7*L27 -> 347232.6 | P27: =+P26+1 -> 32 | Q27: =+M32 -> 347232.6 | R27: =+'有効抵抗土圧(4P左)'!G230 -> 3090.5461 | S27: =+'有効抵抗土圧(4P左)'!G231 -> 3237.3875 | U27: =+P27 -> 32 | V27: =+Q27 -> 347232.6 | W27: =+R77 -> 7726.3653 | X27: =+S77 -> 8093.4688
G28: =+G27 -> 1.3 | I28: =+I27+1 -> 28 | J28: =+J27+1 -> 78 | K28: =+F26 -> 133551 | L28: =+E5*K28 -> 173616.3 | M28: =+E7*L28 -> 347232.6 | P28: =+P27+1 -> 33 | Q28: =+M33 -> 263959.8 | R28: =+'有効抵抗土圧(4P左)'!G232 -> 2144.6563 | S28: =+'有効抵抗土圧(4P左)'!G233 -> 2144.6563 | U28: =+P28 -> 33 | V28: =+Q28 -> 263959.8 | W28: =+R78 -> 5361.6408 | X28: =+S78 -> 5361.6408
G29: =+G28 -> 1.3 | I29: =+I28+1 -> 29 | J29: =+J28+1 -> 79 | K29: =+F26 -> 133551 | L29: =+E5*K29 -> 173616.3 | M29: =+E7*L29 -> 347232.6 | P29: =+P28+1 -> 34 | Q29: =+M35 -> 166808.2 | R29: =+'有効抵抗土圧(4P左)'!G234 -> 2059.2 | S29: =+'有効抵抗土圧(4P左)'!G235 -> 2059.2 | U29: =+P29 -> 34 | V29: =+Q29 -> 166808.2 | W29: =+R79 -> 2059.2 | X29: =+S79 -> 2059.2
G30: =+G29 -> 1.3 | I30: =+I29+1 -> 30 | J30: =+J29+1 -> 80 | K30: =+F26 -> 133551 | L30: =+E5*K30 -> 173616.3 | M30: =+E7*L30 -> 347232.6 | P30: =+P29+1 -> 35 | Q30: =+M36 -> 166808.2 | R30: =+'有効抵抗土圧(4P左)'!G236 -> 2059.2 | S30: =+'有効抵抗土圧(4P左)'!G237 -> 2059.2 | U30: =+P30 -> 35 | V30: =+Q30 -> 166808.2 | W30: =+R80 -> 2059.2 | X30: =+S80 -> 2059.2
G31: =+G30 -> 1.3 | I31: =+I30+1 -> 31 | J31: =+J30+1 -> 81 | K31: =+F26 -> 133551 | L31: =+E5*K31 -> 173616.3 | M31: =+E7*L31 -> 347232.6 | P31: =+P30+1 -> 36 | Q31: =+M37 -> 166808.2 | R31: =+'有効抵抗土圧(4P左)'!G238 -> 2059.2 | S31: =+'有効抵抗土圧(4P左)'!G239 -> 2059.2 | U31: =+P31 -> 36 | V31: =+Q31 -> 166808.2 | W31: =+R81 -> 2059.2 | X31: =+S81 -> 2059.2
G32: =+G31 -> 1.3 | I32: =+I31+1 -> 32 | J32: =+J31+1 -> 82 | K32: =+F26 -> 133551 | L32: =+E5*K32 -> 173616.3 | M32: =+E7*L32 -> 347232.6 | P32: =+P31+1 -> 37 | Q32: =+M38 -> 166808.2 | R32: =+'有効抵抗土圧(4P左)'!G240 -> 2059.2 | S32: =+'有効抵抗土圧(4P左)'!G241 -> 2059.2 | U32: =+P32 -> 37 | V32: =+Q32 -> 166808.2 | W32: =+R82 -> 2059.2 | X32: =+S82 -> 2059.2
G33: =+G32 -> 1.3 | H33: =+E26-H26-G27-G28-G29-G30-G31-G32 -> 0.7 | I33: =+I32+1 -> 33 | J33: =+J32+1 -> 83 | K33: =(F26*H33+F34*H34)/G33 -> 101523 | L33: =+E5*K33 -> 131979.9 | M33: =+E7*L33 -> 263959.8 | P33: =+P32+1 -> 38 | Q33: =+M39 -> 166808.2 | R33: =+'有効抵抗土圧(4P左)'!G242 -> 2059.2 | S33: =+'有効抵抗土圧(4P左)'!G243 -> 2059.2 | U33: =+P33 -> 38 | V33: =+Q33 -> 166808.2 | W33: =+R83 -> 2059.2 | X33: =+S83 -> 2059.2
D34: ⑦ | E34: 10.8 | F34: 64157 | H34: =+G33-H33 -> 0.6 | P34: =+P33+1 -> 39 | Q34: =+M40 -> 166808.2 | R34: =+'有効抵抗土圧(4P左)'!G244 -> 2059.2 | S34: =+'有効抵抗土圧(4P左)'!G245 -> 2059.2 | U34: =+P34 -> 39 | V34: =+Q34 -> 166808.2 | W34: =+R84 -> 2059.2 | X34: =+S84 -> 2059.2
G35: =+G33 -> 1.3 | I35: =+I33+1 -> 34 | J35: =+J33+1 -> 84 | K35: =+F34 -> 64157 | L35: =+E5*K35 -> 83404.1 | M35: =+E7*L35 -> 166808.2 | P35: =+P34+1 -> 40 | Q35: =+M41 -> 166808.2 | R35: =+'有効抵抗土圧(4P左)'!G246 -> 2059.2 | S35: =+'有効抵抗土圧(4P左)'!G247 -> 2059.2 | U35: =+P35 -> 40 | V35: =+Q35 -> 166808.2 | W35: =+R85 -> 2059.2 | X35: =+S85 -> 2059.2
G36: =+G35 -> 1.3 | I36: =+I35+1 -> 35 | J36: =+J35+1 -> 85 | K36: =+F34 -> 64157 | L36: =+E5*K36 -> 83404.1 | M36: =+E7*L36 -> 166808.2 | P36: =+P35+1 -> 41 | Q36: =+M42 -> 166808.2 | R36: =+'有効抵抗土圧(4P左)'!G248 -> 2059.2 | S36: =+'有効抵抗土圧(4P左)'!G249 -> 2059.2 | U36: =+P36 -> 41 | V36: =+Q36 -> 166808.2 | W36: =+R86 -> 2059.2 | X36: =+S86 -> 2059.2
G37: =+G36 -> 1.3 | I37: =+I36+1 -> 36 | J37: =+J36+1 -> 86 | K37: =+F34 -> 64157 | L37: =+E5*K37 -> 83404.1 | M37: =+E7*L37 -> 166808.2
G38: =+G37 -> 1.3 | I38: =+I37+1 -> 37 | J38: =+J37+1 -> 87 | K38: =+F34 -> 64157 | L38: =+E5*K38 -> 83404.1 | M38: =+E7*L38 -> 166808.2 | P38: =+I56 -> 43 | Q38: =+M56 -> 25318.8 | R38: =+'有効抵抗土圧(4P左)'!H202 -> 447.2 | S38: =+'有効抵抗土圧(4P左)'!H203 -> 530.70136 | U38: =+P38 -> 43 | V38: =+Q38 -> 25318.8 | W38: =+R38 -> 447.2 | X38: =+S38 -> 530.70136
G39: =+G38 -> 1.3 | I39: =+I38+1 -> 38 | J39: =+J38+1 -> 88 | K39: =+F34 -> 64157 | L39: =+E5*K39 -> 83404.1 | M39: =+E7*L39 -> 166808.2 | P39: =+P38+1 -> 44 | Q39: =+M57 -> 25318.8 | R39: =+'有効抵抗土圧(4P左)'!H204 -> 530.70136 | S39: =+'有効抵抗土圧(4P左)'!H205 -> 614.20273 | U39: =+P39 -> 44 | V39: =+Q39 -> 25318.8 | W39: =+R39 -> 530.70136 | X39: =+S39 -> 614.20273
G40: =+G39 -> 1.3 | I40: =+I39+1 -> 39 | J40: =+J39+1 -> 89 | K40: =+F34 -> 64157 | L40: =+E5*K40 -> 83404.1 | M40: =+E7*L40 -> 166808.2 | P40: =+P39+1 -> 45 | Q40: =+M58 -> 75400.8 | R40: =+'有効抵抗土圧(4P左)'!H206 -> 814.77131 | S40: =+'有効抵抗土圧(4P左)'!H207 -> 814.77131 | U40: =+P40 -> 45 | V40: =+Q40 -> 75400.8 | W40: =+R40 -> 814.77131 | X40: =+S40 -> 814.77131
G41: =+G40 -> 1.3 | I41: =+I40+1 -> 40 | J41: =+J40+1 -> 90 | K41: =+F34 -> 64157 | L41: =+E5*K41 -> 83404.1 | M41: =+E7*L41 -> 166808.2 | P41: =+P40+1 -> 46 | Q41: =+M60 -> 94059.4 | R41: =+'有効抵抗土圧(4P左)'!H208 -> 711.41096 | S41: =+'有効抵抗土圧(4P左)'!H209 -> 711.41096 | U41: =+P41 -> 46 | V41: =+Q41 -> 94059.4 | W41: =+R41 -> 711.41096 | X41: =+S41 -> 711.41096
G42: 1.1 | I42: =+I41+1 -> 41 | J42: =+J41+1 -> 91 | K42: =+F34 -> 64157 | L42: =+E5*K42 -> 83404.1 | M42: =+E7*L42 -> 166808.2 | P42: =+P41+1 -> 47 | Q42: =+M62 -> 47660.6 | R42: =+'有効抵抗土圧(4P左)'!H210 -> 292.5 | S42: =+'有効抵抗土圧(4P左)'!H211 -> 292.5 | U42: =+P42 -> 47 | V42: =+Q42 -> 47660.6 | W42: =+R42 -> 292.5 | X42: =+S42 -> 292.5
D43: Σ | E43: =SUM(E13:E42) -> 31 | G43: =SUM(G13:G42) -> 31 | P43: =+P42+1 -> 48 | Q43: =+M63 -> 26710.2 | R43: =+'有効抵抗土圧(4P左)'!H212 -> 489.315 | S43: =+'有効抵抗土圧(4P左)'!H213 -> 489.315 | U43: =+P43 -> 48 | V43: =+Q43 -> 26710.2 | W43: =+R43 -> 489.315 | X43: =+S43 -> 489.315
P44: =+P43+1 -> 49 | Q44: =+M65 -> 115744.2 | R44: =+'有効抵抗土圧(4P左)'!H214 -> 1155.505 | S44: =+'有効抵抗土圧(4P左)'!H215 -> 1243.385 | U44: =+P44 -> 49 | V44: =+Q44 -> 115744.2 | W44: =+R44 -> 1155.505 | X44: =+S44 -> 1243.385
P45: =+P44+1 -> 50 | Q45: =+M66 -> 42618.6 | R45: =+'有効抵抗土圧(4P左)'!H216 -> 1244.35 | S45: =+'有効抵抗土圧(4P左)'!H217 -> 1244.35 | U45: =+P45 -> 50 | V45: =+Q45 -> 42618.6 | W45: =+R45 -> 1244.35 | X45: =+S45 -> 1244.35
P46: =+P45+1 -> 51 | Q46: =+M68 -> 176169.6 | R46: =+'有効抵抗土圧(4P左)'!H218 -> 1367.6026 | S46: =+'有効抵抗土圧(4P左)'!H219 -> 1367.6026 | U46: =+P46 -> 51 | V46: =+Q46 -> 176169.6 | W46: =+R46 -> 1367.6026 | X46: =+S46 -> 1367.6026
C47: b) | D47: 4P左(2列目) | P47: =+P46+1 -> 52 | Q47: =+M70 -> 173616.3 | R47: =+'有効抵抗土圧(4P左)'!H220 -> 1472.7118 | S47: =+'有効抵抗土圧(4P左)'!H221 -> 1564.4877 | U47: =+P47 -> 52 | V47: =+Q47 -> 173616.3 | W47: =+R47 -> 1472.7118 | X47: =+S47 -> 1564.4877
D48: 杭径 | E48: =+E5 -> 1.3 | F48: m | P48: =+P47+1 -> 53 | Q48: =+M71 -> 173616.3 | R48: =+'有効抵抗土圧(4P左)'!H222 -> 1564.4877 | S48: =+'有効抵抗土圧(4P左)'!H223 -> 1656.2636 | U48: =+P48 -> 53 | V48: =+Q48 -> 173616.3 | W48: =+R48 -> 1564.4877 | X48: =+S48 -> 1656.2636
D49: 杭全長 | E49: =+E6 -> 31 | F49: m | P49: =+P48+1 -> 54 | Q49: =+M72 -> 173616.3 | R49: =+'有効抵抗土圧(4P左)'!H224 -> 1656.2636 | S49: =+'有効抵抗土圧(4P左)'!H225 -> 1748.0395 | U49: =+P49 -> 54 | V49: =+Q49 -> 173616.3 | W49: =+R49 -> 1656.2636 | X49: =+S49 -> 1748.0395
D50: 杭本数 | E50: 1 | F50: 本 | P50: =+P49+1 -> 55 | Q50: =+M73 -> 173616.3 | R50: =+'有効抵抗土圧(4P左)'!H226 -> 1748.0395 | S50: =+'有効抵抗土圧(4P左)'!H227 -> 1839.8154 | U50: =+P50 -> 55 | V50: =+Q50 -> 173616.3 | W50: =+R50 -> 1748.0395 | X50: =+S50 -> 1839.8154
D51: 層番号 | E51: 層厚 (m) | F51: 水平地盤反力係数 khg (kN/m3) | G51: 部材長 (m) | I51: 部材番号 | K51: 各部材の水平地盤反力係数 khg (kN/m3) | L51: 各部材の水平ばね定数 KH (kN/m2) | P51: =+P50+1 -> 56 | Q51: =+M74 -> 173616.3 | R51: =+'有効抵抗土圧(4P左)'!H228 -> 1839.8154 | S51: =+'有効抵抗土圧(4P左)'!H229 -> 1931.5913 | U51: =+P51 -> 56 | V51: =+Q51 -> 173616.3 | W51: =+R51 -> 1839.8154 | X51: =+S51 -> 1931.5913
P52: =+P51+1 -> 57 | Q52: =+M75 -> 173616.3 | R52: =+'有効抵抗土圧(4P左)'!H230 -> 1931.5913 | S52: =+'有効抵抗土圧(4P左)'!H231 -> 2023.3672 | U52: =+P52 -> 57 | V52: =+Q52 -> 173616.3 | W52: =+R52 -> 1931.5913 | X52: =+S52 -> 2023.3672
P53: =+P52+1 -> 58 | Q53: =+M76 -> 131979.9 | R53: =+'有効抵抗土圧(4P左)'!H232 -> 1340.4102 | S53: =+'有効抵抗土圧(4P左)'!H233 -> 1340.4102 | U53: =+P53 -> 58 | V53: =+Q53 -> 131979.9 | W53: =+R53 -> 1340.4102 | X53: =+S53 -> 1340.4102
P54: =+P53+1 -> 59 | Q54: =+M78 -> 83404.1 | R54: =+'有効抵抗土圧(4P左)'!H234 -> 1029.6 | S54: =+'有効抵抗土圧(4P左)'!H235 -> 1029.6 | U54: =+P54 -> 59 | V54: =+Q54 -> 83404.1 | W54: =+R54 -> 1029.6 | X54: =+S54 -> 1029.6
L55: 杭1本当り | M55: =+E50 -> 1 | P55: =+P54+1 -> 60 | Q55: =+M79 -> 83404.1 | R55: =+'有効抵抗土圧(4P左)'!H236 -> 1029.6 | S55: =+'有効抵抗土圧(4P左)'!H237 -> 1029.6 | U55: =+P55 -> 60 | V55: =+Q55 -> 83404.1 | W55: =+R55 -> 1029.6 | X55: =+S55 -> 1029.6
D56: ① | E56: =+E13 -> 3.3 | F56: =+F13 -> 19476 | G56: =+E48 -> 1.3 | I56: 43 | K56: =+F56 -> 19476 | L56: =K56*E48 -> 25318.8 | M56: =+E50*L56 -> 25318.8 | P56: =+P55+1 -> 61 | Q56: =+M80 -> 83404.1 | R56: =+'有効抵抗土圧(4P左)'!H238 -> 1029.6 | S56: =+'有効抵抗土圧(4P左)'!H239 -> 1029.6 | U56: =+P56 -> 61 | V56: =+Q56 -> 83404.1 | W56: =+R56 -> 1029.6 | X56: =+S56 -> 1029.6
G57: =+G56 -> 1.3 | I57: =+I56+1 -> 44 | K57: =+F56 -> 19476 | L57: =K57*E48 -> 25318.8 | M57: =+E50*L57 -> 25318.8 | P57: =+P56+1 -> 62 | Q57: =+M81 -> 83404.1 | R57: =+'有効抵抗土圧(4P左)'!H240 -> 1029.6 | S57: =+'有効抵抗土圧(4P左)'!H241 -> 1029.6 | U57: =+P57 -> 62 | V57: =+Q57 -> 83404.1 | W57: =+R57 -> 1029.6 | X57: =+S57 -> 1029.6
G58: =+G57 -> 1.3 | H58: =+E56-G56-G57 -> 0.7 | I58: =+I57+1 -> 45 | K58: =(F56*H58+F59*H59)/G58 -> 58000.615 | L58: =+E48*K58 -> 75400.8 | M58: =+E50*L58 -> 75400.8 | P58: =+P57+1 -> 63 | Q58: =+M82 -> 83404.1 | R58: =+'有効抵抗土圧(4P左)'!H242 -> 1029.6 | S58: =+'有効抵抗土圧(4P左)'!H243 -> 1029.6 | U58: =+P58 -> 63 | V58: =+Q58 -> 83404.1 | W58: =+R58 -> 1029.6 | X58: =+S58 -> 1029.6
D59: ② | E59: =+E16 -> 1.3 | F59: =+F16 -> 102946 | H59: =+G58-H58 -> 0.6 | P59: =+P58+1 -> 64 | Q59: =+M83 -> 83404.1 | R59: =+'有効抵抗土圧(4P左)'!H244 -> 1029.6 | S59: =+'有効抵抗土圧(4P左)'!H245 -> 1029.6 | U59: =+P59 -> 64 | V59: =+Q59 -> 83404.1 | W59: =+R59 -> 1029.6 | X59: =+S59 -> 1029.6
G60: =+G58 -> 1.3 | H60: =+E59-H59 -> 0.7 | I60: =+I58+1 -> 46 | K60: =(F59*H60+F61*H61)/G60 -> 72353.385 | L60: =+E48*K60 -> 94059.4 | M60: =+E50*L60 -> 94059.4 | P60: =+P59+1 -> 65 | Q60: =+M84 -> 83404.1 | R60: =+'有効抵抗土圧(4P左)'!H246 -> 1029.6 | S60: =+'有効抵抗土圧(4P左)'!H247 -> 1029.6 | U60: =+P60 -> 65 | V60: =+Q60 -> 83404.1 | W60: =+R60 -> 1029.6 | X60: =+S60 -> 1029.6
D61: ③ | E61: =+E18 -> 2.9 | F61: =+F18 -> 36662 | H61: =+G60-H60 -> 0.6 | P61: =+P60+1 -> 66 | Q61: =+M85 -> 83404.1 | R61: =+'有効抵抗土圧(4P左)'!H248 -> 1029.6 | S61: =+'有効抵抗土圧(4P左)'!H249 -> 1029.6 | U61: =+P61 -> 66 | V61: =+Q61 -> 83404.1 | W61: =+R61 -> 1029.6 | X61: =+S61 -> 1029.6
G62: =+G60 -> 1.3 | I62: =+I60+1 -> 47 | K62: =+F61 -> 36662 | L62: =+E48*K62 -> 47660.6 | M62: =+E50*L62 -> 47660.6
G63: =+G62 -> 1.3 | H63: =+E61-H61-G62 -> 1 | I63: =+I62+1 -> 48 | K63: =(F62*H63+F64*H64)/G63 -> 20546.308 | L63: =+E48*K63 -> 26710.2 | M63: =+E50*L63 -> 26710.2 | P63: =+J13 -> 68 | Q63: =+Q13 -> 50637.6 | R63: =+'有効抵抗土圧(4P左)'!I202 -> 1788.8 | S63: =+'有効抵抗土圧(4P左)'!I203 -> 2122.8055 | U63: =+P63 -> 68 | V63: =+Q63 -> 50637.6 | W63: =+R13 -> 715.52 | X63: =+S13 -> 849.12218
D64: ④ | E64: =+E21 -> 2.6 | F64: =+F21 -> 89034 | H64: =+G63-H63 -> 0.3 | P64: =+P63+1 -> 69 | Q64: =+Q14 -> 50637.6 | R64: =+'有効抵抗土圧(4P左)'!I204 -> 2122.8055 | S64: =+'有効抵抗土圧(4P左)'!I205 -> 2456.8109 | U64: =+P64 -> 69 | V64: =+Q64 -> 50637.6 | W64: =+R14 -> 849.12218 | X64: =+S14 -> 982.72436
G65: =+G63 -> 1.3 | I65: =+I63+1 -> 49 | K65: =+F64 -> 89034 | L65: =+E48*K65 -> 115744.2 | M65: =+E50*L65 -> 115744.2 | P65: =+P64+1 -> 70 | Q65: =+Q15 -> 150801.6 | R65: =+'有効抵抗土圧(4P左)'!I206 -> 3259.0852 | S65: =+'有効抵抗土圧(4P左)'!I207 -> 3259.0852 | U65: =+P65 -> 70 | V65: =+Q65 -> 150801.6 | W65: =+R15 -> 1303.6341 | X65: =+S15 -> 1303.6341
G66: =+G65 -> 1.3 | H66: =+E64-H64-G65 -> 1 | I66: =+I65+1 -> 50 | K66: =(F65*H66+F67*H67)/G66 -> 32783.538 | L66: =+E48*K66 -> 42618.6 | M66: =+E50*L66 -> 42618.6 | P66: =+P65+1 -> 71 | Q66: =+Q16 -> 188118.8 | R66: =+'有効抵抗土圧(4P左)'!I208 -> 2845.6438 | S66: =+'有効抵抗土圧(4P左)'!I209 -> 2845.6438 | U66: =+P66 -> 71 | V66: =+Q66 -> 188118.8 | W66: =+R16 -> 1138.2575 | X66: =+S16 -> 1138.2575
D67: ⑤ | E67: =+E24 -> 0.6 | F67: =+F24 -> 142062 | H67: =+G66-H66 -> 0.3 | P67: =+P66+1 -> 72 | Q67: =+Q17 -> 95321.2 | R67: =+'有効抵抗土圧(4P左)'!I210 -> 1170 | S67: =+'有効抵抗土圧(4P左)'!I211 -> 1170 | U67: =+P67 -> 72 | V67: =+Q67 -> 95321.2 | W67: =+R17 -> 468 | X67: =+S17 -> 468
G68: =+G66 -> 1.3 | H68: =+E67-H67 -> 0.3 | I68: =+I66+1 -> 51 | K68: =(F67*H68+F69*H69)/G68 -> 135515.08 | L68: =+E48*K68 -> 176169.6 | M68: =+E50*L68 -> 176169.6 | P68: =+P67+1 -> 73 | Q68: =+Q18 -> 53420.4 | R68: =+'有効抵抗土圧(4P左)'!I212 -> 1957.26 | S68: =+'有効抵抗土圧(4P左)'!I213 -> 1957.26 | U68: =+P68 -> 73 | V68: =+Q68 -> 53420.4 | W68: =+R18 -> 782.904 | X68: =+S18 -> 782.904
D69: ⑥ | E69: =+E26 -> 9.5 | F69: =+F26 -> 133551 | H69: =+G68-H68 -> 1 | P69: =+P68+1 -> 74 | Q69: =+Q19 -> 231488.4 | R69: =+'有効抵抗土圧(4P左)'!I214 -> 4622.02 | S69: =+'有効抵抗土圧(4P左)'!I215 -> 4973.54 | U69: =+P69 -> 74 | V69: =+Q69 -> 231488.4 | W69: =+R19 -> 1848.808 | X69: =+S19 -> 1989.416
G70: =+G68 -> 1.3 | I70: =+I68+1 -> 52 | K70: =+F69 -> 133551 | L70: =+E48*K70 -> 173616.3 | M70: =+E50*L70 -> 173616.3 | P70: =+P69+1 -> 75 | Q70: =+Q20 -> 85237.2 | R70: =+'有効抵抗土圧(4P左)'!I216 -> 4977.4 | S70: =+'有効抵抗土圧(4P左)'!I217 -> 4977.4 | U70: =+P70 -> 75 | V70: =+Q70 -> 85237.2 | W70: =+R20 -> 1990.96 | X70: =+S20 -> 1990.96
G71: =+G70 -> 1.3 | I71: =+I70+1 -> 53 | K71: =+F69 -> 133551 | L71: =+E48*K71 -> 173616.3 | M71: =+E50*L71 -> 173616.3 | P71: =+P70+1 -> 76 | Q71: =+Q21 -> 352339.2 | R71: =+'有効抵抗土圧(4P左)'!I218 -> 5470.4105 | S71: =+'有効抵抗土圧(4P左)'!I219 -> 5470.4105 | U71: =+P71 -> 76 | V71: =+Q71 -> 352339.2 | W71: =+R21 -> 2188.1642 | X71: =+S21 -> 2188.1642
G72: =+G71 -> 1.3 | I72: =+I71+1 -> 54 | K72: =+F69 -> 133551 | L72: =+E48*K72 -> 173616.3 | M72: =+E50*L72 -> 173616.3 | P72: =+P71+1 -> 77 | Q72: =+Q22 -> 347232.6 | R72: =+'有効抵抗土圧(4P左)'!I220 -> 5890.8474 | S72: =+'有効抵抗土圧(4P左)'!I221 -> 6257.9509 | U72: =+P72 -> 77 | V72: =+Q72 -> 347232.6 | W72: =+R22 -> 2356.3389 | X72: =+S22 -> 2503.1804
G73: =+G72 -> 1.3 | I73: =+I72+1 -> 55 | K73: =+F69 -> 133551 | L73: =+E48*K73 -> 173616.3 | M73: =+E50*L73 -> 173616.3 | P73: =+P72+1 -> 78 | Q73: =+Q23 -> 347232.6 | R73: =+'有効抵抗土圧(4P左)'!I222 -> 6257.9509 | S73: =+'有効抵抗土圧(4P左)'!I223 -> 6625.0545 | U73: =+P73 -> 78 | V73: =+Q73 -> 347232.6 | W73: =+R23 -> 2503.1804 | X73: =+S23 -> 2650.0218
G74: =+G73 -> 1.3 | I74: =+I73+1 -> 56 | K74: =+F69 -> 133551 | L74: =+E48*K74 -> 173616.3 | M74: =+E50*L74 -> 173616.3 | P74: =+P73+1 -> 79 | Q74: =+Q24 -> 347232.6 | R74: =+'有効抵抗土圧(4P左)'!I224 -> 6625.0545 | S74: =+'有効抵抗土圧(4P左)'!I225 -> 6992.1581 | U74: =+P74 -> 79 | V74: =+Q74 -> 347232.6 | W74: =+R24 -> 2650.0218 | X74: =+S24 -> 2796.8632
G75: =+G74 -> 1.3 | I75: =+I74+1 -> 57 | K75: =+F69 -> 133551 | L75: =+E48*K75 -> 173616.3 | M75: =+E50*L75 -> 173616.3 | P75: =+P74+1 -> 80 | Q75: =+Q25 -> 347232.6 | R75: =+'有効抵抗土圧(4P左)'!I226 -> 6992.1581 | S75: =+'有効抵抗土圧(4P左)'!I227 -> 7359.2617 | U75: =+P75 -> 80 | V75: =+Q75 -> 347232.6 | W75: =+R25 -> 2796.8632 | X75: =+S25 -> 2943.7047
G76: =+G75 -> 1.3 | H76: =+E69-H69-G70-G71-G72-G73-G74-G75 -> 0.7 | I76: =+I75+1 -> 58 | K76: =(F69*H76+F77*H77)/G76 -> 101523 | L76: =+E48*K76 -> 131979.9 | M76: =+E50*L76 -> 131979.9 | P76: =+P75+1 -> 81 | Q76: =+Q26 -> 347232.6 | R76: =+'有効抵抗土圧(4P左)'!I228 -> 7359.2617 | S76: =+'有効抵抗土圧(4P左)'!I229 -> 7726.3653 | U76: =+P76 -> 81 | V76: =+Q76 -> 347232.6 | W76: =+R26 -> 2943.7047 | X76: =+S26 -> 3090.5461
D77: ⑦ | E77: =+E34 -> 10.8 | F77: =+F34 -> 64157 | H77: =+G76-H76 -> 0.6 | P77: =+P76+1 -> 82 | Q77: =+Q27 -> 347232.6 | R77: =+'有効抵抗土圧(4P左)'!I230 -> 7726.3653 | S77: =+'有効抵抗土圧(4P左)'!I231 -> 8093.4688 | U77: =+P77 -> 82 | V77: =+Q77 -> 347232.6 | W77: =+R27 -> 3090.5461 | X77: =+S27 -> 3237.3875
G78: =+G76 -> 1.3 | I78: =+I76+1 -> 59 | K78: =+F77 -> 64157 | L78: =+E48*K78 -> 83404.1 | M78: =+E50*L78 -> 83404.1 | P78: =+P77+1 -> 83 | Q78: =+Q28 -> 263959.8 | R78: =+'有効抵抗土圧(4P左)'!I232 -> 5361.6408 | S78: =+'有効抵抗土圧(4P左)'!I233 -> 5361.6408 | U78: =+P78 -> 83 | V78: =+Q78 -> 263959.8 | W78: =+R28 -> 2144.6563 | X78: =+S28 -> 2144.6563
G79: =+G78 -> 1.3 | I79: =+I78+1 -> 60 | K79: =+F77 -> 64157 | L79: =+E48*K79 -> 83404.1 | M79: =+E50*L79 -> 83404.1 | P79: =+P78+1 -> 84 | Q79: =+Q29 -> 166808.2 | R79: =+'有効抵抗土圧(4P左)'!I234 -> 2059.2 | S79: =+'有効抵抗土圧(4P左)'!I235 -> 2059.2 | U79: =+P79 -> 84 | V79: =+Q79 -> 166808.2 | W79: =+R29 -> 2059.2 | X79: =+S29 -> 2059.2
G80: =+G79 -> 1.3 | I80: =+I79+1 -> 61 | K80: =+F77 -> 64157 | L80: =+E48*K80 -> 83404.1 | M80: =+E50*L80 -> 83404.1 | P80: =+P79+1 -> 85 | Q80: =+Q30 -> 166808.2 | R80: =+'有効抵抗土圧(4P左)'!I236 -> 2059.2 | S80: =+'有効抵抗土圧(4P左)'!I237 -> 2059.2 | U80: =+P80 -> 85 | V80: =+Q80 -> 166808.2 | W80: =+R30 -> 2059.2 | X80: =+S30 -> 2059.2
G81: =+G80 -> 1.3 | I81: =+I80+1 -> 62 | K81: =+F77 -> 64157 | L81: =+E48*K81 -> 83404.1 | M81: =+E50*L81 -> 83404.1 | P81: =+P80+1 -> 86 | Q81: =+Q31 -> 166808.2 | R81: =+'有効抵抗土圧(4P左)'!I238 -> 2059.2 | S81: =+'有効抵抗土圧(4P左)'!I239 -> 2059.2 | U81: =+P81 -> 86 | V81: =+Q81 -> 166808.2 | W81: =+R31 -> 2059.2 | X81: =+S31 -> 2059.2
G82: =+G81 -> 1.3 | I82: =+I81+1 -> 63 | K82: =+F77 -> 64157 | L82: =+E48*K82 -> 83404.1 | M82: =+E50*L82 -> 83404.1 | P82: =+P81+1 -> 87 | Q82: =+Q32 -> 166808.2 | R82: =+'有効抵抗土圧(4P左)'!I240 -> 2059.2 | S82: =+'有効抵抗土圧(4P左)'!I241 -> 2059.2 | U82: =+P82 -> 87 | V82: =+Q82 -> 166808.2 | W82: =+R32 -> 2059.2 | X82: =+S32 -> 2059.2
G83: =+G82 -> 1.3 | I83: =+I82+1 -> 64 | K83: =+F77 -> 64157 | L83: =+E48*K83 -> 83404.1 | M83: =+E50*L83 -> 83404.1 | P83: =+P82+1 -> 88 | Q83: =+Q33 -> 166808.2 | R83: =+'有効抵抗土圧(4P左)'!I242 -> 2059.2 | S83: =+'有効抵抗土圧(4P左)'!I243 -> 2059.2 | U83: =+P83 -> 88 | V83: =+Q83 -> 166808.2 | W83: =+R33 -> 2059.2 | X83: =+S33 -> 2059.2
G84: =+G83 -> 1.3 | I84: =+I83+1 -> 65 | K84: =+F77 -> 64157 | L84: =+E48*K84 -> 83404.1 | M84: =+E50*L84 -> 83404.1 | P84: =+P83+1 -> 89 | Q84: =+Q34 -> 166808.2 | R84: =+'有効抵抗土圧(4P左)'!I244 -> 2059.2 | S84: =+'有効抵抗土圧(4P左)'!I245 -> 2059.2 | U84: =+P84 -> 89 | V84: =+Q84 -> 166808.2 | W84: =+R34 -> 2059.2 | X84: =+S34 -> 2059.2
G85: 1.1 | I85: =+I84+1 -> 66 | K85: =+F77 -> 64157 | L85: =+E48*K85 -> 83404.1 | M85: =+E50*L85 -> 83404.1 | P85: =+P84+1 -> 90 | Q85: =+Q35 -> 166808.2 | R85: =+'有効抵抗土圧(4P左)'!I246 -> 2059.2 | S85: =+'有効抵抗土圧(4P左)'!I247 -> 2059.2 | U85: =+P85 -> 90 | V85: =+Q85 -> 166808.2 | W85: =+R35 -> 2059.2 | X85: =+S35 -> 2059.2
D86: Σ | E86: =SUM(E56:E85) -> 31 | G86: =SUM(G56:G85) -> 31 | P86: =+P85+1 -> 91 | Q86: =+Q36 -> 166808.2 | R86: =+'有効抵抗土圧(4P左)'!I248 -> 2059.2 | S86: =+'有効抵抗土圧(4P左)'!I249 -> 2059.2 | U86: =+P86 -> 91 | V86: =+Q86 -> 166808.2 | W86: =+R36 -> 2059.2 | X86: =+S36 -> 2059.2

Sheet 水平地盤ばね定数(4P右)
C2: c) | D2: 4P右(1,3列目)
D3: 杭径 | E3: 1.3 | F3: m
D4: 杭全長 | E4: 31 | F4: m
D5: 杭本数 | E5: 3 | F5: 本
D6: 層番号 | E6: 層厚 (m) | F6: 水平地盤反力係数 khg (kN/m3) | G6: 部材長 (m) | I6: 部材番号 | K6: 各部材の水平地盤反力係数 khg (kN/m3) | L6: 各部材の水平ばね定数 KH (kN/m2) | P6: 右押し（→） | U6: 左押し（←）
P9: 節点番号 | Q9: 水平ばね | R9: 有効抵抗土圧力 | U9: 節点番号 | V9: 水平ばね | W9: 有効抵抗土圧力
L10: 杭1本当り | M10: =+E5 -> 3 | R10: 上端 | S10: 下端 | W10: 上端 | X10: 下端
D11: ① | E11: 1.5 | F11: 15080 | G11: =+E3 -> 1.3 | I11: 98 | J11: 148 | K11: =+F11 -> 15080 | L11: =K11*E3 -> 19604 | M11: =L11*E5 -> 58812 | P11: =+I11 -> 98 | Q11: =+M11 -> 58812 | R11: =+'有効抵抗土圧(4P右)'!G200 -> 1163.0298 | S11: =+'有効抵抗土圧(4P右)'!G201 -> 1307.4657 | U11: =+P11 -> 98 | V11: =+Q11 -> 58812 | W11: =+R61 -> 2907.5744 | X11: =+S61 -> 3268.6642
G12: =+G11 -> 1.3 | H12: =+E11-G11 -> 0.2 | I12: =+I11+1 -> 99 | J12: =+J11+1 -> 149 | K12: =(F11*H12+F13*H13)/G12 -> 69765.231 | L12: =K12*E3 -> 90694.8 | M12: =L12*E5 -> 272084.4 | P12: =+P11+1 -> 99 | Q12: =+M12 -> 272084.4 | R12: =+'有効抵抗土圧(4P右)'!G202 -> 1989.0401 | S12: =+'有効抵抗土圧(4P右)'!G203 -> 1989.0401 | U12: =+P12 -> 99 | V12: =+Q12 -> 272084.4 | W12: =+R62 -> 4972.6003 | X12: =+S62 -> 4972.6003
D13: ② | E13: 1.3 | F13: 79708 | H13: =+G12-H12 -> 1.1 | P13: =+P12+1 -> 100 | Q13: =+M14 -> 141501.9 | R13: =+'有効抵抗土圧(4P右)'!G204 -> 907.71051 | S13: =+'有効抵抗土圧(4P右)'!G205 -> 907.71051 | U13: =+P13 -> 100 | V13: =+Q13 -> 141501.9 | W13: =+R63 -> 2269.2763 | X13: =+S63 -> 2269.2763
G14: =+G12 -> 1.3 | H14: =+E13-H13 -> 0.2 | I14: =+I12+1 -> 100 | J14: =+J12+1 -> 150 | K14: =(F13*H14+F15*H15)/G14 -> 36282.538 | L14: =K14*E3 -> 47167.3 | M14: =L14*E5 -> 141501.9 | P14: =+P13+1 -> 101 | Q14: =+M16 -> 110709.3 | R14: =+'有効抵抗土圧(4P右)'!G206 -> 669.006 | S14: =+'有効抵抗土圧(4P右)'!G207 -> 669.006 | U14: =+P14 -> 101 | V14: =+Q14 -> 110709.3 | W14: =+R64 -> 1672.515 | X14: =+S64 -> 1672.515
D15: ③ | E15: 2.9 | F15: 28387 | H15: =+G14-H14 -> 1.1 | P15: =+P14+1 -> 102 | Q15: =+M17 -> 165448.8 | R15: =+'有効抵抗土圧(4P右)'!G208 -> 1740.9709 | S15: =+'有効抵抗土圧(4P右)'!G209 -> 1740.9709 | U15: =+P15 -> 102 | V15: =+Q15 -> 165448.8 | W15: =+R65 -> 4352.4272 | X15: =+S65 -> 4352.4272
G16: =+G14 -> 1.3 | I16: =+I14+1 -> 101 | J16: =+J14+1 -> 151 | K16: =+F15 -> 28387 | L16: =K16*E3 -> 36903.1 | M16: =L16*E5 -> 110709.3 | P16: =+P15+1 -> 103 | Q16: =+M19 -> 268854.3 | R16: =+'有効抵抗土圧(4P右)'!G210 -> 2472.7948 | S16: =+'有効抵抗土圧(4P右)'!G211 -> 2673.794 | U16: =+P16 -> 103 | V16: =+Q16 -> 268854.3 | W16: =+R66 -> 6181.9871 | X16: =+S66 -> 6684.485
G17: =+G16 -> 1.3 | H17: =+E15-H15-G16 -> 0.5 | I17: =+I16+1 -> 102 | J17: =+J16+1 -> 152 | K17: =(F16*H17+F18*H18)/G17 -> 42422.769 | L17: =K17*E3 -> 55149.6 | M17: =L17*E5 -> 165448.8 | P17: =+P16+1 -> 104 | Q17: =+M20 -> 363439.5 | R17: =+'有効抵抗土圧(4P右)'!G212 -> 2640.6296 | S17: =+'有効抵抗土圧(4P右)'!G213 -> 2640.6296 | U17: =+P17 -> 104 | V17: =+Q17 -> 363439.5 | W17: =+R67 -> 6601.5739 | X17: =+S67 -> 6601.5739
D18: ④ | E18: 2.6 | F18: 68937 | H18: =+G17-H17 -> 0.8 | P18: =+P17+1 -> 105 | Q18: =+M23 -> 403279.5 | R18: =+'有効抵抗土圧(4P右)'!G214 -> 3142.5541 | S18: =+'有効抵抗土圧(4P右)'!G215 -> 3142.5541 | U18: =+P18 -> 105 | V18: =+Q18 -> 403279.5 | W18: =+R68 -> 7856.3853 | X18: =+S68 -> 7856.3853
G19: =+G17 -> 1.3 | I19: =+I17+1 -> 103 | J19: =+J17+1 -> 153 | K19: =+F18 -> 68937 | L19: =K19*E3 -> 89618.1 | M19: =L19*E5 -> 268854.3 | P19: =+P18+1 -> 106 | Q19: =+M24 -> 403279.5 | R19: =+'有効抵抗土圧(4P右)'!G216 -> 3190.7596 | S19: =+'有効抵抗土圧(4P右)'!G217 -> 3400.6897 | U19: =+P19 -> 106 | V19: =+Q19 -> 403279.5 | W19: =+R69 -> 7976.8989 | X19: =+S69 -> 8501.7243
G20: =+G19 -> 1.3 | H20: =+E18-H18-G19 -> 0.5 | I20: =+I19+1 -> 104 | J20: =+J19+1 -> 154 | K20: =(F18*H20+F21*H21+F22*H22)/G20 -> 93189.615 | L20: =K20*E3 -> 121146.5 | M20: =L20*E5 -> 363439.5 | P20: =+P19+1 -> 107 | Q20: =+M25 -> 403279.5 | R20: =+'有効抵抗土圧(4P右)'!G218 -> 3400.6897 | S20: =+'有効抵抗土圧(4P右)'!G219 -> 3610.6199 | U20: =+P20 -> 107 | V20: =+Q20 -> 403279.5 | W20: =+R70 -> 8501.7243 | X20: =+S70 -> 9026.5498
D21: ⑤ | E21: 0.6 | F21: 109995 | H21: =+E21 -> 0.6 | P21: =+P20+1 -> 108 | Q21: =+M26 -> 403279.5 | R21: =+'有効抵抗土圧(4P右)'!G220 -> 3610.6199 | S21: =+'有効抵抗土圧(4P右)'!G221 -> 3820.5501 | U21: =+P21 -> 108 | V21: =+Q21 -> 403279.5 | W21: =+R71 -> 9026.5498 | X21: =+S71 -> 9551.3752
D22: ⑥ | E22: 9.5 | F22: 103405 | H22: =+G20-H20-H21 -> 0.2 | P22: =+P21+1 -> 109 | Q22: =+M27 -> 403279.5 | R22: =+'有効抵抗土圧(4P右)'!G222 -> 3820.5501 | S22: =+'有効抵抗土圧(4P右)'!G223 -> 4030.4802 | U22: =+P22 -> 109 | V22: =+Q22 -> 403279.5 | W22: =+R72 -> 9551.3752 | X22: =+S72 -> 10076.201
G23: =+G20 -> 1.3 | I23: =+I20+1 -> 105 | J23: =+J20+1 -> 155 | K23: =+F22 -> 103405 | L23: =K23*E3 -> 134426.5 | M23: =L23*E5 -> 403279.5 | P23: =+P22+1 -> 110 | Q23: =+M28 -> 403279.5 | R23: =+'有効抵抗土圧(4P右)'!G224 -> 4030.4802 | S23: =+'有効抵抗土圧(4P右)'!G225 -> 4240.4104 | U23: =+P23 -> 110 | V23: =+Q23 -> 403279.5 | W23: =+R73 -> 10076.201 | X23: =+S73 -> 10601.026
G24: =+G23 -> 1.3 | I24: =+I23+1 -> 106 | J24: =+J23+1 -> 156 | K24: =+K23 -> 103405 | L24: =K24*E3 -> 134426.5 | M24: =L24*E5 -> 403279.5 | P24: =+P23+1 -> 111 | Q24: =+M29 -> 403279.5 | R24: =+'有効抵抗土圧(4P右)'!G226 -> 4240.4104 | S24: =+'有効抵抗土圧(4P右)'!G227 -> 4450.3406 | U24: =+P24 -> 111 | V24: =+Q24 -> 403279.5 | W24: =+R74 -> 10601.026 | X24: =+S74 -> 11125.851
G25: =+G24 -> 1.3 | I25: =+I24+1 -> 107 | J25: =+J24+1 -> 157 | K25: =+K24 -> 103405 | L25: =K25*E3 -> 134426.5 | M25: =L25*E5 -> 403279.5 | P25: =+P24+1 -> 112 | Q25: =+M30 -> 225970.5 | R25: =+'有効抵抗土圧(4P右)'!G228 -> 1683.4565 | S25: =+'有効抵抗土圧(4P右)'!G229 -> 1683.4565 | U25: =+P25 -> 112 | V25: =+Q25 -> 225970.5 | W25: =+R75 -> 4208.6412 | X25: =+S75 -> 4208.6412
G26: =+G25 -> 1.3 | I26: =+I25+1 -> 108 | J26: =+J25+1 -> 158 | K26: =+K25 -> 103405 | L26: =K26*E3 -> 134426.5 | M26: =L26*E5 -> 403279.5 | P26: =+P25+1 -> 113 | Q26: =+M32 -> 193732.5 | R26: =+'有効抵抗土圧(4P右)'!G230 -> 3088.8 | S26: =+'有効抵抗土圧(4P右)'!G231 -> 3088.8 | U26: =+P26 -> 113 | V26: =+Q26 -> 193732.5 | W26: =+R76 -> 3088.8 | X26: =+S76 -> 3088.8
G27: =+G26 -> 1.3 | I27: =+I26+1 -> 109 | J27: =+J26+1 -> 159 | K27: =+K26 -> 103405 | L27: =K27*E3 -> 134426.5 | M27: =L27*E5 -> 403279.5 | P27: =+P26+1 -> 114 | Q27: =+M33 -> 193732.5 | R27: =+'有効抵抗土圧(4P右)'!G232 -> 3088.8 | S27: =+'有効抵抗土圧(4P右)'!G233 -> 3088.8 | U27: =+P27 -> 114 | V27: =+Q27 -> 193732.5 | W27: =+R77 -> 3088.8 | X27: =+S77 -> 3088.8
G28: =+G27 -> 1.3 | I28: =+I27+1 -> 110 | J28: =+J27+1 -> 160 | K28: =+K27 -> 103405 | L28: =K28*E3 -> 134426.5 | M28: =L28*E5 -> 403279.5 | P28: =+P27+1 -> 115 | Q28: =+M34 -> 193732.5 | R28: =+'有効抵抗土圧(4P右)'!G234 -> 3088.8 | S28: =+'有効抵抗土圧(4P右)'!G235 -> 3088.8 | U28: =+P28 -> 115 | V28: =+Q28 -> 193732.5 | W28: =+R78 -> 3088.8 | X28: =+S78 -> 3088.8
G29: =+G28 -> 1.3 | I29: =+I28+1 -> 111 | J29: =+J28+1 -> 161 | K29: =+K28 -> 103405 | L29: =K29*E3 -> 134426.5 | M29: =L29*E5 -> 403279.5 | P29: =+P28+1 -> 116 | Q29: =+M35 -> 193732.5 | R29: =+'有効抵抗土圧(4P右)'!G236 -> 3088.8 | S29: =+'有効抵抗土圧(4P右)'!G237 -> 3088.8 | U29: =+P29 -> 116 | V29: =+Q29 -> 193732.5 | W29: =+R79 -> 3088.8 | X29: =+S79 -> 3088.8
G30: =+G29 -> 1.3 | H30: =+E22-H22-G23-G24-G25-G26-G27-G28-G29 -> 0.2 | I30: =+I29+1 -> 112 | J30: =+J29+1 -> 162 | K30: =(F22*H30+F31*H31)/G30 -> 57941.154 | L30: =K30*E3 -> 75323.5 | M30: =L30*E5 -> 225970.5 | P30: =+P29+1 -> 117 | Q30: =+M36 -> 193732.5 | R30: =+'有効抵抗土圧(4P右)'!G238 -> 3088.8 | S30: =+'有効抵抗土圧(4P右)'!G239 -> 3088.8 | U30: =+P30 -> 117 | V30: =+Q30 -> 193732.5 | W30: =+R80 -> 3088.8 | X30: =+S80 -> 3088.8
D31: ⑦ | E31: 12.6 | F31: 49675 | H31: =+G30-H30 -> 1.1 | P31: =+P30+1 -> 118 | Q31: =+M37 -> 193732.5 | R31: =+'有効抵抗土圧(4P右)'!G240 -> 3088.8 | S31: =+'有効抵抗土圧(4P右)'!G241 -> 3088.8 | U31: =+P31 -> 118 | V31: =+Q31 -> 193732.5 | W31: =+R81 -> 3088.8 | X31: =+S81 -> 3088.8
G32: =+G30 -> 1.3 | I32: =+I30+1 -> 113 | J32: =+J30+1 -> 163 | K32: =+F31 -> 49675 | L32: =K32*E3 -> 64577.5 | M32: =L32*E5 -> 193732.5 | P32: =+P31+1 -> 119 | Q32: =+M38 -> 193732.5 | R32: =+'有効抵抗土圧(4P右)'!G242 -> 3088.8 | S32: =+'有効抵抗土圧(4P右)'!G243 -> 3088.8 | U32: =+P32 -> 119 | V32: =+Q32 -> 193732.5 | W32: =+R82 -> 3088.8 | X32: =+S82 -> 3088.8
G33: =+G32 -> 1.3 | I33: =+I32+1 -> 114 | J33: =+J32+1 -> 164 | K33: =+K32 -> 49675 | L33: =K33*E3 -> 64577.5 | M33: =L33*E5 -> 193732.5 | P33: =+P32+1 -> 120 | Q33: =+M39 -> 193732.5 | R33: =+'有効抵抗土圧(4P右)'!G244 -> 3088.8 | S33: =+'有効抵抗土圧(4P右)'!G245 -> 3088.8 | U33: =+P33 -> 120 | V33: =+Q33 -> 193732.5 | W33: =+R83 -> 3088.8 | X33: =+S83 -> 3088.8
G34: =+G33 -> 1.3 | I34: =+I33+1 -> 115 | J34: =+J33+1 -> 165 | K34: =+K33 -> 49675 | L34: =K34*E3 -> 64577.5 | M34: =L34*E5 -> 193732.5 | P34: =+P33+1 -> 121 | Q34: =+M40 -> 193732.5 | R34: =+'有効抵抗土圧(4P右)'!G246 -> 3088.8 | S34: =+'有効抵抗土圧(4P右)'!G247 -> 3088.8 | U34: =+P34 -> 121 | V34: =+Q34 -> 193732.5 | W34: =+R84 -> 3088.8 | X34: =+S84 -> 3088.8
G35: =+G34 -> 1.3 | I35: =+I34+1 -> 116 | J35: =+J34+1 -> 166 | K35: =+K34 -> 49675 | L35: =K35*E3 -> 64577.5 | M35: =L35*E5 -> 193732.5
G36: =+G35 -> 1.3 | I36: =+I35+1 -> 117 | J36: =+J35+1 -> 167 | K36: =+K35 -> 49675 | L36: =K36*E3 -> 64577.5 | M36: =L36*E5 -> 193732.5 | P36: =+I54 -> 123 | Q36: =+M54 -> 39208 | R36: =+'有効抵抗土圧(4P右)'!H200 -> 1004.7861 | S36: =+'有効抵抗土圧(4P右)'!H201 -> 1129.5699 | U36: =+P36 -> 123 | V36: =+Q36 -> 39208 | W36: =+R36 -> 1004.7861 | X36: =+S36 -> 1129.5699
G37: =+G36 -> 1.3 | I37: =+I36+1 -> 118 | J37: =+J36+1 -> 168 | K37: =+K36 -> 49675 | L37: =K37*E3 -> 64577.5 | M37: =L37*E5 -> 193732.5 | P37: =+P36+1 -> 124 | Q37: =+M55 -> 181389.6 | R37: =+'有効抵抗土圧(4P右)'!H202 -> 1718.4082 | S37: =+'有効抵抗土圧(4P右)'!H203 -> 1718.4082 | U37: =+P37 -> 124 | V37: =+Q37 -> 181389.6 | W37: =+R37 -> 1718.4082 | X37: =+S37 -> 1718.4082
G38: =+G37 -> 1.3 | I38: =+I37+1 -> 119 | J38: =+J37+1 -> 169 | K38: =+K37 -> 49675 | L38: =K38*E3 -> 64577.5 | M38: =L38*E5 -> 193732.5 | P38: =+P37+1 -> 125 | Q38: =+M57 -> 94334.6 | R38: =+'有効抵抗土圧(4P右)'!H204 -> 784.206 | S38: =+'有効抵抗土圧(4P右)'!H205 -> 784.206 | U38: =+P38 -> 125 | V38: =+Q38 -> 94334.6 | W38: =+R38 -> 784.206 | X38: =+S38 -> 784.206
G39: =+G38 -> 1.3 | I39: =+I38+1 -> 120 | J39: =+J38+1 -> 170 | K39: =+K38 -> 49675 | L39: =K39*E3 -> 64577.5 | M39: =L39*E5 -> 193732.5 | P39: =+P38+1 -> 126 | Q39: =+M59 -> 73806.2 | R39: =+'有効抵抗土圧(4P右)'!H206 -> 577.98 | S39: =+'有効抵抗土圧(4P右)'!H207 -> 577.98 | U39: =+P39 -> 126 | V39: =+Q39 -> 73806.2 | W39: =+R39 -> 577.98 | X39: =+S39 -> 577.98
G40: =E31-H31-SUM(G32:H39) -> 1.1 | I40: =+I39+1 -> 121 | J40: =+J39+1 -> 171 | K40: =+K39 -> 49675 | L40: =K40*E3 -> 64577.5 | M40: =L40*E5 -> 193732.5 | P40: =+P39+1 -> 127 | Q40: =+M60 -> 110299.2 | R40: =+'有効抵抗土圧(4P右)'!H208 -> 1504.0917 | S40: =+'有効抵抗土圧(4P右)'!H209 -> 1504.0917 | U40: =+P40 -> 127 | V40: =+Q40 -> 110299.2 | W40: =+R40 -> 1504.0917 | X40: =+S40 -> 1504.0917
D41: Σ | E41: =SUM(E11:E40) -> 31 | G41: =SUM(G11:G40) -> 31 | P41: =+P40+1 -> 128 | Q41: =+M62 -> 179236.2 | R41: =+'有効抵抗土圧(4P右)'!H210 -> 2136.3425 | S41: =+'有効抵抗土圧(4P右)'!H211 -> 2309.9934 | U41: =+P41 -> 128 | V41: =+Q41 -> 179236.2 | W41: =+R41 -> 2136.3425 | X41: =+S41 -> 2309.9934
P42: =+P41+1 -> 129 | Q42: =+M63 -> 242293 | R42: =+'有効抵抗土圧(4P右)'!H212 -> 2281.3414 | S42: =+'有効抵抗土圧(4P右)'!H213 -> 2281.3414 | U42: =+P42 -> 129 | V42: =+Q42 -> 242293 | W42: =+R42 -> 2281.3414 | X42: =+S42 -> 2281.3414
P43: =+P42+1 -> 130 | Q43: =+M66 -> 268853 | R43: =+'有効抵抗土圧(4P右)'!H214 -> 2714.9733 | S43: =+'有効抵抗土圧(4P右)'!H215 -> 2714.9733 | U43: =+P43 -> 130 | V43: =+Q43 -> 268853 | W43: =+R43 -> 2714.9733 | X43: =+S43 -> 2714.9733
P44: =+P43+1 -> 131 | Q44: =+M67 -> 268853 | R44: =+'有効抵抗土圧(4P右)'!H216 -> 2756.6198 | S44: =+'有効抵抗土圧(4P右)'!H217 -> 2937.9866 | U44: =+P44 -> 131 | V44: =+Q44 -> 268853 | W44: =+R44 -> 2756.6198 | X44: =+S44 -> 2937.9866
C45: d) | D45: 4P右(2列目) | P45: =+P44+1 -> 132 | Q45: =+M68 -> 268853 | R45: =+'有効抵抗土圧(4P右)'!H218 -> 2937.9866 | S45: =+'有効抵抗土圧(4P右)'!H219 -> 3119.3533 | U45: =+P45 -> 132 | V45: =+Q45 -> 268853 | W45: =+R45 -> 2937.9866 | X45: =+S45 -> 3119.3533
D46: 杭径 | E46: =+E3 -> 1.3 | F46: m | P46: =+P45+1 -> 133 | Q46: =+M69 -> 268853 | R46: =+'有効抵抗土圧(4P右)'!H220 -> 3119.3533 | S46: =+'有効抵抗土圧(4P右)'!H221 -> 3300.7201 | U46: =+P46 -> 133 | V46: =+Q46 -> 268853 | W46: =+R46 -> 3119.3533 | X46: =+S46 -> 3300.7201
D47: 杭全長 | E47: =+E4 -> 31 | F47: m | P47: =+P46+1 -> 134 | Q47: =+M70 -> 268853 | R47: =+'有効抵抗土圧(4P右)'!H222 -> 3300.7201 | S47: =+'有効抵抗土圧(4P右)'!H223 -> 3482.0868 | U47: =+P47 -> 134 | V47: =+Q47 -> 268853 | W47: =+R47 -> 3300.7201 | X47: =+S47 -> 3482.0868
D48: 杭本数 | E48: 2 | F48: 本 | P48: =+P47+1 -> 135 | Q48: =+M71 -> 268853 | R48: =+'有効抵抗土圧(4P右)'!H224 -> 3482.0868 | S48: =+'有効抵抗土圧(4P右)'!H225 -> 3663.4536 | U48: =+P48 -> 135 | V48: =+Q48 -> 268853 | W48: =+R48 -> 3482.0868 | X48: =+S48 -> 3663.4536
D49: 層番号 | E49: 層厚 (m) | F49: 水平地盤反力係数 khg (kN/m3) | G49: 部材長 (m) | I49: 部材番号 | K49: 各部材の水平地盤反力係数 khg (kN/m3) | L49: 各部材の水平ばね定数 KH (kN/m2) | P49: =+P48+1 -> 136 | Q49: =+M72 -> 268853 | R49: =+'有効抵抗土圧(4P右)'!H226 -> 3663.4536 | S49: =+'有効抵抗土圧(4P右)'!H227 -> 3844.8203 | U49: =+P49 -> 136 | V49: =+Q49 -> 268853 | W49: =+R49 -> 3663.4536 | X49: =+S49 -> 3844.8203
P50: =+P49+1 -> 137 | Q50: =+M73 -> 150647 | R50: =+'有効抵抗土圧(4P右)'!H228 -> 1454.4028 | S50: =+'有効抵抗土圧(4P右)'!H229 -> 1454.4028 | U50: =+P50 -> 137 | V50: =+Q50 -> 150647 | W50: =+R50 -> 1454.4028 | X50: =+S50 -> 1454.4028
P51: =+P50+1 -> 138 | Q51: =+M75 -> 129155 | R51: =+'有効抵抗土圧(4P右)'!H230 -> 2059.2 | S51: =+'有効抵抗土圧(4P右)'!H231 -> 2059.2 | U51: =+P51 -> 138 | V51: =+Q51 -> 129155 | W51: =+R51 -> 2059.2 | X51: =+S51 -> 2059.2
P52: =+P51+1 -> 139 | Q52: =+M76 -> 129155 | R52: =+'有効抵抗土圧(4P右)'!H232 -> 2059.2 | S52: =+'有効抵抗土圧(4P右)'!H233 -> 2059.2 | U52: =+P52 -> 139 | V52: =+Q52 -> 129155 | W52: =+R52 -> 2059.2 | X52: =+S52 -> 2059.2
L53: 杭1本当り | M53: =+E48 -> 2 | P53: =+P52+1 -> 140 | Q53: =+M77 -> 129155 | R53: =+'有効抵抗土圧(4P右)'!H234 -> 2059.2 | S53: =+'有効抵抗土圧(4P右)'!H235 -> 2059.2 | U53: =+P53 -> 140 | V53: =+Q53 -> 129155 | W53: =+R53 -> 2059.2 | X53: =+S53 -> 2059.2
D54: ① | E54: =+E11 -> 1.5 | F54: =+F11 -> 15080 | G54: =+E46 -> 1.3 | I54: 123 | K54: =+F54 -> 15080 | L54: =K54*E46 -> 19604 | M54: =L54*E48 -> 39208 | P54: =+P53+1 -> 141 | Q54: =+M78 -> 129155 | R54: =+'有効抵抗土圧(4P右)'!H236 -> 2059.2 | S54: =+'有効抵抗土圧(4P右)'!H237 -> 2059.2 | U54: =+P54 -> 141 | V54: =+Q54 -> 129155 | W54: =+R54 -> 2059.2 | X54: =+S54 -> 2059.2
G55: =+G54 -> 1.3 | H55: =+E54-G54 -> 0.2 | I55: =+I54+1 -> 124 | K55: =(F54*H55+F56*H56)/G55 -> 69765.231 | L55: =K55*E46 -> 90694.8 | M55: =L55*E48 -> 181389.6 | P55: =+P54+1 -> 142 | Q55: =+M79 -> 129155 | R55: =+'有効抵抗土圧(4P右)'!H238 -> 2059.2 | S55: =+'有効抵抗土圧(4P右)'!H239 -> 2059.2 | U55: =+P55 -> 142 | V55: =+Q55 -> 129155 | W55: =+R55 -> 2059.2 | X55: =+S55 -> 2059.2
D56: ② | E56: =+E13 -> 1.3 | F56: =+F13 -> 79708 | H56: =+G55-H55 -> 1.1 | P56: =+P55+1 -> 143 | Q56: =+M80 -> 129155 | R56: =+'有効抵抗土圧(4P右)'!H240 -> 2059.2 | S56: =+'有効抵抗土圧(4P右)'!H241 -> 2059.2 | U56: =+P56 -> 143 | V56: =+Q56 -> 129155 | W56: =+R56 -> 2059.2 | X56: =+S56 -> 2059.2
G57: =+G55 -> 1.3 | H57: =+E56-H56 -> 0.2 | I57: =+I55+1 -> 125 | K57: =(F56*H57+F58*H58)/G57 -> 36282.538 | L57: =K57*E46 -> 47167.3 | M57: =L57*E48 -> 94334.6 | P57: =+P56+1 -> 144 | Q57: =+M81 -> 129155 | R57: =+'有効抵抗土圧(4P右)'!H242 -> 2059.2 | S57: =+'有効抵抗土圧(4P右)'!H243 -> 2059.2 | U57: =+P57 -> 144 | V57: =+Q57 -> 129155 | W57: =+R57 -> 2059.2 | X57: =+S57 -> 2059.2
D58: ③ | E58: =+E15 -> 2.9 | F58: =+F15 -> 28387 | H58: =+G57-H57 -> 1.1 | P58: =+P57+1 -> 145 | Q58: =+M82 -> 129155 | R58: =+'有効抵抗土圧(4P右)'!H244 -> 2059.2 | S58: =+'有効抵抗土圧(4P右)'!H245 -> 2059.2 | U58: =+P58 -> 145 | V58: =+Q58 -> 129155 | W58: =+R58 -> 2059.2 | X58: =+S58 -> 2059.2
G59: =+G57 -> 1.3 | I59: =+I57+1 -> 126 | K59: =+F58 -> 28387 | L59: =K59*E46 -> 36903.1 | M59: =L59*E48 -> 73806.2 | P59: =+P58+1 -> 146 | Q59: =+M83 -> 129155 | R59: =+'有効抵抗土圧(4P右)'!H246 -> 2059.2 | S59: =+'有効抵抗土圧(4P右)'!H247 -> 2059.2 | U59: =+P59 -> 146 | V59: =+Q59 -> 129155 | W59: =+R59 -> 2059.2 | X59: =+S59 -> 2059.2
G60: =+G59 -> 1.3 | H60: =+E58-H58-G59 -> 0.5 | I60: =+I59+1 -> 127 | K60: =(F59*H60+F61*H61)/G60 -> 42422.769 | L60: =K60*E46 -> 55149.6 | M60: =L60*E48 -> 110299.2
D61: ④ | E61: =+E18 -> 2.6 | F61: =+F18 -> 68937 | H61: =+G60-H60 -> 0.8 | P61: =+J11 -> 148 | Q61: =+Q11 -> 58812 | R61: =+'有効抵抗土圧(4P右)'!I200 -> 2907.5744 | S61: =+'有効抵抗土圧(4P右)'!I201 -> 3268.6642 | U61: =+P61 -> 148 | V61: =+Q61 -> 58812 | W61: =+R11 -> 1163.0298 | X61: =+S11 -> 1307.4657
G62: =+G60 -> 1.3 | I62: =+I60+1 -> 128 | K62: =+F61 -> 68937 | L62: =K62*E46 -> 89618.1 | M62: =L62*E48 -> 179236.2 | P62: =+P61+1 -> 149 | Q62: =+Q12 -> 272084.4 | R62: =+'有効抵抗土圧(4P右)'!I202 -> 4972.6003 | S62: =+'有効抵抗土圧(4P右)'!I203 -> 4972.6003 | U62: =+P62 -> 149 | V62: =+Q62 -> 272084.4 | W62: =+R12 -> 1989.0401 | X62: =+S12 -> 1989.0401
G63: =+G62 -> 1.3 | H63: =+E61-H61-G62 -> 0.5 | I63: =+I62+1 -> 129 | K63: =(F61*H63+F64*H64+F65*H65)/G63 -> 93189.615 | L63: =K63*E46 -> 121146.5 | M63: =L63*E48 -> 242293 | P63: =+P62+1 -> 150 | Q63: =+Q13 -> 141501.9 | R63: =+'有効抵抗土圧(4P右)'!I204 -> 2269.2763 | S63: =+'有効抵抗土圧(4P右)'!I205 -> 2269.2763 | U63: =+P63 -> 150 | V63: =+Q63 -> 141501.9 | W63: =+R13 -> 907.71051 | X63: =+S13 -> 907.71051
D64: ⑤ | E64: =+E21 -> 0.6 | F64: =+F21 -> 109995 | H64: =+E64 -> 0.6 | P64: =+P63+1 -> 151 | Q64: =+Q14 -> 110709.3 | R64: =+'有効抵抗土圧(4P右)'!I206 -> 1672.515 | S64: =+'有効抵抗土圧(4P右)'!I207 -> 1672.515 | U64: =+P64 -> 151 | V64: =+Q64 -> 110709.3 | W64: =+R14 -> 669.006 | X64: =+S14 -> 669.006
D65: ⑥ | E65: =+E22 -> 9.5 | F65: =+F22 -> 103405 | H65: =+G63-H63-H64 -> 0.2 | P65: =+P64+1 -> 152 | Q65: =+Q15 -> 165448.8 | R65: =+'有効抵抗土圧(4P右)'!I208 -> 4352.4272 | S65: =+'有効抵抗土圧(4P右)'!I209 -> 4352.4272 | U65: =+P65 -> 152 | V65: =+Q65 -> 165448.8 | W65: =+R15 -> 1740.9709 | X65: =+S15 -> 1740.9709
G66: =+G63 -> 1.3 | I66: =+I63+1 -> 130 | K66: =+F65 -> 103405 | L66: =K66*E46 -> 134426.5 | M66: =L66*E48 -> 268853 | P66: =+P65+1 -> 153 | Q66: =+Q16 -> 268854.3 | R66: =+'有効抵抗土圧(4P右)'!I210 -> 6181.9871 | S66: =+'有効抵抗土圧(4P右)'!I211 -> 6684.485 | U66: =+P66 -> 153 | V66: =+Q66 -> 268854.3 | W66: =+R16 -> 2472.7948 | X66: =+S16 -> 2673.794
G67: =+G66 -> 1.3 | I67: =+I66+1 -> 131 | K67: =+K66 -> 103405 | L67: =K67*E46 -> 134426.5 | M67: =L67*E48 -> 268853 | P67: =+P66+1 -> 154 | Q67: =+Q17 -> 363439.5 | R67: =+'有効抵抗土圧(4P右)'!I212 -> 6601.5739 | S67: =+'有効抵抗土圧(4P右)'!I213 -> 6601.5739 | U67: =+P67 -> 154 | V67: =+Q67 -> 363439.5 | W67: =+R17 -> 2640.6296 | X67: =+S17 -> 2640.6296
G68: =+G67 -> 1.3 | I68: =+I67+1 -> 132 | K68: =+K67 -> 103405 | L68: =K68*E46 -> 134426.5 | M68: =L68*E48 -> 268853 | P68: =+P67+1 -> 155 | Q68: =+Q18 -> 403279.5 | R68: =+'有効抵抗土圧(4P右)'!I214 -> 7856.3853 | S68: =+'有効抵抗土圧(4P右)'!I215 -> 7856.3853 | U68: =+P68 -> 155 | V68: =+Q68 -> 403279.5 | W68: =+R18 -> 3142.5541 | X68: =+S18 -> 3142.5541
G69: =+G68 -> 1.3 | I69: =+I68+1 -> 133 | K69: =+K68 -> 103405 | L69: =K69*E46 -> 134426.5 | M69: =L69*E48 -> 268853 | P69: =+P68+1 -> 156 | Q69: =+Q19 -> 403279.5 | R69: =+'有効抵抗土圧(4P右)'!I216 -> 7976.8989 | S69: =+'有効抵抗土圧(4P右)'!I217 -> 8501.7243 | U69: =+P69 -> 156 | V69: =+Q69 -> 403279.5 | W69: =+R19 -> 3190.7596 | X69: =+S19 -> 3400.6897
G70: =+G69 -> 1.3 | I70: =+I69+1 -> 134 | K70: =+K69 -> 103405 | L70: =K70*E46 -> 134426.5 | M70: =L70*E48 -> 268853 | P70: =+P69+1 -> 157 | Q70: =+Q20 -> 403279.5 | R70: =+'有効抵抗土圧(4P右)'!I218 -> 8501.7243 | S70: =+'有効抵抗土圧(4P右)'!I219 -> 9026.5498 | U70: =+P70 -> 157 | V70: =+Q70 -> 403279.5 | W70: =+R20 -> 3400.6897 | X70: =+S20 -> 3610.6199
G71: =+G70 -> 1.3 | I71: =+I70+1 -> 135 | K71: =+K70 -> 103405 | L71: =K71*E46 -> 134426.5 | M71: =L71*E48 -> 268853 | P71: =+P70+1 -> 158 | Q71: =+Q21 -> 403279.5 | R71: =+'有効抵抗土圧(4P右)'!I220 -> 9026.5498 | S71: =+'有効抵抗土圧(4P右)'!I221 -> 9551.3752 | U71: =+P71 -> 158 | V71: =+Q71 -> 403279.5 | W71: =+R21 -> 3610.6199 | X71: =+S21 -> 3820.5501
G72: =+G71 -> 1.3 | I72: =+I71+1 -> 136 | K72: =+K71 -> 103405 | L72: =K72*E46 -> 134426.5 | M72: =L72*E48 -> 268853 | P72: =+P71+1 -> 159 | Q72: =+Q22 -> 403279.5 | R72: =+'有効抵抗土圧(4P右)'!I222 -> 9551.3752 | S72: =+'有効抵抗土圧(4P右)'!I223 -> 10076.201 | U72: =+P72 -> 159 | V72: =+Q72 -> 403279.5 | W72: =+R22 -> 3820.5501 | X72: =+S22 -> 4030.4802
G73: =+G72 -> 1.3 | H73: =+E65-H65-G66-G67-G68-G69-G70-G71-G72 -> 0.2 | I73: =+I72+1 -> 137 | K73: =(F65*H73+F74*H74)/G73 -> 57941.154 | L73: =K73*E46 -> 75323.5 | M73: =L73*E48 -> 150647 | P73: =+P72+1 -> 160 | Q73: =+Q23 -> 403279.5 | R73: =+'有効抵抗土圧(4P右)'!I224 -> 10076.201 | S73: =+'有効抵抗土圧(4P右)'!I225 -> 10601.026 | U73: =+P73 -> 160 | V73: =+Q73 -> 403279.5 | W73: =+R23 -> 4030.4802 | X73: =+S23 -> 4240.4104
D74: ⑦ | E74: =+E31 -> 12.6 | F74: =+F31 -> 49675 | H74: =+G73-H73 -> 1.1 | P74: =+P73+1 -> 161 | Q74: =+Q24 -> 403279.5 | R74: =+'有効抵抗土圧(4P右)'!I226 -> 10601.026 | S74: =+'有効抵抗土圧(4P右)'!I227 -> 11125.851 | U74: =+P74 -> 161 | V74: =+Q74 -> 403279.5 | W74: =+R24 -> 4240.4104 | X74: =+S24 -> 4450.3406
G75: =+G73 -> 1.3 | I75: =+I73+1 -> 138 | K75: =+F74 -> 49675 | L75: =K75*E46 -> 64577.5 | M75: =L75*E48 -> 129155 | P75: =+P74+1 -> 162 | Q75: =+Q25 -> 225970.5 | R75: =+'有効抵抗土圧(4P右)'!I228 -> 4208.6412 | S75: =+'有効抵抗土圧(4P右)'!I229 -> 4208.6412 | U75: =+P75 -> 162 | V75: =+Q75 -> 225970.5 | W75: =+R25 -> 1683.4565 | X75: =+S25 -> 1683.4565
G76: =+G75 -> 1.3 | I76: =+I75+1 -> 139 | K76: =+K75 -> 49675 | L76: =K76*E46 -> 64577.5 | M76: =L76*E48 -> 129155 | P76: =+P75+1 -> 163 | Q76: =+Q26 -> 193732.5 | R76: =+'有効抵抗土圧(4P右)'!I230 -> 3088.8 | S76: =+'有効抵抗土圧(4P右)'!I231 -> 3088.8 | U76: =+P76 -> 163 | V76: =+Q76 -> 193732.5 | W76: =+R26 -> 3088.8 | X76: =+S26 -> 3088.8
G77: =+G76 -> 1.3 | I77: =+I76+1 -> 140 | K77: =+K76 -> 49675 | L77: =K77*E46 -> 64577.5 | M77: =L77*E48 -> 129155 | P77: =+P76+1 -> 164 | Q77: =+Q27 -> 193732.5 | R77: =+'有効抵抗土圧(4P右)'!I232 -> 3088.8 | S77: =+'有効抵抗土圧(4P右)'!I233 -> 3088.8 | U77: =+P77 -> 164 | V77: =+Q77 -> 193732.5 | W77: =+R27 -> 3088.8 | X77: =+S27 -> 3088.8
G78: =+G77 -> 1.3 | I78: =+I77+1 -> 141 | K78: =+K77 -> 49675 | L78: =K78*E46 -> 64577.5 | M78: =L78*E48 -> 129155 | P78: =+P77+1 -> 165 | Q78: =+Q28 -> 193732.5 | R78: =+'有効抵抗土圧(4P右)'!I234 -> 3088.8 | S78: =+'有効抵抗土圧(4P右)'!I235 -> 3088.8 | U78: =+P78 -> 165 | V78: =+Q78 -> 193732.5 | W78: =+R28 -> 3088.8 | X78: =+S28 -> 3088.8
G79: =+G78 -> 1.3 | I79: =+I78+1 -> 142 | K79: =+K78 -> 49675 | L79: =K79*E46 -> 64577.5 | M79: =L79*E48 -> 129155 | P79: =+P78+1 -> 166 | Q79: =+Q29 -> 193732.5 | R79: =+'有効抵抗土圧(4P右)'!I236 -> 3088.8 | S79: =+'有効抵抗土圧(4P右)'!I237 -> 3088.8 | U79: =+P79 -> 166 | V79: =+Q79 -> 193732.5 | W79: =+R29 -> 3088.8 | X79: =+S29 -> 3088.8
G80: =+G79 -> 1.3 | I80: =+I79+1 -> 143 | K80: =+K79 -> 49675 | L80: =K80*E46 -> 64577.5 | M80: =L80*E48 -> 129155 | P80: =+P79+1 -> 167 | Q80: =+Q30 -> 193732.5 | R80: =+'有効抵抗土圧(4P右)'!I238 -> 3088.8 | S80: =+'有効抵抗土圧(4P右)'!I239 -> 3088.8 | U80: =+P80 -> 167 | V80: =+Q80 -> 193732.5 | W80: =+R30 -> 3088.8 | X80: =+S30 -> 3088.8
G81: =+G80 -> 1.3 | I81: =+I80+1 -> 144 | K81: =+K80 -> 49675 | L81: =K81*E46 -> 64577.5 | M81: =L81*E48 -> 129155 | P81: =+P80+1 -> 168 | Q81: =+Q31 -> 193732.5 | R81: =+'有効抵抗土圧(4P右)'!I240 -> 3088.8 | S81: =+'有効抵抗土圧(4P右)'!I241 -> 3088.8 | U81: =+P81 -> 168 | V81: =+Q81 -> 193732.5 | W81: =+R31 -> 3088.8 | X81: =+S31 -> 3088.8
G82: =+G81 -> 1.3 | I82: =+I81+1 -> 145 | K82: =+K81 -> 49675 | L82: =K82*E46 -> 64577.5 | M82: =L82*E48 -> 129155 | P82: =+P81+1 -> 169 | Q82: =+Q32 -> 193732.5 | R82: =+'有効抵抗土圧(4P右)'!I242 -> 3088.8 | S82: =+'有効抵抗土圧(4P右)'!I243 -> 3088.8 | U82: =+P82 -> 169 | V82: =+Q82 -> 193732.5 | W82: =+R32 -> 3088.8 | X82: =+S32 -> 3088.8
G83: =E74-H74-SUM(G75:H82) -> 1.1 | I83: =+I82+1 -> 146 | K83: =+K82 -> 49675 | L83: =K83*E46 -> 64577.5 | M83: =L83*E48 -> 129155 | P83: =+P82+1 -> 170 | Q83: =+Q33 -> 193732.5 | R83: =+'有効抵抗土圧(4P右)'!I244 -> 3088.8 | S83: =+'有効抵抗土圧(4P右)'!I245 -> 3088.8 | U83: =+P83 -> 170 | V83: =+Q83 -> 193732.5 | W83: =+R33 -> 3088.8 | X83: =+S33 -> 3088.8
D84: Σ | E84: =SUM(E54:E83) -> 31 | G84: =SUM(G54:G83) -> 31 | P84: =+P83+1 -> 171 | Q84: =+Q34 -> 193732.5 | R84: =+'有効抵抗土圧(4P右)'!I246 -> 3088.8 | S84: =+'有効抵抗土圧(4P右)'!I247 -> 3088.8 | U84: =+P84 -> 171 | V84: =+Q84 -> 193732.5 | W84: =+R34 -> 3088.8 | X84: =+S34 -> 3088.8

Sheet 鉛直せん断地盤ばね定数(4P左)
C2: 2) | D2: 鉛直せん断地盤ばね定数（節点ばね）
C3: ※ | D3: 安全側を考慮して【押込み側】で計算を行う。
C4: a) | D4: 4P左(1,3列目)
D5: 杭径 | E5: 1.3 | F5: m
D6: 周長 | E6: =+PI()*E5 -> 4.0840704 | F6: m
D7: 杭全長 | E7: 31 | F7: m
D8: 1/β | E8: 4.891 | F8: m
D9: 杭本数 | E9: 2 | F9: 本
D10: 層番号 | E10: 層厚 (m) | F10: 鉛直せん断地盤ばねを考慮する層厚(m) | G10: 鉛直地盤 反力係数 kfv (kN/m3) | H10: 分布幅 (m) | J10: 1/βを考慮 した分布幅 (m) | L10: 節点番号 | N10: 分布幅の鉛直地盤反力係数 kfv (kN/m2) | O10: 各節点の鉛直ばね定数 Kfv (kN/m) | S10: 節点番号 | T10: 拘束方向 | U10: 第1勾配 | X10: 第2勾配 | AA10: 第3勾配 | AB10: 第1勾配 | AC10: 第2勾配 | AD10: 第3勾配
U11: 鉛直ばね | V11: 制限値 | X11: 鉛直ばね | Y11: 制限値 | AA11: 鉛直ばね | AB11: 鉛直ばね | AC11: 鉛直ばね | AD11: 鉛直ばね
U12: ＋側 | V12: ＋側 | W12: －側 | X12: ＋側 | Y12: ＋側 | Z12: －側 | AA12: ＋側 | AB12: －側 | AC12: －側 | AD12: －側
S13: =+L15 -> 17
O14: 杭1本当り | P14: =+E9 -> 2 | S14: =+S13+1 -> 18
D15: ① | E15: 3.3 | F15: － | G15: 2000 | H15: =+E5/2 -> 0.65 | J15: － | K15: － | L15: 17 | M15: 67 | N15: － | O15: － | P15: － | S15: =+S14+1 -> 19
H16: =+E5 -> 1.3 | J16: － | K16: － | L16: =+L15+1 -> 18 | M16: =+M15+1 -> 68 | N16: － | O16: － | P16: － | S16: =+S15+1 -> 20
S17: =+S16+1 -> 21 | T17: Y | U17: =+P22 -> 29492.175 | V17: =+'周面支持力(4P左)'!P22 -> 156.66494 | W17: =+V17 -> 156.66494 | X17: =+U17 -> 29492.175 | Y17: =+V17 -> 156.66494 | Z17: =+Y17 -> 156.66494 | AA17: =+X17 -> 29492.175 | AB17: =+AA17 -> 29492.175 | AC17: =+AB17 -> 29492.175 | AD17: =+AC17 -> 29492.175
H18: =+H16 -> 1.3 | J18: － | K18: － | L18: =+L16+1 -> 19 | M18: =+M16+1 -> 69 | N18: － | O18: － | P18: － | S18: =+S17+1 -> 22 | T18: Y | U18: =+P24 -> 39978.966 | V18: =+'周面支持力(4P左)'!P24 -> 212.37166 | W18: =+V18 -> 212.37166 | X18: =+U18 -> 39978.966 | Y18: =+V18 -> 212.37166 | Z18: =+Y18 -> 212.37166 | AA18: =+X18 -> 39978.966 | AB18: =+AA18 -> 39978.966 | AC18: =+AB18 -> 39978.966 | AD18: =+AC18 -> 39978.966
S19: =+S18+1 -> 23 | T19: Y | U19: =+P26 -> 81710.814 | V19: =+'周面支持力(4P左)'!P26 -> 802.11144 | W19: =+V19 -> 802.11144 | X19: =+U19 -> 81710.814 | Y19: =+V19 -> 802.11144 | Z19: =+Y19 -> 802.11144 | AA19: =+X19 -> 81710.814 | AB19: =+AA19 -> 81710.814 | AC19: =+AB19 -> 81710.814 | AD19: =+AC19 -> 81710.814
H20: =+H18 -> 1.3 | I20: =+E15-H15-H16-H18 -> 0.05 | J20: － | K20: － | L20: =+L18+1 -> 20 | M20: =+M18+1 -> 70 | N20: － | O20: － | P20: － | S20: =+S19+1 -> 24 | T20: Y | U20: =+P28 -> 97085.706 | V20: =+'周面支持力(4P左)'!P28 -> 1019.384 | W20: =+V20 -> 1019.384 | X20: =+U20 -> 97085.706 | Y20: =+V20 -> 1019.384 | Z20: =+Y20 -> 1019.384 | AA20: =+X20 -> 97085.706 | AB20: =+AA20 -> 97085.706 | AC20: =+AB20 -> 97085.706 | AD20: =+AC20 -> 97085.706
D21: ② | E21: 1.3 | F21: － | G21: 10571 | I21: =+H20-I20 -> 1.25 | K21: － | S21: =+S20+1 -> 25 | T21: Y | U21: =+P30 -> 136838.82 | V21: =+'周面支持力(4P左)'!P30 -> 1066.4325 | W21: =+V21 -> 1066.4325 | X21: =+U21 -> 136838.82 | Y21: =+V21 -> 1066.4325 | Z21: =+Y21 -> 1066.4325 | AA21: =+X21 -> 136838.82 | AB21: =+AA21 -> 136838.82 | AC21: =+AB21 -> 136838.82 | AD21: =+AC21 -> 136838.82
H22: =+H20 -> 1.3 | I22: =+E21-I21 -> 0.05 | J22: － | K22: － | L22: =+L20+1 -> 21 | M22: =+M20+1 -> 71 | N22: =+G23*K23 -> 3610.635 | O22: =+E6*N22 -> 14746.088 | P22: =+E9*O22 -> 29492.175 | S22: =+S21+1 -> 26 | T22: Y | U22: =+P33 -> 145623.25 | V22: =+'周面支持力(4P左)'!P33 -> 1529.076 | W22: =+V22 -> 1529.076 | X22: =+U22 -> 145623.25 | Y22: =+V22 -> 1529.076 | Z22: =+Y22 -> 1529.076 | AA22: =+X22 -> 145623.25 | AB22: =+AA22 -> 145623.25 | AC22: =+AB22 -> 145623.25 | AD22: =+AC22 -> 145623.25
D23: ③ | E23: 2.9 | F23: =+E15+E21+E23-E8 -> 2.609 | G23: 3765 | I23: =+H22-I22 -> 1.25 | K23: =+F23-K26-J24 -> 0.959 | S23: =+S22+1 -> 27 | T23: Y | U23: =+P35 -> 145623.25 | V23: =+'周面支持力(4P左)'!P35 -> 1529.076 | W23: =+V23 -> 1529.076 | X23: =+U23 -> 145623.25 | Y23: =+V23 -> 1529.076 | Z23: =+Y23 -> 1529.076 | AA23: =+X23 -> 145623.25 | AB23: =+AA23 -> 145623.25 | AC23: =+AB23 -> 145623.25 | AD23: =+AC23 -> 145623.25
H24: =+H22 -> 1.3 | J24: =+H24 -> 1.3 | L24: =+L22+1 -> 22 | M24: =+M22+1 -> 72 | N24: =+G23*J24 -> 4894.5 | O24: =+E6*N24 -> 19989.483 | P24: =+E9*O24 -> 39978.966 | S24: =+S23+1 -> 28 | T24: Y | U24: =+P37 -> 145623.25 | V24: =+'周面支持力(4P左)'!P37 -> 1529.076 | W24: =+V24 -> 1529.076 | X24: =+U24 -> 145623.25 | Y24: =+V24 -> 1529.076 | Z24: =+Y24 -> 1529.076 | AA24: =+X24 -> 145623.25 | AB24: =+AA24 -> 145623.25 | AC24: =+AB24 -> 145623.25 | AD24: =+AC24 -> 145623.25
S25: =+S24+1 -> 29 | T25: Y | U25: =+P39 -> 145623.25 | V25: =+'周面支持力(4P左)'!P39 -> 1529.076 | W25: =+V25 -> 1529.076 | X25: =+U25 -> 145623.25 | Y25: =+V25 -> 1529.076 | Z25: =+Y25 -> 1529.076 | AA25: =+X25 -> 145623.25 | AB25: =+AA25 -> 145623.25 | AC25: =+AB25 -> 145623.25 | AD25: =+AC25 -> 145623.25
H26: =+H24 -> 1.3 | I26: =+E23-I23-H24 -> 0.35 | J26: =+K26+K27 -> 1.3 | K26: =+I26 -> 0.35 | L26: =+L24+1 -> 23 | M26: =+M24+1 -> 73 | N26: =+G23*K26+G27*K27 -> 10003.6 | O26: =+E6*N26 -> 40855.407 | P26: =+E9*O26 -> 81710.814 | S26: =+S25+1 -> 30 | T26: Y | U26: =+P41 -> 145623.25 | V26: =+'周面支持力(4P左)'!P41 -> 1529.076 | W26: =+V26 -> 1529.076 | X26: =+U26 -> 145623.25 | Y26: =+V26 -> 1529.076 | Z26: =+Y26 -> 1529.076 | AA26: =+X26 -> 145623.25 | AB26: =+AA26 -> 145623.25 | AC26: =+AB26 -> 145623.25 | AD26: =+AC26 -> 145623.25
D27: ④ | E27: 2.6 | F27: =+E27 -> 2.6 | G27: 9143 | I27: =+H26-I26 -> 0.95 | K27: =+I27 -> 0.95 | S27: =+S26+1 -> 31 | T27: Y | U27: =+P43 -> 145623.25 | V27: =+'周面支持力(4P左)'!P43 -> 1529.076 | W27: =+V27 -> 1529.076 | X27: =+U27 -> 145623.25 | Y27: =+V27 -> 1529.076 | Z27: =+Y27 -> 1529.076 | AA27: =+X27 -> 145623.25 | AB27: =+AA27 -> 145623.25 | AC27: =+AB27 -> 145623.25 | AD27: =+AC27 -> 145623.25
H28: =+H26 -> 1.3 | J28: =+E5 -> 1.3 | L28: =+L26+1 -> 24 | M28: =+M26+1 -> 74 | N28: =+G27*J28 -> 11885.9 | O28: =+E6*N28 -> 48542.853 | P28: =+E9*O28 -> 97085.706 | S28: =+S27+1 -> 32 | T28: Y | U28: =+P45 -> 145623.25 | V28: =+'周面支持力(4P左)'!P45 -> 1529.076 | W28: =+V28 -> 1529.076 | X28: =+U28 -> 145623.25 | Y28: =+V28 -> 1529.076 | Z28: =+Y28 -> 1529.076 | AA28: =+X28 -> 145623.25 | AB28: =+AA28 -> 145623.25 | AC28: =+AB28 -> 145623.25 | AD28: =+AC28 -> 145623.25
S29: =+S28+1 -> 33 | T29: Y | U29: =+P47 -> 72865.535 | V29: =+'周面支持力(4P左)'!P47 -> 418.20881 | W29: =+V29 -> 418.20881 | X29: =+U29 -> 72865.535 | Y29: =+V29 -> 418.20881 | Z29: =+Y29 -> 418.20881 | AA29: =+X29 -> 72865.535 | AB29: =+AA29 -> 72865.535 | AC29: =+AB29 -> 72865.535 | AD29: =+AC29 -> 72865.535
H30: =+H28 -> 1.3 | I30: =+E27-I27-H28 -> 0.35 | J30: =+J28 -> 1.3 | K30: =+F27-K27-J28 -> 0.35 | L30: =+L28+1 -> 25 | M30: =+M28+1 -> 75 | N30: =+G27*K30+G31*K31+G32*K32 -> 16752.75 | O30: =+E6*N30 -> 68419.411 | P30: =+E9*O30 -> 136838.82 | S30: =+S29+1 -> 34 | T30: Y | U30: =+P49 -> 69955.226 | V30: =+'周面支持力(4P左)'!P49 -> 373.77413 | W30: =+V30 -> 373.77413 | X30: =+U30 -> 69955.226 | Y30: =+V30 -> 373.77413 | Z30: =+Y30 -> 373.77413 | AA30: =+X30 -> 69955.226 | AB30: =+AA30 -> 69955.226 | AC30: =+AB30 -> 69955.226 | AD30: =+AC30 -> 69955.226
D31: ⑤ | E31: 0.6 | F31: =+E31 -> 0.6 | G31: 14588 | I31: =+E31 -> 0.6 | K31: =+F31 -> 0.6 | S31: =+S30+1 -> 35 | T31: Y | U31: =+P51 -> 69955.226 | V31: =+'周面支持力(4P左)'!P51 -> 373.77413 | W31: =+V31 -> 373.77413 | X31: =+U31 -> 69955.226 | Y31: =+V31 -> 373.77413 | Z31: =+Y31 -> 373.77413 | AA31: =+X31 -> 69955.226 | AB31: =+AA31 -> 69955.226 | AC31: =+AB31 -> 69955.226 | AD31: =+AC31 -> 69955.226
D32: ⑥ | E32: 9.5 | F32: =+E32 -> 9.5 | G32: 13714 | I32: =+H30-I30-I31 -> 0.35 | K32: =+J30-K30-K31 -> 0.35 | S32: =+S31+1 -> 36 | T32: Y | U32: =+P53 -> 69955.226 | V32: =+'周面支持力(4P左)'!P53 -> 373.77413 | W32: =+V32 -> 373.77413 | X32: =+U32 -> 69955.226 | Y32: =+V32 -> 373.77413 | Z32: =+Y32 -> 373.77413 | AA32: =+X32 -> 69955.226 | AB32: =+AA32 -> 69955.226 | AC32: =+AB32 -> 69955.226 | AD32: =+AC32 -> 69955.226
H33: =+H30 -> 1.3 | J33: =+J30 -> 1.3 | L33: =+L30+1 -> 26 | M33: =+M30+1 -> 76 | N33: =+G32*J33 -> 17828.2 | O33: =+E6*N33 -> 72811.625 | P33: =+E9*O33 -> 145623.25 | S33: =+S32+1 -> 37 | T33: Y | U33: =+P55 -> 69955.226 | V33: =+'周面支持力(4P左)'!P55 -> 373.77413 | W33: =+V33 -> 373.77413 | X33: =+U33 -> 69955.226 | Y33: =+V33 -> 373.77413 | Z33: =+Y33 -> 373.77413 | AA33: =+X33 -> 69955.226 | AB33: =+AA33 -> 69955.226 | AC33: =+AB33 -> 69955.226 | AD33: =+AC33 -> 69955.226
S34: =+S33+1 -> 38 | T34: Y | U34: =+P57 -> 69955.226 | V34: =+'周面支持力(4P左)'!P57 -> 373.77413 | W34: =+V34 -> 373.77413 | X34: =+U34 -> 69955.226 | Y34: =+V34 -> 373.77413 | Z34: =+Y34 -> 373.77413 | AA34: =+X34 -> 69955.226 | AB34: =+AA34 -> 69955.226 | AC34: =+AB34 -> 69955.226 | AD34: =+AC34 -> 69955.226
H35: =+H33 -> 1.3 | J35: =+J33 -> 1.3 | L35: =+L33+1 -> 27 | M35: =+M33+1 -> 77 | N35: =+G32*J35 -> 17828.2 | O35: =+E6*N35 -> 72811.625 | P35: =+E9*O35 -> 145623.25 | S35: =+S34+1 -> 39 | T35: Y | U35: =+P59 -> 69955.226 | V35: =+'周面支持力(4P左)'!P59 -> 373.77413 | W35: =+V35 -> 373.77413 | X35: =+U35 -> 69955.226 | Y35: =+V35 -> 373.77413 | Z35: =+Y35 -> 373.77413 | AA35: =+X35 -> 69955.226 | AB35: =+AA35 -> 69955.226 | AC35: =+AB35 -> 69955.226 | AD35: =+AC35 -> 69955.226
S36: =+S35+1 -> 40 | T36: Y | U36: =+P61 -> 24215.271 | V36: =+'周面支持力(4P左)'!P61 -> 129.38335 | W36: =+V36 -> 129.38335 | X36: =+U36 -> 24215.271 | Y36: =+V36 -> 129.38335 | Z36: =+Y36 -> 129.38335 | AA36: =+X36 -> 24215.271 | AB36: =+AA36 -> 24215.271 | AC36: =+AB36 -> 24215.271 | AD36: =+AC36 -> 24215.271
H37: =+H35 -> 1.3 | J37: =+J35 -> 1.3 | L37: =+L35+1 -> 28 | M37: =+M35+1 -> 78 | N37: =+G32*J37 -> 17828.2 | O37: =+E6*N37 -> 72811.625 | P37: =+E9*O37 -> 145623.25 | S37: =+S36+1 -> 41
H39: =+H37 -> 1.3 | J39: =+J37 -> 1.3 | L39: =+L37+1 -> 29 | M39: =+M37+1 -> 79 | N39: =+G32*J39 -> 17828.2 | O39: =+E6*N39 -> 72811.625 | P39: =+E9*O39 -> 145623.25
H41: =+H39 -> 1.3 | J41: =+J39 -> 1.3 | L41: =+L39+1 -> 30 | M41: =+M39+1 -> 80 | N41: =+G32*J41 -> 17828.2 | O41: =+E6*N41 -> 72811.625 | P41: =+E9*O41 -> 145623.25
H43: =+H41 -> 1.3 | J43: =+J41 -> 1.3 | L43: =+L41+1 -> 31 | M43: =+M41+1 -> 81 | N43: =+G32*J43 -> 17828.2 | O43: =+E6*N43 -> 72811.625 | P43: =+E9*O43 -> 145623.25
H45: =+H43 -> 1.3 | J45: =+J43 -> 1.3 | L45: =+L43+1 -> 32 | M45: =+M43+1 -> 82 | N45: =+G32*J45 -> 17828.2 | O45: =+E6*N45 -> 72811.625 | P45: =+E9*O45 -> 145623.25
H47: =+H45 -> 1.3 | I47: =+E32-I32-H33-H35-H37-H39-H41-H43-H45 -> 0.05 | J47: =+J45 -> 1.3 | K47: =+F32-K32-J33-J35-J37-J39-J41-J43-J45 -> 0.05 | L47: =+L45+1 -> 33 | M47: =+M45+1 -> 83 | N47: =+G32*K47+G48*K48 -> 8920.7 | O47: =+E6*N47 -> 36432.767 | P47: =+E9*O47 -> 72865.535
D48: ⑦ | E48: 10.8 | F48: =+E48-E5 -> 9.5 | G48: 6588 | I48: =+H47-I47 -> 1.25 | K48: =+J47-K47 -> 1.25
H49: =+H47 -> 1.3 | J49: =+J47 -> 1.3 | L49: =+L47+1 -> 34 | M49: =+M47+1 -> 84 | N49: =+G48*J49 -> 8564.4 | O49: =+E6*N49 -> 34977.613 | P49: =+E9*O49 -> 69955.226
H51: =+H49 -> 1.3 | J51: =+J49 -> 1.3 | L51: =+L49+1 -> 35 | M51: =+M49+1 -> 85 | N51: =+G48*J51 -> 8564.4 | O51: =+E6*N51 -> 34977.613 | P51: =+E9*O51 -> 69955.226
H53: =+H51 -> 1.3 | J53: =+J51 -> 1.3 | L53: =+L51+1 -> 36 | M53: =+M51+1 -> 86 | N53: =+G48*J53 -> 8564.4 | O53: =+E6*N53 -> 34977.613 | P53: =+E9*O53 -> 69955.226
H55: =+H53 -> 1.3 | J55: =+J53 -> 1.3 | L55: =+L53+1 -> 37 | M55: =+M53+1 -> 87 | N55: =+G48*J55 -> 8564.4 | O55: =+E6*N55 -> 34977.613 | P55: =+E9*O55 -> 69955.226
H57: =+H55 -> 1.3 | J57: =+J55 -> 1.3 | L57: =+L55+1 -> 38 | M57: =+M55+1 -> 88 | N57: =+G48*J57 -> 8564.4 | O57: =+E6*N57 -> 34977.613 | P57: =+E9*O57 -> 69955.226
H59: =+H57 -> 1.3 | J59: =+J57 -> 1.3 | L59: =+L57+1 -> 39 | M59: =+M57+1 -> 89 | N59: =+G48*J59 -> 8564.4 | O59: =+E6*N59 -> 34977.613 | P59: =+E9*O59 -> 69955.226
H61: 1.2 | J61: =+F48-K48-J49-J51-J53-J55-J57-J59 -> 0.45 | L61: =+L59+1 -> 40 | M61: =+M59+1 -> 90 | N61: =+G48*J61 -> 2964.6 | O61: =+E6*N61 -> 12107.635 | P61: =+E9*O61 -> 24215.271
H63: =+E48-I48-H49-H51-H53-H55-H57-H59-H61 -> 0.55 | J63: － | L63: =+L61+1 -> 41 | M63: =+M61+1 -> 91 | N63: － | O63: － | P63: －
D64: Σ | E64: =SUM(E15:E63) -> 31 | F64: =SUM(F15:F63) -> 24.809 | H64: =SUM(H15:H63) -> 31 | J64: =SUM(J15:J63) -> 23.85
C68: b) | D68: 4P左(2列目)
D69: 杭径 | E69: =+E5 -> 1.3 | F69: m
D70: 周長 | E70: =+PI()*E69 -> 4.0840704 | F70: m
D71: 杭全長 | E71: =+E7 -> 31 | F71: m
D72: 1/β | E72: =+E8 -> 4.891 | F72: m
D73: 杭本数 | E73: 1 | F73: 本
D74: 層番号 | E74: 層厚 (m) | F74: 鉛直せん断地盤ばねを考慮する層厚(m) | G74: 鉛直地盤 反力係数 kfv (kN/m3) | H74: 分布幅 (m) | J74: 1/βを考慮 した分布幅 (m) | L74: 節点番号 | N74: 分布幅の鉛直地盤反力係数 kfv (kN/m2) | O74: 各節点の鉛直ばね定数 Kfv (kN/m) | S74: 節点番号 | T74: 拘束方向 | U74: 第1勾配 | X74: 第2勾配 | AA74: 第3勾配 | AB74: 第1勾配 | AC74: 第2勾配 | AD74: 第3勾配
U75: 鉛直ばね | V75: 制限値 | X75: 鉛直ばね | Y75: 制限値 | AA75: 鉛直ばね | AB75: 鉛直ばね | AC75: 鉛直ばね | AD75: 鉛直ばね
U76: ＋側 | V76: ＋側 | W76: －側 | X76: ＋側 | Y76: ＋側 | Z76: －側 | AA76: ＋側 | AB76: －側 | AC76: －側 | AD76: －側
S77: =+L79 -> 42
O78: 杭1本当り | P78: =+E73 -> 1 | S78: =+S77+1 -> 43
D79: ① | E79: =+E15 -> 3.3 | F79: － | G79: =+G15 -> 2000 | H79: =+E69/2 -> 0.65 | J79: － | K79: － | L79: 42 | N79: － | O79: － | P79: － | S79: =+S78+1 -> 44
H80: =+E69 -> 1.3 | J80: － | K80: － | L80: =+L79+1 -> 43 | N80: － | O80: － | P80: － | S80: =+S79+1 -> 45
S81: =+S80+1 -> 46 | T81: Y | U81: =+P86 -> 14746.088 | V81: =+'周面支持力(4P左)'!P86 -> 78.332471 | W81: =+V81 -> 78.332471 | X81: =+U81 -> 14746.088 | Y81: =+V81 -> 78.332471 | Z81: =+Y81 -> 78.332471 | AA81: =+X81 -> 14746.088 | AB81: =+AA81 -> 14746.088 | AC81: =+AB81 -> 14746.088 | AD81: =+AC81 -> 14746.088
H82: =+H80 -> 1.3 | J82: － | K82: － | L82: =+L80+1 -> 44 | N82: － | O82: － | P82: － | S82: =+S81+1 -> 47 | T82: Y | U82: =+P88 -> 19989.483 | V82: =+'周面支持力(4P左)'!P88 -> 106.18583 | W82: =+V82 -> 106.18583 | X82: =+U82 -> 19989.483 | Y82: =+V82 -> 106.18583 | Z82: =+Y82 -> 106.18583 | AA82: =+X82 -> 19989.483 | AB82: =+AA82 -> 19989.483 | AC82: =+AB82 -> 19989.483 | AD82: =+AC82 -> 19989.483
S83: =+S82+1 -> 48 | T83: Y | U83: =+P90 -> 40855.407 | V83: =+'周面支持力(4P左)'!P90 -> 401.05572 | W83: =+V83 -> 401.05572 | X83: =+U83 -> 40855.407 | Y83: =+V83 -> 401.05572 | Z83: =+Y83 -> 401.05572 | AA83: =+X83 -> 40855.407 | AB83: =+AA83 -> 40855.407 | AC83: =+AB83 -> 40855.407 | AD83: =+AC83 -> 40855.407
H84: =+H82 -> 1.3 | I84: =+E79-H79-H80-H82 -> 0.05 | J84: － | K84: － | L84: =+L82+1 -> 45 | N84: － | O84: － | P84: － | S84: =+S83+1 -> 49 | T84: Y | U84: =+P92 -> 48542.853 | V84: =+'周面支持力(4P左)'!P92 -> 509.69199 | W84: =+V84 -> 509.69199 | X84: =+U84 -> 48542.853 | Y84: =+V84 -> 509.69199 | Z84: =+Y84 -> 509.69199 | AA84: =+X84 -> 48542.853 | AB84: =+AA84 -> 48542.853 | AC84: =+AB84 -> 48542.853 | AD84: =+AC84 -> 48542.853
D85: ② | E85: =+E21 -> 1.3 | F85: － | G85: =+G21 -> 10571 | I85: =+H84-I84 -> 1.25 | K85: － | S85: =+S84+1 -> 50 | T85: Y | U85: =+P94 -> 68419.411 | V85: =+'周面支持力(4P左)'!P94 -> 533.21624 | W85: =+V85 -> 533.21624 | X85: =+U85 -> 68419.411 | Y85: =+V85 -> 533.21624 | Z85: =+Y85 -> 533.21624 | AA85: =+X85 -> 68419.411 | AB85: =+AA85 -> 68419.411 | AC85: =+AB85 -> 68419.411 | AD85: =+AC85 -> 68419.411
H86: =+H84 -> 1.3 | I86: =+E85-I85 -> 0.05 | J86: － | K86: － | L86: =+L84+1 -> 46 | N86: =+G87*K87 -> 3610.635 | O86: =+E70*N86 -> 14746.088 | P86: =+E73*O86 -> 14746.088 | S86: =+S85+1 -> 51 | T86: Y | U86: =+P97 -> 72811.625 | V86: =+'周面支持力(4P左)'!P97 -> 764.53799 | W86: =+V86 -> 764.53799 | X86: =+U86 -> 72811.625 | Y86: =+V86 -> 764.53799 | Z86: =+Y86 -> 764.53799 | AA86: =+X86 -> 72811.625 | AB86: =+AA86 -> 72811.625 | AC86: =+AB86 -> 72811.625 | AD86: =+AC86 -> 72811.625
D87: ③ | E87: =+E23 -> 2.9 | F87: =+E79+E85+E87-E72 -> 2.609 | G87: =+G23 -> 3765 | I87: =+H86-I86 -> 1.25 | K87: =+F87-K90-J88 -> 0.959 | S87: =+S86+1 -> 52 | T87: Y | U87: =+P99 -> 72811.625 | V87: =+'周面支持力(4P左)'!P99 -> 764.53799 | W87: =+V87 -> 764.53799 | X87: =+U87 -> 72811.625 | Y87: =+V87 -> 764.53799 | Z87: =+Y87 -> 764.53799 | AA87: =+X87 -> 72811.625 | AB87: =+AA87 -> 72811.625 | AC87: =+AB87 -> 72811.625 | AD87: =+AC87 -> 72811.625
H88: =+H86 -> 1.3 | J88: =+H88 -> 1.3 | L88: =+L86+1 -> 47 | N88: =+G87*J88 -> 4894.5 | O88: =+E70*N88 -> 19989.483 | P88: =+E73*O88 -> 19989.483 | S88: =+S87+1 -> 53 | T88: Y | U88: =+P101 -> 72811.625 | V88: =+'周面支持力(4P左)'!P101 -> 764.53799 | W88: =+V88 -> 764.53799 | X88: =+U88 -> 72811.625 | Y88: =+V88 -> 764.53799 | Z88: =+Y88 -> 764.53799 | AA88: =+X88 -> 72811.625 | AB88: =+AA88 -> 72811.625 | AC88: =+AB88 -> 72811.625 | AD88: =+AC88 -> 72811.625
S89: =+S88+1 -> 54 | T89: Y | U89: =+P103 -> 72811.625 | V89: =+'周面支持力(4P左)'!P103 -> 764.53799 | W89: =+V89 -> 764.53799 | X89: =+U89 -> 72811.625 | Y89: =+V89 -> 764.53799 | Z89: =+Y89 -> 764.53799 | AA89: =+X89 -> 72811.625 | AB89: =+AA89 -> 72811.625 | AC89: =+AB89 -> 72811.625 | AD89: =+AC89 -> 72811.625
H90: =+H88 -> 1.3 | I90: =+E87-I87-H88 -> 0.35 | J90: =+K90+K91 -> 1.3 | K90: =+I90 -> 0.35 | L90: =+L88+1 -> 48 | N90: =+G87*K90+G91*K91 -> 10003.6 | O90: =+E70*N90 -> 40855.407 | P90: =+E73*O90 -> 40855.407 | S90: =+S89+1 -> 55 | T90: Y | U90: =+P105 -> 72811.625 | V90: =+'周面支持力(4P左)'!P105 -> 764.53799 | W90: =+V90 -> 764.53799 | X90: =+U90 -> 72811.625 | Y90: =+V90 -> 764.53799 | Z90: =+Y90 -> 764.53799 | AA90: =+X90 -> 72811.625 | AB90: =+AA90 -> 72811.625 | AC90: =+AB90 -> 72811.625 | AD90: =+AC90 -> 72811.625
D91: ④ | E91: =+E27 -> 2.6 | F91: =+E91 -> 2.6 | G91: =+G27 -> 9143 | I91: =+H90-I90 -> 0.95 | K91: =+I91 -> 0.95 | S91: =+S90+1 -> 56 | T91: Y | U91: =+P107 -> 72811.625 | V91: =+'周面支持力(4P左)'!P107 -> 764.53799 | W91: =+V91 -> 764.53799 | X91: =+U91 -> 72811.625 | Y91: =+V91 -> 764.53799 | Z91: =+Y91 -> 764.53799 | AA91: =+X91 -> 72811.625 | AB91: =+AA91 -> 72811.625 | AC91: =+AB91 -> 72811.625 | AD91: =+AC91 -> 72811.625
H92: =+H90 -> 1.3 | J92: =+E69 -> 1.3 | L92: =+L90+1 -> 49 | N92: =+G91*J92 -> 11885.9 | O92: =+E70*N92 -> 48542.853 | P92: =+E73*O92 -> 48542.853 | S92: =+S91+1 -> 57 | T92: Y | U92: =+P109 -> 72811.625 | V92: =+'周面支持力(4P左)'!P109 -> 764.53799 | W92: =+V92 -> 764.53799 | X92: =+U92 -> 72811.625 | Y92: =+V92 -> 764.53799 | Z92: =+Y92 -> 764.53799 | AA92: =+X92 -> 72811.625 | AB92: =+AA92 -> 72811.625 | AC92: =+AB92 -> 72811.625 | AD92: =+AC92 -> 72811.625
S93: =+S92+1 -> 58 | T93: Y | U93: =+P111 -> 36432.767 | V93: =+'周面支持力(4P左)'!P111 -> 209.10441 | W93: =+V93 -> 209.10441 | X93: =+U93 -> 36432.767 | Y93: =+V93 -> 209.10441 | Z93: =+Y93 -> 209.10441 | AA93: =+X93 -> 36432.767 | AB93: =+AA93 -> 36432.767 | AC93: =+AB93 -> 36432.767 | AD93: =+AC93 -> 36432.767
H94: =+H92 -> 1.3 | I94: =+E91-I91-H92 -> 0.35 | J94: =+J92 -> 1.3 | K94: =+F91-K91-J92 -> 0.35 | L94: =+L92+1 -> 50 | N94: =+G91*K94+G95*K95+G96*K96 -> 16752.75 | O94: =+E70*N94 -> 68419.411 | P94: =+E73*O94 -> 68419.411 | S94: =+S93+1 -> 59 | T94: Y | U94: =+P113 -> 34977.613 | V94: =+'周面支持力(4P左)'!P113 -> 186.88706 | W94: =+V94 -> 186.88706 | X94: =+U94 -> 34977.613 | Y94: =+V94 -> 186.88706 | Z94: =+Y94 -> 186.88706 | AA94: =+X94 -> 34977.613 | AB94: =+AA94 -> 34977.613 | AC94: =+AB94 -> 34977.613 | AD94: =+AC94 -> 34977.613
D95: ⑤ | E95: =+E31 -> 0.6 | F95: =+E95 -> 0.6 | G95: =+G31 -> 14588 | I95: =+E95 -> 0.6 | K95: =+F95 -> 0.6 | S95: =+S94+1 -> 60 | T95: Y | U95: =+P115 -> 34977.613 | V95: =+'周面支持力(4P左)'!P115 -> 186.88706 | W95: =+V95 -> 186.88706 | X95: =+U95 -> 34977.613 | Y95: =+V95 -> 186.88706 | Z95: =+Y95 -> 186.88706 | AA95: =+X95 -> 34977.613 | AB95: =+AA95 -> 34977.613 | AC95: =+AB95 -> 34977.613 | AD95: =+AC95 -> 34977.613
D96: ⑥ | E96: =+E32 -> 9.5 | F96: =+E96 -> 9.5 | G96: =+G32 -> 13714 | I96: =+H94-I94-I95 -> 0.35 | K96: =+J94-K94-K95 -> 0.35 | S96: =+S95+1 -> 61 | T96: Y | U96: =+P117 -> 34977.613 | V96: =+'周面支持力(4P左)'!P117 -> 186.88706 | W96: =+V96 -> 186.88706 | X96: =+U96 -> 34977.613 | Y96: =+V96 -> 186.88706 | Z96: =+Y96 -> 186.88706 | AA96: =+X96 -> 34977.613 | AB96: =+AA96 -> 34977.613 | AC96: =+AB96 -> 34977.613 | AD96: =+AC96 -> 34977.613
H97: =+H94 -> 1.3 | J97: =+J94 -> 1.3 | L97: =+L94+1 -> 51 | N97: =+G96*J97 -> 17828.2 | O97: =+E70*N97 -> 72811.625 | P97: =+E73*O97 -> 72811.625 | S97: =+S96+1 -> 62 | T97: Y | U97: =+P119 -> 34977.613 | V97: =+'周面支持力(4P左)'!P119 -> 186.88706 | W97: =+V97 -> 186.88706 | X97: =+U97 -> 34977.613 | Y97: =+V97 -> 186.88706 | Z97: =+Y97 -> 186.88706 | AA97: =+X97 -> 34977.613 | AB97: =+AA97 -> 34977.613 | AC97: =+AB97 -> 34977.613 | AD97: =+AC97 -> 34977.613
S98: =+S97+1 -> 63 | T98: Y | U98: =+P121 -> 34977.613 | V98: =+'周面支持力(4P左)'!P121 -> 186.88706 | W98: =+V98 -> 186.88706 | X98: =+U98 -> 34977.613 | Y98: =+V98 -> 186.88706 | Z98: =+Y98 -> 186.88706 | AA98: =+X98 -> 34977.613 | AB98: =+AA98 -> 34977.613 | AC98: =+AB98 -> 34977.613 | AD98: =+AC98 -> 34977.613
H99: =+H97 -> 1.3 | J99: =+J97 -> 1.3 | L99: =+L97+1 -> 52 | N99: =+G96*J99 -> 17828.2 | O99: =+E70*N99 -> 72811.625 | P99: =+E73*O99 -> 72811.625 | S99: =+S98+1 -> 64 | T99: Y | U99: =+P123 -> 34977.613 | V99: =+'周面支持力(4P左)'!P123 -> 186.88706 | W99: =+V99 -> 186.88706 | X99: =+U99 -> 34977.613 | Y99: =+V99 -> 186.88706 | Z99: =+Y99 -> 186.88706 | AA99: =+X99 -> 34977.613 | AB99: =+AA99 -> 34977.613 | AC99: =+AB99 -> 34977.613 | AD99: =+AC99 -> 34977.613
S100: =+S99+1 -> 65 | T100: Y | U100: =+P125 -> 12107.635 | V100: =+'周面支持力(4P左)'!P125 -> 64.691676 | W100: =+V100 -> 64.691676 | X100: =+U100 -> 12107.635 | Y100: =+V100 -> 64.691676 | Z100: =+Y100 -> 64.691676 | AA100: =+X100 -> 12107.635 | AB100: =+AA100 -> 12107.635 | AC100: =+AB100 -> 12107.635 | AD100: =+AC100 -> 12107.635
H101: =+H99 -> 1.3 | J101: =+J99 -> 1.3 | L101: =+L99+1 -> 53 | N101: =+G96*J101 -> 17828.2 | O101: =+E70*N101 -> 72811.625 | P101: =+E73*O101 -> 72811.625 | S101: =+S100+1 -> 66
H103: =+H101 -> 1.3 | J103: =+J101 -> 1.3 | L103: =+L101+1 -> 54 | N103: =+G96*J103 -> 17828.2 | O103: =+E70*N103 -> 72811.625 | P103: =+E73*O103 -> 72811.625
S104: 節点番号 | T104: 拘束方向 | U104: 第1勾配 | X104: 第2勾配 | AA104: 第3勾配 | AB104: 第1勾配 | AC104: 第2勾配 | AD104: 第3勾配
H105: =+H103 -> 1.3 | J105: =+J103 -> 1.3 | L105: =+L103+1 -> 55 | N105: =+G96*J105 -> 17828.2 | O105: =+E70*N105 -> 72811.625 | P105: =+E73*O105 -> 72811.625 | U105: 鉛直ばね | V105: 制限値 | X105: 鉛直ばね | Y105: 制限値 | AA105: 鉛直ばね | AB105: 鉛直ばね | AC105: 鉛直ばね | AD105: 鉛直ばね
U106: ＋側 | V106: ＋側 | W106: －側 | X106: ＋側 | Y106: ＋側 | Z106: －側 | AA106: ＋側 | AB106: －側 | AC106: －側 | AD106: －側
H107: =+H105 -> 1.3 | J107: =+J105 -> 1.3 | L107: =+L105+1 -> 56 | N107: =+G96*J107 -> 17828.2 | O107: =+E70*N107 -> 72811.625 | P107: =+E73*O107 -> 72811.625 | S107: =+M15 -> 67
S108: =+S107+1 -> 68
H109: =+H107 -> 1.3 | J109: =+J107 -> 1.3 | L109: =+L107+1 -> 57 | N109: =+G96*J109 -> 17828.2 | O109: =+E70*N109 -> 72811.625 | P109: =+E73*O109 -> 72811.625 | S109: =+S108+1 -> 69
S110: =+S109+1 -> 70
H111: =+H109 -> 1.3 | I111: =+E96-I96-H97-H99-H101-H103-H105-H107-H109 -> 0.05 | J111: =+J109 -> 1.3 | K111: =+F96-K96-J97-J99-J101-J103-J105-J107-J109 -> 0.05 | L111: =+L109+1 -> 58 | N111: =+G96*K111+G112*K112 -> 8920.7 | O111: =+E70*N111 -> 36432.767 | P111: =+E73*O111 -> 36432.767 | S111: =+S110+1 -> 71 | T111: Y | U111: =+U17 -> 29492.175 | V111: =+V17 -> 156.66494 | W111: =+V111 -> 156.66494 | X111: =+U111 -> 29492.175 | Y111: =+V111 -> 156.66494 | Z111: =+Y111 -> 156.66494 | AA111: =+X111 -> 29492.175 | AB111: =+AA111 -> 29492.175 | AC111: =+AB111 -> 29492.175 | AD111: =+AC111 -> 29492.175
D112: ⑦ | E112: =+E48 -> 10.8 | F112: =+E112-E69 -> 9.5 | G112: =+G48 -> 6588 | I112: =+H111-I111 -> 1.25 | K112: =+J111-K111 -> 1.25 | S112: =+S111+1 -> 72 | T112: Y | U112: =+U18 -> 39978.966 | V112: =+V18 -> 212.37166 | W112: =+V112 -> 212.37166 | X112: =+U112 -> 39978.966 | Y112: =+V112 -> 212.37166 | Z112: =+Y112 -> 212.37166 | AA112: =+X112 -> 39978.966 | AB112: =+AA112 -> 39978.966 | AC112: =+AB112 -> 39978.966 | AD112: =+AC112 -> 39978.966
H113: =+H111 -> 1.3 | J113: =+J111 -> 1.3 | L113: =+L111+1 -> 59 | N113: =+G112*J113 -> 8564.4 | O113: =+E70*N113 -> 34977.613 | P113: =+E73*O113 -> 34977.613 | S113: =+S112+1 -> 73 | T113: Y | U113: =+U19 -> 81710.814 | V113: =+V19 -> 802.11144 | W113: =+V113 -> 802.11144 | X113: =+U113 -> 81710.814 | Y113: =+V113 -> 802.11144 | Z113: =+Y113 -> 802.11144 | AA113: =+X113 -> 81710.814 | AB113: =+AA113 -> 81710.814 | AC113: =+AB113 -> 81710.814 | AD113: =+AC113 -> 81710.814
S114: =+S113+1 -> 74 | T114: Y | U114: =+U20 -> 97085.706 | V114: =+V20 -> 1019.384 | W114: =+V114 -> 1019.384 | X114: =+U114 -> 97085.706 | Y114: =+V114 -> 1019.384 | Z114: =+Y114 -> 1019.384 | AA114: =+X114 -> 97085.706 | AB114: =+AA114 -> 97085.706 | AC114: =+AB114 -> 97085.706 | AD114: =+AC114 -> 97085.706
H115: =+H113 -> 1.3 | J115: =+J113 -> 1.3 | L115: =+L113+1 -> 60 | N115: =+G112*J115 -> 8564.4 | O115: =+E70*N115 -> 34977.613 | P115: =+E73*O115 -> 34977.613 | S115: =+S114+1 -> 75 | T115: Y | U115: =+U21 -> 136838.82 | V115: =+V21 -> 1066.4325 | W115: =+V115 -> 1066.4325 | X115: =+U115 -> 136838.82 | Y115: =+V115 -> 1066.4325 | Z115: =+Y115 -> 1066.4325 | AA115: =+X115 -> 136838.82 | AB115: =+AA115 -> 136838.82 | AC115: =+AB115 -> 136838.82 | AD115: =+AC115 -> 136838.82
S116: =+S115+1 -> 76 | T116: Y | U116: =+U22 -> 145623.25 | V116: =+V22 -> 1529.076 | W116: =+V116 -> 1529.076 | X116: =+U116 -> 145623.25 | Y116: =+V116 -> 1529.076 | Z116: =+Y116 -> 1529.076 | AA116: =+X116 -> 145623.25 | AB116: =+AA116 -> 145623.25 | AC116: =+AB116 -> 145623.25 | AD116: =+AC116 -> 145623.25
H117: =+H115 -> 1.3 | J117: =+J115 -> 1.3 | L117: =+L115+1 -> 61 | N117: =+G112*J117 -> 8564.4 | O117: =+E70*N117 -> 34977.613 | P117: =+E73*O117 -> 34977.613 | S117: =+S116+1 -> 77 | T117: Y | U117: =+U23 -> 145623.25 | V117: =+V23 -> 1529.076 | W117: =+V117 -> 1529.076 | X117: =+U117 -> 145623.25 | Y117: =+V117 -> 1529.076 | Z117: =+Y117 -> 1529.076 | AA117: =+X117 -> 145623.25 | AB117: =+AA117 -> 145623.25 | AC117: =+AB117 -> 145623.25 | AD117: =+AC117 -> 145623.25
...

Sheet 鉛直せん断地盤ばね定数(4P右)
C2: c) | D2: 4P右(1,3列目)
D3: 杭径 | E3: 1.3 | F3: m
D4: 周長 | E4: =+PI()*E3 -> 4.0840704 | F4: m
D5: 杭全長 | E5: 31 | F5: m
D6: 1/β | E6: 4.945 | F6: m
D7: 杭本数 | E7: 3 | F7: 本
D8: 層番号 | E8: 層厚 (m) | F8: 鉛直せん断地盤ばねを考慮する層厚(m) | G8: 鉛直地盤 反力係数 kfv (kN/m3) | H8: 分布幅 (m) | J8: 1/βを考慮 した分布幅 (m) | L8: 節点番号 | N8: 分布幅の鉛直地盤反力係数 kfv (kN/m2) | O8: 各節点の鉛直ばね定数 Kfv (kN/m) | S8: 節点番号 | T8: 拘束方向 | U8: 第1勾配 | X8: 第2勾配 | AA8: 第3勾配 | AB8: 第1勾配 | AC8: 第2勾配 | AD8: 第3勾配
U9: 鉛直ばね | V9: 制限値 | X9: 鉛直ばね | Y9: 制限値 | AA9: 鉛直ばね | AB9: 鉛直ばね | AC9: 鉛直ばね | AD9: 鉛直ばね
U10: ＋側 | V10: ＋側 | W10: －側 | X10: ＋側 | Y10: ＋側 | Z10: －側 | AA10: ＋側 | AB10: －側 | AC10: －側 | AD10: －側
S11: =+L13 -> 98
O12: 杭1本当り | P12: =+E7 -> 3 | S12: =+S11+1 -> 99
D13: ① | E13: 1.5 | F13: － | G13: 2000 | H13: =+E3/2 -> 0.65 | J13: － | K13: － | L13: 98 | M13: 148 | N13: － | O13: － | P13: － | S13: =+S12+1 -> 100
H14: =+E3 -> 1.3 | I14: =+E13-H13 -> 0.85 | J14: － | K14: － | L14: =+L13+1 -> 99 | M14: =+M13+1 -> 149 | N14: － | O14: － | P14: － | S14: =+S13+1 -> 101
D15: ② | E15: 1.3 | F15: － | G15: 10571 | I15: =+H14-I14 -> 0.45 | K15: － | S15: =+S14+1 -> 102 | T15: Y | U15: =+P20 -> 51631.125 | V15: =+'周面支持力(4P右)'!P20 -> 361.44023 | W15: =+V15 -> 361.44023 | X15: =+U15 -> 51631.125 | Y15: =+V15 -> 361.44023 | Z15: =+Y15 -> 361.44023 | AA15: =+X15 -> 51631.125 | AB15: =+AA15 -> 51631.125 | AC15: =+AB15 -> 51631.125 | AD15: =+AC15 -> 51631.125
H16: =+H14 -> 1.3 | I16: =+E15-I15 -> 0.85 | J16: － | K16: － | L16: =+L14+1 -> 100 | M16: =+M14+1 -> 150 | N16: － | O16: － | P16: － | S16: =+S15+1 -> 103 | T16: Y | U16: =+P22 -> 145628.56 | V16: =+'周面支持力(4P右)'!P22 -> 1529.076 | W16: =+V16 -> 1529.076 | X16: =+U16 -> 145628.56 | Y16: =+V16 -> 1529.076 | Z16: =+Y16 -> 1529.076 | AA16: =+X16 -> 145628.56 | AB16: =+AA16 -> 145628.56 | AC16: =+AB16 -> 145628.56 | AD16: =+AC16 -> 145628.56
D17: ③ | E17: 2.9 | F17: =+E13+E15+E17-E6 -> 0.755 | G17: 3765 | I17: =+H16-I16 -> 0.45 | K17: － | S17: =+S16+1 -> 104 | T17: Y | U17: =+P24 -> 155635.55 | V17: =+'周面支持力(4P右)'!P24 -> 1495.2599 | W17: =+V17 -> 1495.2599 | X17: =+U17 -> 155635.55 | Y17: =+V17 -> 1495.2599 | Z17: =+Y17 -> 1495.2599 | AA17: =+X17 -> 155635.55 | AB17: =+AA17 -> 155635.55 | AC17: =+AB17 -> 155635.55 | AD17: =+AC17 -> 155635.55
H18: =+H16 -> 1.3 | J18: － | L18: =+L16+1 -> 101 | M18: =+M16+1 -> 151 | N18: － | O18: － | P18: － | S18: =+S17+1 -> 105 | T18: Y | U18: =+P26 -> 223253.67 | V18: =+'周面支持力(4P右)'!P26 -> 1927.5179 | W18: =+V18 -> 1927.5179 | X18: =+U18 -> 223253.67 | Y18: =+V18 -> 1927.5179 | Z18: =+Y18 -> 1927.5179 | AA18: =+X18 -> 223253.67 | AB18: =+AA18 -> 223253.67 | AC18: =+AB18 -> 223253.67 | AD18: =+AC18 -> 223253.67
S19: =+S18+1 -> 106 | T19: Y | U19: =+P28 -> 218434.87 | V19: =+'周面支持力(4P右)'!P28 -> 2293.614 | W19: =+V19 -> 2293.614 | X19: =+U19 -> 218434.87 | Y19: =+V19 -> 2293.614 | Z19: =+Y19 -> 2293.614 | AA19: =+X19 -> 218434.87 | AB19: =+AA19 -> 218434.87 | AC19: =+AB19 -> 218434.87 | AD19: =+AC19 -> 218434.87
H20: =+H18 -> 1.3 | I20: =+E17-I17-H18 -> 1.15 | J20: =+E3 -> 1.3 | K20: =+F17 -> 0.755 | L20: =+L18+1 -> 102 | M20: =+M18+1 -> 152 | N20: =+G17*K20+G21*K21 -> 4214.025 | O20: =+E4*N20 -> 17210.375 | P20: =+E7*O20 -> 51631.125 | S20: =+S19+1 -> 107 | T20: Y | U20: =+P30 -> 218434.87 | V20: =+'周面支持力(4P右)'!P30 -> 2293.614 | W20: =+V20 -> 2293.614 | X20: =+U20 -> 218434.87 | Y20: =+V20 -> 2293.614 | Z20: =+Y20 -> 2293.614 | AA20: =+X20 -> 218434.87 | AB20: =+AA20 -> 218434.87 | AC20: =+AB20 -> 218434.87 | AD20: =+AC20 -> 218434.87
D21: ④ | E21: 2.6 | F21: =+E21 -> 2.6 | G21: 9143 | I21: =+H20-I20 -> 0.15 | K21: =+I21 -> 0.15 | S21: =+S20+1 -> 108 | T21: Y | U21: =+P32 -> 218434.87 | V21: =+'周面支持力(4P右)'!P32 -> 2293.614 | W21: =+V21 -> 2293.614 | X21: =+U21 -> 218434.87 | Y21: =+V21 -> 2293.614 | Z21: =+Y21 -> 2293.614 | AA21: =+X21 -> 218434.87 | AB21: =+AA21 -> 218434.87 | AC21: =+AB21 -> 218434.87 | AD21: =+AC21 -> 218434.87
H22: =+H20 -> 1.3 | J22: =+J20 -> 1.3 | L22: =+L20+1 -> 103 | M22: =+M20+1 -> 153 | N22: =+G21*J22 -> 11885.9 | O22: =+E4*N22 -> 48542.853 | P22: =+E7*O22 -> 145628.56 | S22: =+S21+1 -> 109 | T22: Y | U22: =+P34 -> 218434.87 | V22: =+'周面支持力(4P右)'!P34 -> 2293.614 | W22: =+V22 -> 2293.614 | X22: =+U22 -> 218434.87 | Y22: =+V22 -> 2293.614 | Z22: =+Y22 -> 2293.614 | AA22: =+X22 -> 218434.87 | AB22: =+AA22 -> 218434.87 | AC22: =+AB22 -> 218434.87 | AD22: =+AC22 -> 218434.87
S23: =+S22+1 -> 110 | T23: Y | U23: =+P36 -> 218434.87 | V23: =+'周面支持力(4P右)'!P36 -> 2293.614 | W23: =+V23 -> 2293.614 | X23: =+U23 -> 218434.87 | Y23: =+V23 -> 2293.614 | Z23: =+Y23 -> 2293.614 | AA23: =+X23 -> 218434.87 | AB23: =+AA23 -> 218434.87 | AC23: =+AB23 -> 218434.87 | AD23: =+AC23 -> 218434.87
H24: =+H22 -> 1.3 | I24: =+E21-I21-H22 -> 1.15 | J24: =+J22 -> 1.3 | K24: =+I24 -> 1.15 | L24: =+L22+1 -> 104 | M24: =+M22+1 -> 154 | N24: =+G21*K24+G25*K25 -> 12702.65 | O24: =+E4*N24 -> 51878.517 | P24: =+E7*O24 -> 155635.55 | S24: =+S23+1 -> 111 | T24: Y | U24: =+P38 -> 218434.87 | V24: =+'周面支持力(4P右)'!P38 -> 2293.614 | W24: =+V24 -> 2293.614 | X24: =+U24 -> 218434.87 | Y24: =+V24 -> 2293.614 | Z24: =+Y24 -> 2293.614 | AA24: =+X24 -> 218434.87 | AB24: =+AA24 -> 218434.87 | AC24: =+AB24 -> 218434.87 | AD24: =+AC24 -> 218434.87
D25: ⑤ | E25: 0.6 | F25: =+E25 -> 0.6 | G25: 14588 | I25: =+H24-I24 -> 0.15 | K25: =+I25 -> 0.15 | S25: =+S24+1 -> 112 | T25: Y | U25: =+P40 -> 179145.71 | V25: =+'周面支持力(4P右)'!P40 -> 1693.7457 | W25: =+V25 -> 1693.7457 | X25: =+U25 -> 179145.71 | Y25: =+V25 -> 1693.7457 | Z25: =+Y25 -> 1693.7457 | AA25: =+X25 -> 179145.71 | AB25: =+AA25 -> 179145.71 | AC25: =+AB25 -> 179145.71 | AD25: =+AC25 -> 179145.71
H26: =+H24 -> 1.3 | I26: =+E25-I25 -> 0.45 | J26: =+J24 -> 1.3 | K26: =+I26 -> 0.45 | L26: =+L24+1 -> 105 | M26: =+M24+1 -> 155 | N26: =+G25*K26+G27*K27 -> 18221.5 | O26: =+E4*N26 -> 74417.89 | P26: =+E7*O26 -> 223253.67 | S26: =+S25+1 -> 113 | T26: Y | U26: =+P42 -> 104932.84 | V26: =+'周面支持力(4P右)'!P42 -> 560.66119 | W26: =+V26 -> 560.66119 | X26: =+U26 -> 104932.84 | Y26: =+V26 -> 560.66119 | Z26: =+Y26 -> 560.66119 | AA26: =+X26 -> 104932.84 | AB26: =+AA26 -> 104932.84 | AC26: =+AB26 -> 104932.84 | AD26: =+AC26 -> 104932.84
D27: ⑥ | E27: 9.5 | F27: =+E27 -> 9.5 | G27: 13714 | I27: =+H26-I26 -> 0.85 | K27: =+I27 -> 0.85 | S27: =+S26+1 -> 114 | T27: Y | U27: =+P44 -> 104932.84 | V27: =+'周面支持力(4P右)'!P44 -> 560.66119 | W27: =+V27 -> 560.66119 | X27: =+U27 -> 104932.84 | Y27: =+V27 -> 560.66119 | Z27: =+Y27 -> 560.66119 | AA27: =+X27 -> 104932.84 | AB27: =+AA27 -> 104932.84 | AC27: =+AB27 -> 104932.84 | AD27: =+AC27 -> 104932.84
H28: =+H26 -> 1.3 | J28: =+J26 -> 1.3 | L28: =+L26+1 -> 106 | M28: =+M26+1 -> 156 | N28: =+G27*J28 -> 17828.2 | O28: =+E4*N28 -> 72811.625 | P28: =+E7*O28 -> 218434.87 | S28: =+S27+1 -> 115 | T28: Y | U28: =+P46 -> 104932.84 | V28: =+'周面支持力(4P右)'!P46 -> 560.66119 | W28: =+V28 -> 560.66119 | X28: =+U28 -> 104932.84 | Y28: =+V28 -> 560.66119 | Z28: =+Y28 -> 560.66119 | AA28: =+X28 -> 104932.84 | AB28: =+AA28 -> 104932.84 | AC28: =+AB28 -> 104932.84 | AD28: =+AC28 -> 104932.84
S29: =+S28+1 -> 116 | T29: Y | U29: =+P48 -> 104932.84 | V29: =+'周面支持力(4P右)'!P48 -> 560.66119 | W29: =+V29 -> 560.66119 | X29: =+U29 -> 104932.84 | Y29: =+V29 -> 560.66119 | Z29: =+Y29 -> 560.66119 | AA29: =+X29 -> 104932.84 | AB29: =+AA29 -> 104932.84 | AC29: =+AB29 -> 104932.84 | AD29: =+AC29 -> 104932.84
H30: =+H28 -> 1.3 | J30: =+J28 -> 1.3 | L30: =+L28+1 -> 107 | M30: =+M28+1 -> 157 | N30: =+G27*J30 -> 17828.2 | O30: =+E4*N30 -> 72811.625 | P30: =+E7*O30 -> 218434.87 | S30: =+S29+1 -> 117 | T30: Y | U30: =+P50 -> 104932.84 | V30: =+'周面支持力(4P右)'!P50 -> 560.66119 | W30: =+V30 -> 560.66119 | X30: =+U30 -> 104932.84 | Y30: =+V30 -> 560.66119 | Z30: =+Y30 -> 560.66119 | AA30: =+X30 -> 104932.84 | AB30: =+AA30 -> 104932.84 | AC30: =+AB30 -> 104932.84 | AD30: =+AC30 -> 104932.84
S31: =+S30+1 -> 118 | T31: Y | U31: =+P52 -> 104932.84 | V31: =+'周面支持力(4P右)'!P52 -> 560.66119 | W31: =+V31 -> 560.66119 | X31: =+U31 -> 104932.84 | Y31: =+V31 -> 560.66119 | Z31: =+Y31 -> 560.66119 | AA31: =+X31 -> 104932.84 | AB31: =+AA31 -> 104932.84 | AC31: =+AB31 -> 104932.84 | AD31: =+AC31 -> 104932.84
H32: =+H30 -> 1.3 | J32: =+J30 -> 1.3 | L32: =+L30+1 -> 108 | M32: =+M30+1 -> 158 | N32: =+G27*J32 -> 17828.2 | O32: =+E4*N32 -> 72811.625 | P32: =+E7*O32 -> 218434.87 | S32: =+S31+1 -> 119 | T32: Y | U32: =+P54 -> 104932.84 | V32: =+'周面支持力(4P右)'!P54 -> 560.66119 | W32: =+V32 -> 560.66119 | X32: =+U32 -> 104932.84 | Y32: =+V32 -> 560.66119 | Z32: =+Y32 -> 560.66119 | AA32: =+X32 -> 104932.84 | AB32: =+AA32 -> 104932.84 | AC32: =+AB32 -> 104932.84 | AD32: =+AC32 -> 104932.84
S33: =+S32+1 -> 120 | T33: Y | U33: =+P56 -> 104932.84 | V33: =+'周面支持力(4P右)'!P56 -> 560.66119 | W33: =+V33 -> 560.66119 | X33: =+U33 -> 104932.84 | Y33: =+V33 -> 560.66119 | Z33: =+Y33 -> 560.66119 | AA33: =+X33 -> 104932.84 | AB33: =+AA33 -> 104932.84 | AC33: =+AB33 -> 104932.84 | AD33: =+AC33 -> 104932.84
H34: =+H32 -> 1.3 | J34: =+J32 -> 1.3 | L34: =+L32+1 -> 109 | M34: =+M32+1 -> 159 | N34: =+G27*J34 -> 17828.2 | O34: =+E4*N34 -> 72811.625 | P34: =+E7*O34 -> 218434.87 | S34: =+S33+1 -> 121 | T34: Y | U34: =+P58 -> 36322.906 | V34: =+'周面支持力(4P右)'!P58 -> 194.07503 | W34: =+V34 -> 194.07503 | X34: =+U34 -> 36322.906 | Y34: =+V34 -> 194.07503 | Z34: =+Y34 -> 194.07503 | AA34: =+X34 -> 36322.906 | AB34: =+AA34 -> 36322.906 | AC34: =+AB34 -> 36322.906 | AD34: =+AC34 -> 36322.906
S35: =+S34+1 -> 122
H36: =+H34 -> 1.3 | J36: =+J34 -> 1.3 | L36: =+L34+1 -> 110 | M36: =+M34+1 -> 160 | N36: =+G27*J36 -> 17828.2 | O36: =+E4*N36 -> 72811.625 | P36: =+E7*O36 -> 218434.87
H38: =+H36 -> 1.3 | J38: =+J36 -> 1.3 | L38: =+L36+1 -> 111 | M38: =+M36+1 -> 161 | N38: =+G27*J38 -> 17828.2 | O38: =+E4*N38 -> 72811.625 | P38: =+E7*O38 -> 218434.87
H40: =+H38 -> 1.3 | I40: =+E27-I27-H28-H30-H32-H34-H36-H38 -> 0.85 | J40: =+J38 -> 1.3 | K40: =+I40 -> 0.85 | L40: =+L38+1 -> 112 | M40: =+M38+1 -> 162 | N40: =+G27*K40+G41*K41 -> 14621.5 | O40: =+E4*N40 -> 59715.236 | P40: =+E7*O40 -> 179145.71
D41: ⑦ | E41: 12.6 | F41: =+E41-E3 -> 11.3 | G41: 6588 | I41: =+H42-I40 -> 0.45 | K41: =+I41 -> 0.45
H42: =+H40 -> 1.3 | J42: =+J40 -> 1.3 | L42: =+L40+1 -> 113 | M42: =+M40+1 -> 163 | N42: =+G41*J42 -> 8564.4 | O42: =+E4*N42 -> 34977.613 | P42: =+E7*O42 -> 104932.84
H44: =+H42 -> 1.3 | J44: =+J42 -> 1.3 | L44: =+L42+1 -> 114 | M44: =+M42+1 -> 164 | N44: =+G41*J44 -> 8564.4 | O44: =+E4*N44 -> 34977.613 | P44: =+E7*O44 -> 104932.84
H46: =+H44 -> 1.3 | J46: =+J44 -> 1.3 | L46: =+L44+1 -> 115 | M46: =+M44+1 -> 165 | N46: =+G41*J46 -> 8564.4 | O46: =+E4*N46 -> 34977.613 | P46: =+E7*O46 -> 104932.84
H48: =+H46 -> 1.3 | J48: =+J46 -> 1.3 | L48: =+L46+1 -> 116 | M48: =+M46+1 -> 166 | N48: =+G41*J48 -> 8564.4 | O48: =+E4*N48 -> 34977.613 | P48: =+E7*O48 -> 104932.84
H50: =+H48 -> 1.3 | J50: =+J48 -> 1.3 | L50: =+L48+1 -> 117 | M50: =+M48+1 -> 167 | N50: =+G41*J50 -> 8564.4 | O50: =+E4*N50 -> 34977.613 | P50: =+E7*O50 -> 104932.84
H52: =+H50 -> 1.3 | J52: =+J50 -> 1.3 | L52: =+L50+1 -> 118 | M52: =+M50+1 -> 168 | N52: =+G41*J52 -> 8564.4 | O52: =+E4*N52 -> 34977.613 | P52: =+E7*O52 -> 104932.84
H54: =+H52 -> 1.3 | J54: =+J52 -> 1.3 | L54: =+L52+1 -> 119 | M54: =+M52+1 -> 169 | N54: =+G41*J54 -> 8564.4 | O54: =+E4*N54 -> 34977.613 | P54: =+E7*O54 -> 104932.84
H56: =+H54 -> 1.3 | J56: =+J54 -> 1.3 | L56: =+L54+1 -> 120 | M56: =+M54+1 -> 170 | N56: =+G41*J56 -> 8564.4 | O56: =+E4*N56 -> 34977.613 | P56: =+E7*O56 -> 104932.84
H58: 1.2 | J58: =+F41-K41-J42-J44-J46-J48-J50-J52-J54-J56 -> 0.45 | L58: =+L56+1 -> 121 | M58: =+M56+1 -> 171 | N58: =+G41*J58 -> 2964.6 | O58: =+E4*N58 -> 12107.635 | P58: =+E7*O58 -> 36322.906
H60: =+E41-I41-H42-H44-H46-H48-H50-H52-H54-H56-H58 -> 0.55 | J60: － | L60: =+L58+1 -> 122 | M60: =+M58+1 -> 172 | N60: － | O60: － | P60: －
D61: Σ | E61: =SUM(E13:E60) -> 31 | F61: =SUM(F13:F60) -> 24.755 | H61: =SUM(H12:H60) -> 31 | J61: =SUM(J18:J59) -> 25.15
C65: d) | D65: 4P右(2列目)
D66: 杭径 | E66: =+E3 -> 1.3 | F66: m
D67: 周長 | E67: =+PI()*E66 -> 4.0840704 | F67: m
D68: 杭全長 | E68: =+E5 -> 31 | F68: m
D69: 1/β | E69: =+E6 -> 4.945 | F69: m
D70: 杭本数 | E70: 2 | F70: 本
D71: 層番号 | E71: 層厚 (m) | F71: 鉛直せん断地盤ばねを考慮する層厚(m) | G71: 鉛直地盤 反力係数 kfv (kN/m3) | H71: 分布幅 (m) | J71: 1/βを考慮 した分布幅 (m) | L71: 節点番号 | N71: 分布幅の鉛直地盤反力係数 kfv (kN/m2) | O71: 各節点の鉛直ばね定数 Kfv (kN/m) | S71: 節点番号 | T71: 拘束方向 | U71: 第1勾配 | X71: 第2勾配 | AA71: 第3勾配 | AB71: 第1勾配 | AC71: 第2勾配 | AD71: 第3勾配
U72: 鉛直ばね | V72: 制限値 | X72: 鉛直ばね | Y72: 制限値 | AA72: 鉛直ばね | AB72: 鉛直ばね | AC72: 鉛直ばね | AD72: 鉛直ばね
U73: ＋側 | V73: ＋側 | W73: －側 | X73: ＋側 | Y73: ＋側 | Z73: －側 | AA73: ＋側 | AB73: －側 | AC73: －側 | AD73: －側
S74: =+L76 -> 123
O75: 杭1本当り | P75: =+E70 -> 2 | S75: =+S74+1 -> 124
D76: ① | E76: =+E13 -> 1.5 | F76: － | G76: =+G13 -> 2000 | H76: =+E66/2 -> 0.65 | J76: － | K76: － | L76: 123 | N76: － | O76: － | P76: － | S76: =+S75+1 -> 125
H77: =+E66 -> 1.3 | I77: =+E76-H76 -> 0.85 | J77: － | K77: － | L77: =+L76+1 -> 124 | N77: － | O77: － | P77: － | S77: =+S76+1 -> 126
D78: ② | E78: =+E15 -> 1.3 | F78: － | G78: =+G15 -> 10571 | I78: =+H77-I77 -> 0.45 | K78: － | S78: =+S77+1 -> 127 | T78: Y | U78: =+P83 -> 34420.75 | V78: =+'周面支持力(4P右)'!P83 -> 240.96016 | W78: =+V78 -> 240.96016 | X78: =+U78 -> 34420.75 | Y78: =+V78 -> 240.96016 | Z78: =+Y78 -> 240.96016 | AA78: =+X78 -> 34420.75 | AB78: =+AA78 -> 34420.75 | AC78: =+AB78 -> 34420.75 | AD78: =+AC78 -> 34420.75
H79: =+H77 -> 1.3 | I79: =+E78-I78 -> 0.85 | J79: － | K79: － | L79: =+L77+1 -> 125 | N79: － | O79: － | P79: － | S79: =+S78+1 -> 128 | T79: Y | U79: =+P85 -> 97085.706 | V79: =+'周面支持力(4P右)'!P85 -> 1019.384 | W79: =+V79 -> 1019.384 | X79: =+U79 -> 97085.706 | Y79: =+V79 -> 1019.384 | Z79: =+Y79 -> 1019.384 | AA79: =+X79 -> 97085.706 | AB79: =+AA79 -> 97085.706 | AC79: =+AB79 -> 97085.706 | AD79: =+AC79 -> 97085.706
D80: ③ | E80: =+E17 -> 2.9 | F80: =+E76+E78+E80-E69 -> 0.755 | G80: =+G17 -> 3765 | I80: =+H79-I79 -> 0.45 | K80: － | S80: =+S79+1 -> 129 | T80: Y | U80: =+P87 -> 103757.03 | V80: =+'周面支持力(4P右)'!P87 -> 996.83992 | W80: =+V80 -> 996.83992 | X80: =+U80 -> 103757.03 | Y80: =+V80 -> 996.83992 | Z80: =+Y80 -> 996.83992 | AA80: =+X80 -> 103757.03 | AB80: =+AA80 -> 103757.03 | AC80: =+AB80 -> 103757.03 | AD80: =+AC80 -> 103757.03
H81: =+H79 -> 1.3 | J81: － | L81: =+L79+1 -> 126 | N81: － | O81: － | P81: － | S81: =+S80+1 -> 130 | T81: Y | U81: =+P89 -> 148835.78 | V81: =+'周面支持力(4P右)'!P89 -> 1285.0119 | W81: =+V81 -> 1285.0119 | X81: =+U81 -> 148835.78 | Y81: =+V81 -> 1285.0119 | Z81: =+Y81 -> 1285.0119 | AA81: =+X81 -> 148835.78 | AB81: =+AA81 -> 148835.78 | AC81: =+AB81 -> 148835.78 | AD81: =+AC81 -> 148835.78
S82: =+S81+1 -> 131 | T82: Y | U82: =+P91 -> 145623.25 | V82: =+'周面支持力(4P右)'!P91 -> 1529.076 | W82: =+V82 -> 1529.076 | X82: =+U82 -> 145623.25 | Y82: =+V82 -> 1529.076 | Z82: =+Y82 -> 1529.076 | AA82: =+X82 -> 145623.25 | AB82: =+AA82 -> 145623.25 | AC82: =+AB82 -> 145623.25 | AD82: =+AC82 -> 145623.25
H83: =+H81 -> 1.3 | I83: =+E80-I80-H81 -> 1.15 | J83: =+E66 -> 1.3 | K83: =+F80 -> 0.755 | L83: =+L81+1 -> 127 | N83: =+G80*K83+G84*K84 -> 4214.025 | O83: =+E67*N83 -> 17210.375 | P83: =+E70*O83 -> 34420.75 | S83: =+S82+1 -> 132 | T83: Y | U83: =+P93 -> 145623.25 | V83: =+'周面支持力(4P右)'!P93 -> 1529.076 | W83: =+V83 -> 1529.076 | X83: =+U83 -> 145623.25 | Y83: =+V83 -> 1529.076 | Z83: =+Y83 -> 1529.076 | AA83: =+X83 -> 145623.25 | AB83: =+AA83 -> 145623.25 | AC83: =+AB83 -> 145623.25 | AD83: =+AC83 -> 145623.25
D84: ④ | E84: =+E21 -> 2.6 | F84: =+E84 -> 2.6 | G84: =+G21 -> 9143 | I84: =+H83-I83 -> 0.15 | K84: =+I84 -> 0.15 | S84: =+S83+1 -> 133 | T84: Y | U84: =+P95 -> 145623.25 | V84: =+'周面支持力(4P右)'!P95 -> 1529.076 | W84: =+V84 -> 1529.076 | X84: =+U84 -> 145623.25 | Y84: =+V84 -> 1529.076 | Z84: =+Y84 -> 1529.076 | AA84: =+X84 -> 145623.25 | AB84: =+AA84 -> 145623.25 | AC84: =+AB84 -> 145623.25 | AD84: =+AC84 -> 145623.25
H85: =+H83 -> 1.3 | J85: =+J83 -> 1.3 | L85: =+L83+1 -> 128 | N85: =+G84*J85 -> 11885.9 | O85: =+E67*N85 -> 48542.853 | P85: =+E70*O85 -> 97085.706 | S85: =+S84+1 -> 134 | T85: Y | U85: =+P97 -> 145623.25 | V85: =+'周面支持力(4P右)'!P97 -> 1529.076 | W85: =+V85 -> 1529.076 | X85: =+U85 -> 145623.25 | Y85: =+V85 -> 1529.076 | Z85: =+Y85 -> 1529.076 | AA85: =+X85 -> 145623.25 | AB85: =+AA85 -> 145623.25 | AC85: =+AB85 -> 145623.25 | AD85: =+AC85 -> 145623.25
S86: =+S85+1 -> 135 | T86: Y | U86: =+P99 -> 145623.25 | V86: =+'周面支持力(4P右)'!P99 -> 1529.076 | W86: =+V86 -> 1529.076 | X86: =+U86 -> 145623.25 | Y86: =+V86 -> 1529.076 | Z86: =+Y86 -> 1529.076 | AA86: =+X86 -> 145623.25 | AB86: =+AA86 -> 145623.25 | AC86: =+AB86 -> 145623.25 | AD86: =+AC86 -> 145623.25
H87: =+H85 -> 1.3 | I87: =+E84-I84-H85 -> 1.15 | J87: =+J85 -> 1.3 | K87: =+I87 -> 1.15 | L87: =+L85+1 -> 129 | N87: =+G84*K87+G88*K88 -> 12702.65 | O87: =+E67*N87 -> 51878.517 | P87: =+E70*O87 -> 103757.03 | S87: =+S86+1 -> 136 | T87: Y | U87: =+P101 -> 145623.25 | V87: =+'周面支持力(4P右)'!P101 -> 1529.076 | W87: =+V87 -> 1529.076 | X87: =+U87 -> 145623.25 | Y87: =+V87 -> 1529.076 | Z87: =+Y87 -> 1529.076 | AA87: =+X87 -> 145623.25 | AB87: =+AA87 -> 145623.25 | AC87: =+AB87 -> 145623.25 | AD87: =+AC87 -> 145623.25
D88: ⑤ | E88: =+E25 -> 0.6 | F88: =+E88 -> 0.6 | G88: =+G25 -> 14588 | I88: =+H87-I87 -> 0.15 | K88: =+I88 -> 0.15 | S88: =+S87+1 -> 137 | T88: Y | U88: =+P103 -> 119430.47 | V88: =+'周面支持力(4P右)'!P103 -> 1129.1638 | W88: =+V88 -> 1129.1638 | X88: =+U88 -> 119430.47 | Y88: =+V88 -> 1129.1638 | Z88: =+Y88 -> 1129.1638 | AA88: =+X88 -> 119430.47 | AB88: =+AA88 -> 119430.47 | AC88: =+AB88 -> 119430.47 | AD88: =+AC88 -> 119430.47
H89: =+H87 -> 1.3 | I89: =+E88-I88 -> 0.45 | J89: =+J87 -> 1.3 | K89: =+I89 -> 0.45 | L89: =+L87+1 -> 130 | N89: =+G88*K89+G90*K90 -> 18221.5 | O89: =+E67*N89 -> 74417.89 | P89: =+E70*O89 -> 148835.78 | S89: =+S88+1 -> 138 | T89: Y | U89: =+P105 -> 69955.226 | V89: =+'周面支持力(4P右)'!P105 -> 373.77413 | W89: =+V89 -> 373.77413 | X89: =+U89 -> 69955.226 | Y89: =+V89 -> 373.77413 | Z89: =+Y89 -> 373.77413 | AA89: =+X89 -> 69955.226 | AB89: =+AA89 -> 69955.226 | AC89: =+AB89 -> 69955.226 | AD89: =+AC89 -> 69955.226
D90: ⑥ | E90: =+E27 -> 9.5 | F90: =+E90 -> 9.5 | G90: =+G27 -> 13714 | I90: =+H89-I89 -> 0.85 | K90: =+I90 -> 0.85 | S90: =+S89+1 -> 139 | T90: Y | U90: =+P107 -> 69955.226 | V90: =+'周面支持力(4P右)'!P107 -> 373.77413 | W90: =+V90 -> 373.77413 | X90: =+U90 -> 69955.226 | Y90: =+V90 -> 373.77413 | Z90: =+Y90 -> 373.77413 | AA90: =+X90 -> 69955.226 | AB90: =+AA90 -> 69955.226 | AC90: =+AB90 -> 69955.226 | AD90: =+AC90 -> 69955.226
H91: =+H89 -> 1.3 | J91: =+J89 -> 1.3 | L91: =+L89+1 -> 131 | N91: =+G90*J91 -> 17828.2 | O91: =+E67*N91 -> 72811.625 | P91: =+E70*O91 -> 145623.25 | S91: =+S90+1 -> 140 | T91: Y | U91: =+P109 -> 69955.226 | V91: =+'周面支持力(4P右)'!P109 -> 373.77413 | W91: =+V91 -> 373.77413 | X91: =+U91 -> 69955.226 | Y91: =+V91 -> 373.77413 | Z91: =+Y91 -> 373.77413 | AA91: =+X91 -> 69955.226 | AB91: =+AA91 -> 69955.226 | AC91: =+AB91 -> 69955.226 | AD91: =+AC91 -> 69955.226
S92: =+S91+1 -> 141 | T92: Y | U92: =+P111 -> 69955.226 | V92: =+'周面支持力(4P右)'!P111 -> 373.77413 | W92: =+V92 -> 373.77413 | X92: =+U92 -> 69955.226 | Y92: =+V92 -> 373.77413 | Z92: =+Y92 -> 373.77413 | AA92: =+X92 -> 69955.226 | AB92: =+AA92 -> 69955.226 | AC92: =+AB92 -> 69955.226 | AD92: =+AC92 -> 69955.226
H93: =+H91 -> 1.3 | J93: =+J91 -> 1.3 | L93: =+L91+1 -> 132 | N93: =+G90*J93 -> 17828.2 | O93: =+E67*N93 -> 72811.625 | P93: =+E70*O93 -> 145623.25 | S93: =+S92+1 -> 142 | T93: Y | U93: =+P113 -> 69955.226 | V93: =+'周面支持力(4P右)'!P113 -> 373.77413 | W93: =+V93 -> 373.77413 | X93: =+U93 -> 69955.226 | Y93: =+V93 -> 373.77413 | Z93: =+Y93 -> 373.77413 | AA93: =+X93 -> 69955.226 | AB93: =+AA93 -> 69955.226 | AC93: =+AB93 -> 69955.226 | AD93: =+AC93 -> 69955.226
S94: =+S93+1 -> 143 | T94: Y | U94: =+P115 -> 69955.226 | V94: =+'周面支持力(4P右)'!P115 -> 373.77413 | W94: =+V94 -> 373.77413 | X94: =+U94 -> 69955.226 | Y94: =+V94 -> 373.77413 | Z94: =+Y94 -> 373.77413 | AA94: =+X94 -> 69955.226 | AB94: =+AA94 -> 69955.226 | AC94: =+AB94 -> 69955.226 | AD94: =+AC94 -> 69955.226
H95: =+H93 -> 1.3 | J95: =+J93 -> 1.3 | L95: =+L93+1 -> 133 | N95: =+G90*J95 -> 17828.2 | O95: =+E67*N95 -> 72811.625 | P95: =+E70*O95 -> 145623.25 | S95: =+S94+1 -> 144 | T95: Y | U95: =+P117 -> 69955.226 | V95: =+'周面支持力(4P右)'!P117 -> 373.77413 | W95: =+V95 -> 373.77413 | X95: =+U95 -> 69955.226 | Y95: =+V95 -> 373.77413 | Z95: =+Y95 -> 373.77413 | AA95: =+X95 -> 69955.226 | AB95: =+AA95 -> 69955.226 | AC95: =+AB95 -> 69955.226 | AD95: =+AC95 -> 69955.226
S96: =+S95+1 -> 145 | T96: Y | U96: =+P119 -> 69955.226 | V96: =+'周面支持力(4P右)'!P119 -> 373.77413 | W96: =+V96 -> 373.77413 | X96: =+U96 -> 69955.226 | Y96: =+V96 -> 373.77413 | Z96: =+Y96 -> 373.77413 | AA96: =+X96 -> 69955.226 | AB96: =+AA96 -> 69955.226 | AC96: =+AB96 -> 69955.226 | AD96: =+AC96 -> 69955.226
H97: =+H95 -> 1.3 | J97: =+J95 -> 1.3 | L97: =+L95+1 -> 134 | N97: =+G90*J97 -> 17828.2 | O97: =+E67*N97 -> 72811.625 | P97: =+E70*O97 -> 145623.25 | S97: =+S96+1 -> 146 | T97: Y | U97: =+P121 -> 24215.271 | V97: =+'周面支持力(4P右)'!P121 -> 129.38335 | W97: =+V97 -> 129.38335 | X97: =+U97 -> 24215.271 | Y97: =+V97 -> 129.38335 | Z97: =+Y97 -> 129.38335 | AA97: =+X97 -> 24215.271 | AB97: =+AA97 -> 24215.271 | AC97: =+AB97 -> 24215.271 | AD97: =+AC97 -> 24215.271
S98: =+S97+1 -> 147
H99: =+H97 -> 1.3 | J99: =+J97 -> 1.3 | L99: =+L97+1 -> 135 | N99: =+G90*J99 -> 17828.2 | O99: =+E67*N99 -> 72811.625 | P99: =+E70*O99 -> 145623.25
H101: =+H99 -> 1.3 | J101: =+J99 -> 1.3 | L101: =+L99+1 -> 136 | N101: =+G90*J101 -> 17828.2 | O101: =+E67*N101 -> 72811.625 | P101: =+E70*O101 -> 145623.25 | S101: 節点番号 | T101: 拘束方向 | U101: 第1勾配 | X101: 第2勾配 | AA101: 第3勾配 | AB101: 第1勾配 | AC101: 第2勾配 | AD101: 第3勾配
U102: 鉛直ばね | V102: 制限値 | X102: 鉛直ばね | Y102: 制限値 | AA102: 鉛直ばね | AB102: 鉛直ばね | AC102: 鉛直ばね | AD102: 鉛直ばね
H103: =+H101 -> 1.3 | I103: =+E90-I90-H91-H93-H95-H97-H99-H101 -> 0.85 | J103: =+J101 -> 1.3 | K103: =+I103 -> 0.85 | L103: =+L101+1 -> 137 | N103: =+G90*K103+G104*K104 -> 14621.5 | O103: =+E67*N103 -> 59715.236 | P103: =+E70*O103 -> 119430.47 | U103: ＋側 | V103: ＋側 | W103: －側 | X103: ＋側 | Y103: ＋側 | Z103: －側 | AA103: ＋側 | AB103: －側 | AC103: －側 | AD103: －側
D104: ⑦ | E104: =+E41 -> 12.6 | F104: =+E104-E66 -> 11.3 | G104: =+G41 -> 6588 | I104: =+H105-I103 -> 0.45 | K104: =+I104 -> 0.45 | S104: =+M13 -> 148
H105: =+H103 -> 1.3 | J105: =+J103 -> 1.3 | L105: =+L103+1 -> 138 | N105: =+G104*J105 -> 8564.4 | O105: =+E67*N105 -> 34977.613 | P105: =+E70*O105 -> 69955.226 | S105: =+S104+1 -> 149
S106: =+S105+1 -> 150
H107: =+H105 -> 1.3 | J107: =+J105 -> 1.3 | L107: =+L105+1 -> 139 | N107: =+G104*J107 -> 8564.4 | O107: =+E67*N107 -> 34977.613 | P107: =+E70*O107 -> 69955.226 | S107: =+S106+1 -> 151
S108: =+S107+1 -> 152 | T108: Y | U108: =+U15 -> 51631.125 | V108: =+V15 -> 361.44023 | W108: =+V108 -> 361.44023 | X108: =+U108 -> 51631.125 | Y108: =+V108 -> 361.44023 | Z108: =+Y108 -> 361.44023 | AA108: =+X108 -> 51631.125 | AB108: =+AA108 -> 51631.125 | AC108: =+AB108 -> 51631.125 | AD108: =+AC108 -> 51631.125
H109: =+H107 -> 1.3 | J109: =+J107 -> 1.3 | L109: =+L107+1 -> 140 | N109: =+G104*J109 -> 8564.4 | O109: =+E67*N109 -> 34977.613 | P109: =+E70*O109 -> 69955.226 | S109: =+S108+1 -> 153 | T109: Y | U109: =+U16 -> 145628.56 | V109: =+V16 -> 1529.076 | W109: =+V109 -> 1529.076 | X109: =+U109 -> 145628.56 | Y109: =+V109 -> 1529.076 | Z109: =+Y109 -> 1529.076 | AA109: =+X109 -> 145628.56 | AB109: =+AA109 -> 145628.56 | AC109: =+AB109 -> 145628.56 | AD109: =+AC109 -> 145628.56
S110: =+S109+1 -> 154 | T110: Y | U110: =+U17 -> 155635.55 | V110: =+V17 -> 1495.2599 | W110: =+V110 -> 1495.2599 | X110: =+U110 -> 155635.55 | Y110: =+V110 -> 1495.2599 | Z110: =+Y110 -> 1495.2599 | AA110: =+X110 -> 155635.55 | AB110: =+AA110 -> 155635.55 | AC110: =+AB110 -> 155635.55 | AD110: =+AC110 -> 155635.55
H111: =+H109 -> 1.3 | J111: =+J109 -> 1.3 | L111: =+L109+1 -> 141 | N111: =+G104*J111 -> 8564.4 | O111: =+E67*N111 -> 34977.613 | P111: =+E70*O111 -> 69955.226 | S111: =+S110+1 -> 155 | T111: Y | U111: =+U18 -> 223253.67 | V111: =+V18 -> 1927.5179 | W111: =+V111 -> 1927.5179 | X111: =+U111 -> 223253.67 | Y111: =+V111 -> 1927.5179 | Z111: =+Y111 -> 1927.5179 | AA111: =+X111 -> 223253.67 | AB111: =+AA111 -> 223253.67 | AC111: =+AB111 -> 223253.67 | AD111: =+AC111 -> 223253.67
S112: =+S111+1 -> 156 | T112: Y | U112: =+U19 -> 218434.87 | V112: =+V19 -> 2293.614 | W112: =+V112 -> 2293.614 | X112: =+U112 -> 218434.87 | Y112: =+V112 -> 2293.614 | Z112: =+Y112 -> 2293.614 | AA112: =+X112 -> 218434.87 | AB112: =+AA112 -> 218434.87 | AC112: =+AB112 -> 218434.87 | AD112: =+AC112 -> 218434.87
H113: =+H111 -> 1.3 | J113: =+J111 -> 1.3 | L113: =+L111+1 -> 142 | N113: =+G104*J113 -> 8564.4 | O113: =+E67*N113 -> 34977.613 | P113: =+E70*O113 -> 69955.226 | S113: =+S112+1 -> 157 | T113: Y | U113: =+U20 -> 218434.87 | V113: =+V20 -> 2293.614 | W113: =+V113 -> 2293.614 | X113: =+U113 -> 218434.87 | Y113: =+V113 -> 2293.614 | Z113: =+Y113 -> 2293.614 | AA113: =+X113 -> 218434.87 | AB113: =+AA113 -> 218434.87 | AC113: =+AB113 -> 218434.87 | AD113: =+AC113 -> 218434.87
S114: =+S113+1 -> 158 | T114: Y | U114: =+U21 -> 218434.87 | V114: =+V21 -> 2293.614 | W114: =+V114 -> 2293.614 | X114: =+U114 -> 218434.87 | Y114: =+V114 -> 2293.614 | Z114: =+Y114 -> 2293.614 | AA114: =+X114 -> 218434.87 | AB114: =+AA114 -> 218434.87 | AC114: =+AB114 -> 218434.87 | AD114: =+AC114 -> 218434.87
H115: =+H113 -> 1.3 | J115: =+J113 -> 1.3 | L115: =+L113+1 -> 143 | N115: =+G104*J115 -> 8564.4 | O115: =+E67*N115 -> 34977.613 | P115: =+E70*O115 -> 69955.226 | S115: =+S114+1 -> 159 | T115: Y | U115: =+U22 -> 218434.87 | V115: =+V22 -> 2293.614 | W115: =+V115 -> 2293.614 | X115: =+U115 -> 218434.87 | Y115: =+V115 -> 2293.614 | Z115: =+Y115 -> 2293.614 | AA115: =+X115 -> 218434.87 | AB115: =+AA115 -> 218434.87 | AC115: =+AB115 -> 218434.87 | AD115: =+AC115 -> 218434.87
S116: =+S115+1 -> 160 | T116: Y | U116: =+U23 -> 218434.87 | V116: =+V23 -> 2293.614 | W116: =+V116 -> 2293.614 | X116: =+U116 -> 218434.87 | Y116: =+V116 -> 2293.614 | Z116: =+Y116 -> 2293.614 | AA116: =+X116 -> 218434.87 | AB116: =+AA116 -> 218434.87 | AC116: =+AB116 -> 218434.87 | AD116: =+AC116 -> 218434.87
...

Sheet 杭先端のばね定数（節点ばね）
C2: 3) | D2: 杭先端のばね定数（節点ばね）
E3: 節点番号 | F3: 杭先端の鉛直地盤ばね定数 | S3: 節点番号 | T3: 拘束方向 | U3: 第1勾配 | X3: 第2勾配 | AA3: 第3勾配 | AB3: 第1勾配 | AC3: 第2勾配 | AD3: 第3勾配
F4: Ktv(kN/m) | U4: 鉛直ばね | V4: 制限値 | X4: 鉛直ばね | Y4: 制限値 | AA4: 鉛直ばね | AB4: 鉛直ばね | AC4: 鉛直ばね | AD4: 鉛直ばね
F5: 短期（第１勾配） | G5: 短期（第２勾配） | U5: ＋側 | V5: ＋側 | W5: －側 | X5: ＋側 | Y5: ＋側 | Z5: －側 | AA5: ＋側 | AB5: －側 | AC5: －側 | AD5: －側
D6: 4P(左) | E6: 41 | F6: 218048 | G6: 58945 | S6: =+E6 -> 41 | T6: Y | U6: =+F6 -> 218048 | V6: =+先端支持力!F6 -> 4778.4 | X6: =+G6 -> 58945 | Y6: =+先端支持力!G6 -> 11149.5 | AA6: =+X6 -> 58945 | AB6: =+U6 -> 218048 | AC6: =+X6 -> 58945 | AD6: =+AA6 -> 58945
E7: 66 | F7: 109024 | G7: 29473 | S7: =+E7 -> 66 | T7: Y | U7: =+F7 -> 109024 | V7: =+先端支持力!F7 -> 2389.2 | X7: =+G7 -> 29473 | Y7: =+先端支持力!G7 -> 5574.8 | AA7: =+X7 -> 29473 | AB7: =+U7 -> 109024 | AC7: =+X7 -> 29473 | AD7: =+AA7 -> 29473
E8: 91 | F8: =+F6 -> 218048 | G8: =+G6 -> 58945 | S8: =+E8 -> 91 | T8: Y | U8: =+F8 -> 218048 | V8: =+先端支持力!F8 -> 4778.4 | X8: =+G8 -> 58945 | Y8: =+先端支持力!G8 -> 11149.5 | AA8: =+X8 -> 58945 | AB8: =+U8 -> 218048 | AC8: =+X8 -> 58945 | AD8: =+AA8 -> 58945
D9: 4P(右) | E9: 122 | F9: 327072 | G9: 88418 | S9: =+E9 -> 122 | T9: Y | U9: =+F9 -> 327072 | V9: =+先端支持力!F9 -> 7167.5 | X9: =+G9 -> 88418 | Y9: =+先端支持力!G9 -> 16724.3 | AA9: =+X9 -> 88418 | AB9: =+U9 -> 327072 | AC9: =+X9 -> 88418 | AD9: =+AA9 -> 88418
E10: 147 | F10: 218048 | G10: 58945 | S10: =+E10 -> 147 | T10: Y | U10: =+F10 -> 218048 | V10: =+先端支持力!F10 -> 4778.4 | X10: =+G10 -> 58945 | Y10: =+先端支持力!G10 -> 11149.5 | AA10: =+X10 -> 58945 | AB10: =+U10 -> 218048 | AC10: =+X10 -> 58945 | AD10: =+AA10 -> 58945
E11: 172 | F11: =+F9 -> 327072 | G11: =+G9 -> 88418 | S11: =+E11 -> 172 | T11: Y | U11: =+F11 -> 327072 | V11: =+先端支持力!F11 -> 7167.5 | X11: =+G11 -> 88418 | Y11: =+先端支持力!G11 -> 16724.3 | AA11: =+X11 -> 88418 | AB11: =+U11 -> 327072 | AC11: =+X11 -> 88418 | AD11: =+AA11 -> 88418

Sheet 有効抵抗土圧(4P左)
C2: (4) | D2: 有効抵抗土圧力
C3: ※ | D3: 層境の有効抵抗土圧力度については、平均値を矩形分布で考慮する。
C4: 1) | D4: 4P左
D6: 有効抵抗土圧力図
C63: a) | D63: 単杭の有効抵抗土圧力度pe(z)
D64: 杭径 | E64: 1.3 | F64: m
D65: 杭全長 | E65: 31 | F65: m
D66: 層番号 | E66: 層種別 | F66: 層厚 (m) | G66: 部材番号 | J66: 有効抵抗土圧力度を求める深さ z (m) | K66: 層境の 分布幅 (m) | L66: 単杭の 有効抵抗 土圧力度 pe(z) (kN/m2) | M66: 有効抵抗土圧力度の平均値 pe(z) (kN/m2)
D71: ① | E71: 砂質土 | F71: 3.3 | G71: 18 | H71: 43 | I71: 68 | J71: 0 | L71: 688
J72: =+E64 -> 1.3 | L72: =+L71+(L76-L71)/F71*(J72-J71) -> 816.46364
G73: =+G71+1 -> 19 | H73: =+H71+1 -> 44 | I73: =+I71+1 -> 69
J74: =+J72+E64 -> 2.6 | L74: =+L71+(L76-L71)/F71*(J74-J71) -> 944.92727
G75: =+G73+1 -> 20 | H75: =+H73+1 -> 45 | I75: =+I73+1 -> 70 | K75: =+J76-J74 -> 0.7 | M75: =0.5*((L74+L76)*K75+(L77+L78)*K77)/(K75+K77) -> 1253.4943
J76: =+F71 -> 3.3 | L76: 1014.1
D77: ② | E77: 砂質土 | F77: 1.3 | J77: =+J76 -> 3.3 | K77: =+J78-J77 -> 0.6 | L77: 1539.1
J78: =+J74+E64 -> 3.9 | L78: =+L77+(L80-L77)/F77*(J78-J77) -> 1607.1769 | M78: =+M75 -> 1253.4943
G79: =+G75+1 -> 21 | H79: =+H75+1 -> 46 | I79: =+I75+1 -> 71 | K79: =+J80-J78 -> 0.7 | M79: =0.5*((L78+L80)*K79+(L81+L82)*K81)/(K79+K81) -> 1094.4784
J80: =+J77+F77 -> 4.6 | L80: 1686.6
D81: ③ | E81: 粘性土 | F81: 2.9 | J81: =+J80 -> 4.6 | K81: =+J82-J81 -> 0.6 | L81: 450
J82: =+J78+E64 -> 5.2 | L82: =+L81+(L86-L81)/F81*(J82-J81) -> 450 | M82: =+M79 -> 1094.4784
G83: =+G79+1 -> 22 | H83: =+H79+1 -> 47 | I83: =+I79+1 -> 72
J84: =+J82+E64 -> 6.5 | L84: =+L81+(L86-L81)/F81*(J84-J81) -> 450
G85: =+G83+1 -> 23 | H85: =+H83+1 -> 48 | I85: =+I83+1 -> 73 | K85: =+J86-J84 -> 1 | M85: =0.5*((L84+L86)*K85+(L87+L88)*K87)/(K85+K87) -> 752.79231
J86: =+J81+F81 -> 7.5 | L86: 450
D87: ④ | E87: 砂質土 | F87: 2.6 | J87: =+J86 -> 7.5 | K87: =+J88-J87 -> 0.3 | L87: 1746.5
J88: =+J84+E64 -> 7.8 | L88: =+L87+(L92-L87)/F87*(J88-J87) -> 1777.7 | M88: =+M85 -> 752.79231
G89: =+G85+1 -> 24 | H89: =+H85+1 -> 49 | I89: =+I85+1 -> 74
J90: =+J88+E64 -> 9.1 | L90: =+L87+(L92-L87)/F87*(J90-J87) -> 1912.9
G91: =+G89+1 -> 25 | H91: =+H89+1 -> 50 | I91: =+I89+1 -> 75 | K91: =+J92-J90 -> 1 | M91: =0.5*((L90+L92)*K91+(L93+L94)*K93)/(K91+K93) -> 1914.3846
J92: =+J87+F87 -> 10.1 | L92: 2016.9
D93: ⑤ | E93: 粘性土 | F93: 0.6 | J93: =+J92 -> 10.1 | K93: =+J94-J93 -> 0.3 | L93: 1746
J94: =+J90+E64 -> 10.4 | L94: =+L93+(L96-L93)/F93*(J94-J93) -> 1746 | M94: =+M91 -> 1914.3846
G95: =+G91+1 -> 26 | H95: =+H91+1 -> 51 | I95: =+I91+1 -> 76 | K95: =+J96-J94 -> 0.3 | M95: =0.5*((L94+L96)*K95+(L97+L98)*K97)/(K95+K97) -> 2104.004
J96: =+J93+F93 -> 10.7 | L96: 1746
D97: ⑥ | E97: 砂質土 | F97: 9.5 | J97: =+J96 -> 10.7 | K97: =+J98-J97 -> 1 | L97: 2157.1
J98: =+J94+E64 -> 11.7 | L98: =+L97+(L112-L97)/F97*(J98-J97) -> 2265.7105 | M98: =+M95 -> 2104.004
G99: =+G95+1 -> 27 | H99: =+H95+1 -> 52 | I99: =+I95+1 -> 77
J100: =+J98+E64 -> 13 | L100: =+L97+(L112-L97)/F97*(J100-J97) -> 2406.9042
G101: =+G99+1 -> 28 | H101: =+H99+1 -> 53 | I101: =+I99+1 -> 78
J102: =+J100+E64 -> 14.3 | L102: =+L97+(L112-L97)/F97*(J102-J97) -> 2548.0979
G103: =+G101+1 -> 29 | H103: =+H101+1 -> 54 | I103: =+I101+1 -> 79
J104: =+J102+E64 -> 15.6 | L104: =+L97+(L112-L97)/F97*(J104-J97) -> 2689.2916
G105: =+G103+1 -> 30 | H105: =+H103+1 -> 55 | I105: =+I103+1 -> 80
J106: =+J104+E64 -> 16.9 | L106: =+L97+(L112-L97)/F97*(J106-J97) -> 2830.4853
G107: =+G105+1 -> 31 | H107: =+H105+1 -> 56 | I107: =+I105+1 -> 81
J108: =+J106+E64 -> 18.2 | L108: =+L97+(L112-L97)/F97*(J108-J97) -> 2971.6789
G109: =+G107+1 -> 32 | H109: =+H107+1 -> 57 | I109: =+I107+1 -> 82
J110: =+J108+E64 -> 19.5 | L110: =+L97+(L112-L97)/F97*(J110-J97) -> 3112.8726
G111: =+G109+1 -> 33 | H111: =+H109+1 -> 58 | I111: =+I109+1 -> 83 | K111: =+J112-J110 -> 0.7 | M111: =0.5*((L110+L112)*K111+(L113+L114)*K113)/(K111+K113) -> 2062.1696
J112: =+J97+F97 -> 20.2 | L112: 3188.9
D113: ⑦ | E113: 粘性土 | F113: 10.8 | J113: =+J112 -> 20.2 | K113: =+J114-J113 -> 0.6 | L113: 792
J114: =+J110+E64 -> 20.8 | L114: =+L113+(L130-L113)/F113*(J114-J113) -> 792 | M114: =+M111 -> 2062.1696
G115: =+G111+1 -> 34 | H115: =+H111+1 -> 59 | I115: =+I111+1 -> 84
J116: =+J114+$E$64 -> 22.1 | L116: =+L113+(L130-L113)/F113*(J116-J113) -> 792
G117: =+G115+1 -> 35 | H117: =+H115+1 -> 60 | I117: =+I115+1 -> 85
J118: =+J116+$E$64 -> 23.4 | L118: =+L113+(L130-L113)/F113*(J118-J113) -> 792
G119: =+G117+1 -> 36 | H119: =+H117+1 -> 61 | I119: =+I117+1 -> 86
J120: =+J118+$E$64 -> 24.7 | L120: =+L113+(L130-L113)/F113*(J120-J113) -> 792
G121: =+G119+1 -> 37 | H121: =+H119+1 -> 62 | I121: =+I119+1 -> 87
J122: =+J120+$E$64 -> 26 | L122: =+L113+(L130-L113)/F113*(J122-J113) -> 792
G123: =+G121+1 -> 38 | H123: =+H121+1 -> 63 | I123: =+I121+1 -> 88
J124: =+J122+$E$64 -> 27.3 | L124: =+L113+(L130-L113)/F113*(J124-J113) -> 792
G125: =+G123+1 -> 39 | H125: =+H123+1 -> 64 | I125: =+I123+1 -> 89
J126: =+J124+$E$64 -> 28.6 | L126: =+L113+(L130-L113)/F113*(J126-J113) -> 792
G127: =+G125+1 -> 40 | H127: =+H125+1 -> 65 | I127: =+I125+1 -> 90
J128: =+J126+$E$64 -> 29.9 | L128: =+L113+(L130-L113)/F113*(J128-J113) -> 792
G129: =+G127+1 -> 41 | H129: =+H127+1 -> 66 | I129: =+I127+1 -> 91
J130: =+J113+F113 -> 31 | L130: 792
C134: b) | D134: 群杭の有効抵抗土圧力度および有効抵抗土圧力
C135: ※ | D135: 層境の有効抵抗土圧力度については、安全側を考慮して群杭の抵抗分担係数を考慮する。
D136: ηm | E136: 群杭の抵抗分担係数
D137: 砂質土 | E137: 検討方向 | F137: ｄm | G137: 1列目 | H137: 2列目 | I137: 3列目
E138: 直角方向 | F138: 2.077 | G138: 1 | H138: 0.5 | I138: 0.4
D139: 粘性土 | E139: ηm＝ | F139: 1
D140: 杭径 | E140: =+E64 -> 1.3 | F140: m
B141: 層番号 | D141: 層種別 | E141: 部材番号 | H141: 位置 | I141: pe(z) (kN/m2) | J141: 単杭の有効抵抗土圧力度 | M141: 単杭の有効抵抗土圧力
J142: pe(z)(kN/m2) | M142: Pe(z)(kN/m)
J143: 1列目 | K143: 2列目 | L143: 3列目 | M143: 1列目 | N143: 2列目 | O143: 3列目
B144: ① | D144: 砂質土 | E144: 18 | F144: 43 | G144: 68 | H144: 上端 | I144: =+L71 -> 688 | J144: =+$G$138*I144 -> 688 | K144: =+$H$138*I144 -> 344 | L144: =+$I$138*I144 -> 275.2 | M144: =+$E$140*J144 -> 894.4 | N144: =+$E$140*K144 -> 447.2 | O144: =+$E$140*L144 -> 357.76
H145: 下端 | I145: =+L72 -> 816.46364 | J145: =+$G$138*I145 -> 816.46364 | K145: =+$H$138*I145 -> 408.23182 | L145: =+$I$138*I145 -> 326.58545 | M145: =+$E$140*J145 -> 1061.4027 | N145: =+$E$140*K145 -> 530.70136 | O145: =+$E$140*L145 -> 424.56109
E146: =+E144+1 -> 19 | F146: =+F144+1 -> 44 | G146: =+G144+1 -> 69 | H146: 上端 | I146: =+L72 -> 816.46364 | J146: =+$G$138*I146 -> 816.46364 | K146: =+$H$138*I146 -> 408.23182 | L146: =+$I$138*I146 -> 326.58545 | M146: =+$E$140*J146 -> 1061.4027 | N146: =+$E$140*K146 -> 530.70136 | O146: =+$E$140*L146 -> 424.56109
H147: 下端 | I147: =+L74 -> 944.92727 | J147: =+$G$138*I147 -> 944.92727 | K147: =+$H$138*I147 -> 472.46364 | L147: =+$I$138*I147 -> 377.97091 | M147: =+$E$140*J147 -> 1228.4055 | N147: =+$E$140*K147 -> 614.20273 | O147: =+$E$140*L147 -> 491.36218
E148: =+E146+1 -> 20 | F148: =+F146+1 -> 45 | G148: =+G146+1 -> 70 | H148: 上端 | I148: =+M75 -> 1253.4943 | J148: =+$G$138*I148 -> 1253.4943 | K148: =+$H$138*I148 -> 626.74716 | L148: =+$I$138*I148 -> 501.39773 | M148: =+$E$140*J148 -> 1629.5426 | N148: =+$E$140*K148 -> 814.77131 | O148: =+$E$140*L148 -> 651.81705
B149: ② | D149: 砂質土 | H149: 下端 | I149: =+M78 -> 1253.4943 | J149: =+$G$138*I149 -> 1253.4943 | K149: =+$H$138*I149 -> 626.74716 | L149: =+$I$138*I149 -> 501.39773 | M149: =+$E$140*J149 -> 1629.5426 | N149: =+$E$140*K149 -> 814.77131 | O149: =+$E$140*L149 -> 651.81705
E150: =+E148+1 -> 21 | F150: =+F148+1 -> 46 | G150: =+G148+1 -> 71 | H150: 上端 | I150: =+M79 -> 1094.4784 | J150: =+$G$138*I150 -> 1094.4784 | K150: =+$H$138*I150 -> 547.2392 | L150: =+$I$138*I150 -> 437.79136 | M150: =+$E$140*J150 -> 1422.8219 | N150: =+$E$140*K150 -> 711.41096 | O150: =+$E$140*L150 -> 569.12877
H151: 下端 | I151: =+M82 -> 1094.4784 | J151: =+$G$138*I151 -> 1094.4784 | K151: =+$H$138*I151 -> 547.2392 | L151: =+$I$138*I151 -> 437.79136 | M151: =+$E$140*J151 -> 1422.8219 | N151: =+$E$140*K151 -> 711.41096 | O151: =+$E$140*L151 -> 569.12877
E152: =+E150+1 -> 22 | F152: =+F150+1 -> 47 | G152: =+G150+1 -> 72 | H152: 上端 | I152: =+L82 -> 450 | J152: =+$G$138*I152 -> 450 | K152: =+$H$138*I152 -> 225 | L152: =+$I$138*I152 -> 180 | M152: =+$E$140*J152 -> 585 | N152: =+$E$140*K152 -> 292.5 | O152: =+$E$140*L152 -> 234
B153: ③ | D153: 粘性土 | H153: 下端 | I153: =+L84 -> 450 | J153: =+$G$138*I153 -> 450 | K153: =+$H$138*I153 -> 225 | L153: =+$I$138*I153 -> 180 | M153: =+$E$140*J153 -> 585 | N153: =+$E$140*K153 -> 292.5 | O153: =+$E$140*L153 -> 234
E154: =+E152+1 -> 23 | F154: =+F152+1 -> 48 | G154: =+G152+1 -> 73 | H154: 上端 | I154: =+M85 -> 752.79231 | J154: =+$G$138*I154 -> 752.79231 | K154: =+$H$138*I154 -> 376.39615 | L154: =+$I$138*I154 -> 301.11692 | M154: =+$E$140*J154 -> 978.63 | N154: =+$E$140*K154 -> 489.315 | O154: =+$E$140*L154 -> 391.452
B155: ④ | D155: 砂質土 | H155: 下端 | I155: =+M88 -> 752.79231 | J155: =+$G$138*I155 -> 752.79231 | K155: =+$H$138*I155 -> 376.39615 | L155: =+$I$138*I155 -> 301.11692 | M155: =+$E$140*J155 -> 978.63 | N155: =+$E$140*K155 -> 489.315 | O155: =+$E$140*L155 -> 391.452
E156: =+E154+1 -> 24 | F156: =+F154+1 -> 49 | G156: =+G154+1 -> 74 | H156: 上端 | I156: =+L88 -> 1777.7 | J156: =+$G$138*I156 -> 1777.7 | K156: =+$H$138*I156 -> 888.85 | L156: =+$I$138*I156 -> 711.08 | M156: =+$E$140*J156 -> 2311.01 | N156: =+$E$140*K156 -> 1155.505 | O156: =+$E$140*L156 -> 924.404
H157: 下端 | I157: =+L90 -> 1912.9 | J157: =+$G$138*I157 -> 1912.9 | K157: =+$H$138*I157 -> 956.45 | L157: =+$I$138*I157 -> 765.16 | M157: =+$E$140*J157 -> 2486.77 | N157: =+$E$140*K157 -> 1243.385 | O157: =+$E$140*L157 -> 994.708
E158: =+E156+1 -> 25 | F158: =+F156+1 -> 50 | G158: =+G156+1 -> 75 | H158: 上端 | I158: =+M91 -> 1914.3846 | J158: =+$G$138*I158 -> 1914.3846 | K158: =+$H$138*I158 -> 957.19231 | L158: =+$I$138*I158 -> 765.75385 | M158: =+$E$140*J158 -> 2488.7 | N158: =+$E$140*K158 -> 1244.35 | O158: =+$E$140*L158 -> 995.48
B159: ⑤ | D159: 粘性土 | H159: 下端 | I159: =+M94 -> 1914.3846 | J159: =+$G$138*I159 -> 1914.3846 | K159: =+$H$138*I159 -> 957.19231 | L159: =+$I$138*I159 -> 765.75385 | M159: =+$E$140*J159 -> 2488.7 | N159: =+$E$140*K159 -> 1244.35 | O159: =+$E$140*L159 -> 995.48
E160: =+E158+1 -> 26 | F160: =+F158+1 -> 51 | G160: =+G158+1 -> 76 | H160: 上端 | I160: =+M95 -> 2104.004 | J160: =+$G$138*I160 -> 2104.004 | K160: =+$H$138*I160 -> 1052.002 | L160: =+$I$138*I160 -> 841.60162 | M160: =+$E$140*J160 -> 2735.2053 | N160: =+$E$140*K160 -> 1367.6026 | O160: =+$E$140*L160 -> 1094.0821
B161: ⑥ | D161: 砂質土 | H161: 下端 | I161: =+M98 -> 2104.004 | J161: =+$G$138*I161 -> 2104.004 | K161: =+$H$138*I161 -> 1052.002 | L161: =+$I$138*I161 -> 841.60162 | M161: =+$E$140*J161 -> 2735.2053 | N161: =+$E$140*K161 -> 1367.6026 | O161: =+$E$140*L161 -> 1094.0821
E162: =+E160+1 -> 27 | F162: =+F160+1 -> 52 | G162: =+G160+1 -> 77 | H162: 上端 | I162: =+L98 -> 2265.7105 | J162: =+$G$138*I162 -> 2265.7105 | K162: =+$H$138*I162 -> 1132.8553 | L162: =+$I$138*I162 -> 906.28421 | M162: =+$E$140*J162 -> 2945.4237 | N162: =+$E$140*K162 -> 1472.7118 | O162: =+$E$140*L162 -> 1178.1695
H163: 下端 | I163: =+L100 -> 2406.9042 | J163: =+$G$138*I163 -> 2406.9042 | K163: =+$H$138*I163 -> 1203.4521 | L163: =+$I$138*I163 -> 962.76168 | M163: =+$E$140*J163 -> 3128.9755 | N163: =+$E$140*K163 -> 1564.4877 | O163: =+$E$140*L163 -> 1251.5902
E164: =+E162+1 -> 28 | F164: =+F162+1 -> 53 | G164: =+G162+1 -> 78 | H164: 上端 | I164: =+L100 -> 2406.9042 | J164: =+$G$138*I164 -> 2406.9042 | K164: =+$H$138*I164 -> 1203.4521 | L164: =+$I$138*I164 -> 962.76168 | M164: =+$E$140*J164 -> 3128.9755 | N164: =+$E$140*K164 -> 1564.4877 | O164: =+$E$140*L164 -> 1251.5902
H165: 下端 | I165: =+L102 -> 2548.0979 | J165: =+$G$138*I165 -> 2548.0979 | K165: =+$H$138*I165 -> 1274.0489 | L165: =+$I$138*I165 -> 1019.2392 | M165: =+$E$140*J165 -> 3312.5273 | N165: =+$E$140*K165 -> 1656.2636 | O165: =+$E$140*L165 -> 1325.0109
...

Sheet 有効抵抗土圧(4P右)
C2: 2) | D2: 4P右
D4: 有効抵抗土圧力図
C61: a) | D61: 単杭の有効抵抗土圧力度pe(z)
D62: 杭径 | E62: 1.3 | F62: m
D63: 杭全長 | E63: 31 | F63: m
D64: 層番号 | E64: 層種別 | F64: 層厚 (m) | G64: 部材番号 | J64: 有効抵抗土圧力度を求める深さ z (m) | K64: 層境の 分布幅 (m) | L64: 単杭の 有効抵抗 土圧力度 pe(z) (kN/m2) | M64: 有効抵抗土圧力度の平均値 pe(z) (kN/m2)
D69: ① | E69: 砂質土 | F69: 1.5 | G69: 98 | H69: 123 | I69: 148 | J69: 0 | L69: 782.3
J70: 1.3 | L70: =+L69+(L72-L69)/F69*(J70-J69) -> 879.45333
G71: =+G69+1 -> 99 | H71: =+H69+1 -> 124 | I71: =+I69+1 -> 149 | K71: =+J72-J70 -> 0.2 | M71: =0.5*((L70+L72)*K71+(L73+L74)*K73)/(K71+K73) -> 1337.9074
J72: =+F69 -> 1.5 | L72: 894.4
D73: ② | E73: 砂質土 | F73: 1.3 | J73: =+J72 -> 1.5 | K73: =+J74-J73 -> 1.1 | L73: 1357.5
J74: =+J70+E62 -> 2.6 | L74: =+L73+(L76-L73)/F73*(J74-J73) -> 1482.3077 | M74: =+M71 -> 1337.9074
G75: =+G71+1 -> 100 | H75: =+H71+1 -> 125 | I75: =+I71+1 -> 150 | K75: =+J76-J74 -> 0.2 | M75: =0.5*((L74+L76)*K75+(L77+L78)*K77)/(K75+K77) -> 610.56213
J76: =+J73+F73 -> 2.8 | L76: 1505
D77: ③ | E77: 粘性土 | F77: 2.9 | J77: =+J76 -> 2.8 | K77: =+J78-J77 -> 1.1 | L77: 450
J78: =+J74+E62 -> 3.9 | L78: =+L77+(L82-L77)/F77*(J78-J77) -> 450 | M78: =+M75 -> 610.56213
G79: =+G75+1 -> 101 | H79: =+H75+1 -> 126 | I79: =+I75+1 -> 151
J80: =+J78+E62 -> 5.2 | L80: =+L77+(L82-L77)/F77*(J80-J77) -> 450
G81: =+G79+1 -> 102 | H81: =+H79+1 -> 127 | I81: =+I79+1 -> 152 | K81: =+J82-J80 -> 0.5 | M81: =0.5*((L80+L82)*K81+(L83+L84)*K83)/(K81+K83) -> 1171.0462
J82: =+J77+F77 -> 5.7 | L82: 450
D83: ④ | E83: 砂質土 | F83: 2.6 | J83: =+J82 -> 5.7 | K83: =+J84-J83 -> 0.8 | L83: 1580.1
J84: =+J80+E62 -> 6.5 | L84: =+L83+(L88-L83)/F83*(J84-J83) -> 1663.3 | M84: =+M81 -> 1171.0462
G85: =+G81+1 -> 103 | H85: =+H81+1 -> 128 | I85: =+I81+1 -> 153
J86: =+J84+E62 -> 7.8 | L86: =+L83+(L88-L83)/F83*(J86-J83) -> 1798.5
G87: =+G85+1 -> 104 | H87: =+H85+1 -> 129 | I87: =+I85+1 -> 154 | K87: =+J88-J86 -> 0.5 | M87: =0.5*((L86+L88)*K87+(L89+L90)*K89)/(K87+K89) -> 1776.1923
J88: =+J83+F83 -> 8.3 | L88: 1850.5
D89: ⑤ | E89: 粘性土 | F89: 0.6 | J89: =+J88 -> 8.3 | K89: =+J90-J89 -> 0.8 | L89: 1746
J90: =+J86+E62 -> 9.1 | L90: =+L89+(L92-L89)/F89*(J90-J89) -> 1746 | M90: =+M87 -> 1776.1923
G91: =+G87+1 -> 105 | H91: =+H87+1 -> 130 | I91: =+I87+1 -> 155 | K91: =+J92-J90 -> -0.2 | M91: =0.5*((L90+L92)*K91+(L93+L94)*K93)/(K91+K93) -> 2113.8067
J92: =+J89+F89 -> 8.9 | L92: 1746
D93: ⑥ | E93: 砂質土 | F93: 9.5 | J93: =+J92 -> 8.9 | K93: =+J94-J93 -> 1.5 | L93: 1983.3
J94: =+J90+E62 -> 10.4 | L94: =+L93+(L108-L93)/F93*(J94-J93) -> 2146.2316 | M94: =+M91 -> 2113.8067
G95: =+G91+1 -> 106 | H95: =+H91+1 -> 131 | I95: =+I91+1 -> 156
J96: =+J94+E62 -> 11.7 | L96: =+L93+(L108-L93)/F93*(J96-J93) -> 2287.4389
G97: =+G95+1 -> 107 | H97: =+H95+1 -> 132 | I97: =+I95+1 -> 157
J98: =+J96+E62 -> 13 | L98: =+L93+(L108-L93)/F93*(J98-J93) -> 2428.6463
G99: =+G97+1 -> 108 | H99: =+H97+1 -> 133 | I99: =+I97+1 -> 158
J100: =+J98+E62 -> 14.3 | L100: =+L93+(L108-L93)/F93*(J100-J93) -> 2569.8537
G101: =+G99+1 -> 109 | H101: =+H99+1 -> 134 | I101: =+I99+1 -> 159
J102: =+J100+E62 -> 15.6 | L102: =+L93+(L108-L93)/F93*(J102-J93) -> 2711.0611
G103: =+G101+1 -> 110 | H103: =+H101+1 -> 135 | I103: =+I101+1 -> 160
J104: =+J102+E62 -> 16.9 | L104: =+L93+(L108-L93)/F93*(J104-J93) -> 2852.2684
G105: =+G103+1 -> 111 | H105: =+H103+1 -> 136 | I105: =+I103+1 -> 161
J106: =+J104+E62 -> 18.2 | L106: =+L93+(L108-L93)/F93*(J106-J93) -> 2993.4758
G107: =+G105+1 -> 112 | H107: =+H105+1 -> 137 | I107: =+I105+1 -> 162 | K107: =+J108-J106 -> 0.2 | M107: =0.5*((L106+L108)*K107+(L109+L110)*K109)/(K107+K109) -> 1132.3597
J108: =+J93+F93 -> 18.4 | L108: 3015.2
D109: ⑦ | E109: 粘性土 | F109: 12.6 | J109: =+J108 -> 18.4 | K109: =+J110-J109 -> 1.1 | L109: 792
J110: =+J106+E62 -> 19.5 | L110: =+L109+(L128-L109)/F109*(J110-J109) -> 792 | M110: =+M107 -> 1132.3597
G111: =+G107+1 -> 113 | H111: =+H107+1 -> 138 | I111: =+I107+1 -> 163
J112: =+J110+$E$62 -> 20.8 | L112: =+L109+(L128-L109)/F109*(J112-J109) -> 792
G113: =+G111+1 -> 114 | H113: =+H111+1 -> 139 | I113: =+I111+1 -> 164
J114: =+J112+$E$62 -> 22.1 | L114: =+L109+(L128-L109)/F109*(J114-J109) -> 792
G115: =+G113+1 -> 115 | H115: =+H113+1 -> 140 | I115: =+I113+1 -> 165
J116: =+J114+$E$62 -> 23.4 | L116: =+L109+(L128-L109)/F109*(J116-J109) -> 792
G117: =+G115+1 -> 116 | H117: =+H115+1 -> 141 | I117: =+I115+1 -> 166
J118: =+J116+$E$62 -> 24.7 | L118: =+L109+(L128-L109)/F109*(J118-J109) -> 792
G119: =+G117+1 -> 117 | H119: =+H117+1 -> 142 | I119: =+I117+1 -> 167
J120: =+J118+$E$62 -> 26 | L120: =+L109+(L128-L109)/F109*(J120-J109) -> 792
G121: =+G119+1 -> 118 | H121: =+H119+1 -> 143 | I121: =+I119+1 -> 168
J122: =+J120+$E$62 -> 27.3 | L122: =+L109+(L128-L109)/F109*(J122-J109) -> 792
G123: =+G121+1 -> 119 | H123: =+H121+1 -> 144 | I123: =+I121+1 -> 169
J124: =+J122+$E$62 -> 28.6 | L124: =+L109+(L128-L109)/F109*(J124-J109) -> 792
G125: =+G123+1 -> 120 | H125: =+H123+1 -> 145 | I125: =+I123+1 -> 170
J126: =+J124+$E$62 -> 29.9 | L126: =+L109+(L128-L109)/F109*(J126-J109) -> 792
G127: =+G125+1 -> 121 | H127: =+H125+1 -> 146 | I127: =+I125+1 -> 171
J128: =+J109+F109 -> 31 | L128: 792
C132: b) | D132: 群杭の有効抵抗土圧力度および有効抵抗土圧力
C133: ※ | D133: 層境の有効抵抗土圧力度については、安全側を考慮して群杭の抵抗分担係数を考慮する。
D134: ηm | E134: 群杭の抵抗分担係数
D135: 砂質土 | E135: 検討方向 | F135: ｄm | G135: 1列目 | H135: 2列目 | I135: 3列目
E136: 直角方向 | F136: 2.846 | G136: 0.953 | H136: 0.494 | I136: 0.3812
D137: 粘性土 | E137: ηm＝ | F137: 1
D138: 杭径 | E138: =+E62 -> 1.3 | F138: m
B139: 層番号 | D139: 層種別 | E139: 部材番号 | H139: 位置 | I139: pe(z) (kN/m2) | J139: 単杭の有効抵抗土圧力度 | M139: 単杭の有効抵抗土圧力
J140: pe(z)(kN/m2) | M140: Pe(z)(kN/m)
J141: 1列目 | K141: 2列目 | L141: 3列目 | M141: 1列目 | N141: 2列目 | O141: 3列目
B142: ① | D142: 砂質土 | E142: 98 | F142: 123 | G142: 148 | H142: 上端 | I142: =+L69 -> 782.3 | J142: =+$G$136*I142 -> 745.5319 | K142: =+$H$136*I142 -> 386.4562 | L142: =+$I$136*I142 -> 298.21276 | M142: =+$E$138*J142 -> 969.19147 | N142: =+$E$138*K142 -> 502.39306 | O142: =+$E$138*L142 -> 387.67659
H143: 下端 | I143: =+L70 -> 879.45333 | J143: =+$G$136*I143 -> 838.11903 | K143: =+$H$136*I143 -> 434.44995 | L143: =+$I$136*I143 -> 335.24761 | M143: =+$E$138*J143 -> 1089.5547 | N143: =+$E$138*K143 -> 564.78493 | O143: =+$E$138*L143 -> 435.82189
E144: =+E142+1 -> 99 | F144: =+F142+1 -> 124 | G144: =+G142+1 -> 149 | H144: 上端 | I144: =+M71 -> 1337.9074 | J144: =+$G$136*I144 -> 1275.0257 | K144: =+$H$136*I144 -> 660.92623 | L144: =+$I$136*I144 -> 510.01028 | M144: =+$E$138*J144 -> 1657.5334 | N144: =+$E$138*K144 -> 859.2041 | O144: =+$E$138*L144 -> 663.01337
B145: ② | D145: 砂質土 | H145: 下端 | I145: =+M74 -> 1337.9074 | J145: =+$G$136*I145 -> 1275.0257 | K145: =+$H$136*I145 -> 660.92623 | L145: =+$I$136*I145 -> 510.01028 | M145: =+$E$138*J145 -> 1657.5334 | N145: =+$E$138*K145 -> 859.2041 | O145: =+$E$138*L145 -> 663.01337
E146: =+E144+1 -> 100 | F146: =+F144+1 -> 125 | G146: =+G144+1 -> 150 | H146: 上端 | I146: =+M75 -> 610.56213 | J146: =+$G$136*I146 -> 581.86571 | K146: =+$H$136*I146 -> 301.61769 | L146: =+$I$136*I146 -> 232.74628 | M146: =+$E$138*J146 -> 756.42542 | N146: =+$E$138*K146 -> 392.103 | O146: =+$E$138*L146 -> 302.57017
H147: 下端 | I147: =+M78 -> 610.56213 | J147: =+$G$136*I147 -> 581.86571 | K147: =+$H$136*I147 -> 301.61769 | L147: =+$I$136*I147 -> 232.74628 | M147: =+$E$138*J147 -> 756.42542 | N147: =+$E$138*K147 -> 392.103 | O147: =+$E$138*L147 -> 302.57017
E148: =+E146+1 -> 101 | F148: =+F146+1 -> 126 | G148: =+G146+1 -> 151 | H148: 上端 | I148: =+L78 -> 450 | J148: =+$G$136*I148 -> 428.85 | K148: =+$H$136*I148 -> 222.3 | L148: =+$I$136*I148 -> 171.54 | M148: =+$E$138*J148 -> 557.505 | N148: =+$E$138*K148 -> 288.99 | O148: =+$E$138*L148 -> 223.002
B149: ③ | D149: 粘性土 | H149: 下端 | I149: =+L80 -> 450 | J149: =+$G$136*I149 -> 428.85 | K149: =+$H$136*I149 -> 222.3 | L149: =+$I$136*I149 -> 171.54 | M149: =+$E$138*J149 -> 557.505 | N149: =+$E$138*K149 -> 288.99 | O149: =+$E$138*L149 -> 223.002
E150: =+E148+1 -> 102 | F150: =+F148+1 -> 127 | G150: =+G148+1 -> 152 | H150: 上端 | I150: =+M81 -> 1171.0462 | J150: =+$G$136*I150 -> 1116.007 | K150: =+$H$136*I150 -> 578.4968 | L150: =+$I$136*I150 -> 446.40279 | M150: =+$E$138*J150 -> 1450.8091 | N150: =+$E$138*K150 -> 752.04584 | O150: =+$E$138*L150 -> 580.32363
B151: ④ | D151: 砂質土 | H151: 下端 | I151: =+M84 -> 1171.0462 | J151: =+$G$136*I151 -> 1116.007 | K151: =+$H$136*I151 -> 578.4968 | L151: =+$I$136*I151 -> 446.40279 | M151: =+$E$138*J151 -> 1450.8091 | N151: =+$E$138*K151 -> 752.04584 | O151: =+$E$138*L151 -> 580.32363
E152: =+E150+1 -> 103 | F152: =+F150+1 -> 128 | G152: =+G150+1 -> 153 | H152: 上端 | I152: =+L84 -> 1663.3 | J152: =+$G$136*I152 -> 1585.1249 | K152: =+$H$136*I152 -> 821.6702 | L152: =+$I$136*I152 -> 634.04996 | M152: =+$E$138*J152 -> 2060.6624 | N152: =+$E$138*K152 -> 1068.1713 | O152: =+$E$138*L152 -> 824.26495
H153: 下端 | I153: =+L86 -> 1798.5 | J153: =+$G$136*I153 -> 1713.9705 | K153: =+$H$136*I153 -> 888.459 | L153: =+$I$136*I153 -> 685.5882 | M153: =+$E$138*J153 -> 2228.1617 | N153: =+$E$138*K153 -> 1154.9967 | O153: =+$E$138*L153 -> 891.26466
E154: =+E152+1 -> 104 | F154: =+F152+1 -> 129 | G154: =+G152+1 -> 154 | H154: 上端 | I154: =+M87 -> 1776.1923 | J154: =+$G$136*I154 -> 1692.7113 | K154: =+$H$136*I154 -> 877.439 | L154: =+$I$136*I154 -> 677.08451 | M154: =+$E$138*J154 -> 2200.5246 | N154: =+$E$138*K154 -> 1140.6707 | O154: =+$E$138*L154 -> 880.20986
B155: ⑤ | D155: 粘性土 | H155: 下端 | I155: =+M90 -> 1776.1923 | J155: =+$G$136*I155 -> 1692.7113 | K155: =+$H$136*I155 -> 877.439 | L155: =+$I$136*I155 -> 677.08451 | M155: =+$E$138*J155 -> 2200.5246 | N155: =+$E$138*K155 -> 1140.6707 | O155: =+$E$138*L155 -> 880.20986
E156: =+E154+1 -> 105 | F156: =+F154+1 -> 130 | G156: =+G154+1 -> 155 | H156: 上端 | I156: =+M91 -> 2113.8067 | J156: =+$G$136*I156 -> 2014.4578 | K156: =+$H$136*I156 -> 1044.2205 | L156: =+$I$136*I156 -> 805.78311 | M156: =+$E$138*J156 -> 2618.7951 | N156: =+$E$138*K156 -> 1357.4867 | O156: =+$E$138*L156 -> 1047.518
B157: ⑥ | D157: 砂質土 | H157: 下端 | I157: =+M94 -> 2113.8067 | J157: =+$G$136*I157 -> 2014.4578 | K157: =+$H$136*I157 -> 1044.2205 | L157: =+$I$136*I157 -> 805.78311 | M157: =+$E$138*J157 -> 2618.7951 | N157: =+$E$138*K157 -> 1357.4867 | O157: =+$E$138*L157 -> 1047.518
E158: =+E156+1 -> 106 | F158: =+F156+1 -> 131 | G158: =+G156+1 -> 156 | H158: 上端 | I158: =+L94 -> 2146.2316 | J158: =+$G$136*I158 -> 2045.3587 | K158: =+$H$136*I158 -> 1060.2384 | L158: =+$I$136*I158 -> 818.14348 | M158: =+$E$138*J158 -> 2658.9663 | N158: =+$E$138*K158 -> 1378.3099 | O158: =+$E$138*L158 -> 1063.5865
H159: 下端 | I159: =+L96 -> 2287.4389 | J159: =+$G$136*I159 -> 2179.9293 | K159: =+$H$136*I159 -> 1129.9948 | L159: =+$I$136*I159 -> 871.97173 | M159: =+$E$138*J159 -> 2833.9081 | N159: =+$E$138*K159 -> 1468.9933 | O159: =+$E$138*L159 -> 1133.5632
E160: =+E158+1 -> 107 | F160: =+F158+1 -> 132 | G160: =+G158+1 -> 157 | H160: 上端 | I160: =+L96 -> 2287.4389 | J160: =+$G$136*I160 -> 2179.9293 | K160: =+$H$136*I160 -> 1129.9948 | L160: =+$I$136*I160 -> 871.97173 | M160: =+$E$138*J160 -> 2833.9081 | N160: =+$E$138*K160 -> 1468.9933 | O160: =+$E$138*L160 -> 1133.5632
H161: 下端 | I161: =+L98 -> 2428.6463 | J161: =+$G$136*I161 -> 2314.4999 | K161: =+$H$136*I161 -> 1199.7513 | L161: =+$I$136*I161 -> 925.79998 | M161: =+$E$138*J161 -> 3008.8499 | N161: =+$E$138*K161 -> 1559.6767 | O161: =+$E$138*L161 -> 1203.54
E162: =+E160+1 -> 108 | F162: =+F160+1 -> 133 | G162: =+G160+1 -> 158 | H162: 上端 | I162: =+L98 -> 2428.6463 | J162: =+$G$136*I162 -> 2314.4999 | K162: =+$H$136*I162 -> 1199.7513 | L162: =+$I$136*I162 -> 925.79998 | M162: =+$E$138*J162 -> 3008.8499 | N162: =+$E$138*K162 -> 1559.6767 | O162: =+$E$138*L162 -> 1203.54
H163: 下端 | I163: =+L100 -> 2569.8537 | J163: =+$G$136*I163 -> 2449.0706 | K163: =+$H$136*I163 -> 1269.5077 | L163: =+$I$136*I163 -> 979.62822 | M163: =+$E$138*J163 -> 3183.7917 | N163: =+$E$138*K163 -> 1650.36 | O163: =+$E$138*L163 -> 1273.5167
E164: =+E162+1 -> 109 | F164: =+F162+1 -> 134 | G164: =+G162+1 -> 159 | H164: 上端 | I164: =+L100 -> 2569.8537 | J164: =+$G$136*I164 -> 2449.0706 | K164: =+$H$136*I164 -> 1269.5077 | L164: =+$I$136*I164 -> 979.62822 | M164: =+$E$138*J164 -> 3183.7917 | N164: =+$E$138*K164 -> 1650.36 | O164: =+$E$138*L164 -> 1273.5167
H165: 下端 | I165: =+L102 -> 2711.0611 | J165: =+$G$136*I165 -> 2583.6412 | K165: =+$H$136*I165 -> 1339.2642 | L165: =+$I$136*I165 -> 1033.4565 | M165: =+$E$138*J165 -> 3358.7335 | N165: =+$E$138*K165 -> 1741.0434 | O165: =+$E$138*L165 -> 1343.4934
...

Sheet 周面支持力(4P左)
C2: (5) | D2: 周面支持力
C3: ※ | D3: 安全側を考慮して【押込み側】で計算を行う。
C4: a) | D4: 4P左(1,3列目)
D5: 杭径 | E5: 1.3 | F5: m
D6: 周長 | E6: =+PI()*E5 -> 4.0840704 | F6: m
D7: 杭全長 | E7: 31 | F7: m
D8: 1/β | E8: 4.891 | F8: m
D9: 杭本数 | E9: 2 | F9: 本
D10: 層番号 | E10: 層厚 (m) | F10: 周面支持力を考慮する層厚(m) | G10: 各層での 基準周面 支持力度 rfk (kN/m2) | H10: 分布幅 (m) | J10: 1/βを考慮 した分布幅 (m) | L10: 節点番号 | N10: 分布幅の周面 支持力度 rfk (kN/m) | O10: 各節点の周面支持力 Rfk (kN)
O14: 杭1本当り | P14: =+E9 -> 2
D15: ① | E15: 3.3 | F15: － | G15: 21 | H15: =+E5/2 -> 0.65 | J15: － | K15: － | L15: 17 | M15: 67 | N15: － | O15: － | P15: －
H16: =+E5 -> 1.3 | J16: － | K16: － | L16: =+L15+1 -> 18 | M16: =+M15+1 -> 68 | N16: － | O16: － | P16: －
H18: =+H16 -> 1.3 | J18: － | K18: － | L18: =+L16+1 -> 19 | M18: =+M16+1 -> 69 | N18: － | O18: － | P18: －
H20: =+H18 -> 1.3 | I20: =+E15-H15-H16-H18 -> 0.05 | J20: － | K20: － | L20: =+L18+1 -> 20 | M20: =+M18+1 -> 70 | N20: － | O20: － | P20: －
D21: ② | E21: 1.3 | F21: － | G21: 111 | I21: =+H20-I20 -> 1.25 | K21: －
H22: =+H20 -> 1.3 | I22: =+E21-I21 -> 0.05 | J22: － | K22: － | L22: =+L20+1 -> 21 | M22: =+M20+1 -> 71 | N22: =+G23*K23 -> 19.18 | O22: =+E6*N22 -> 78.332471 | P22: =+E9*O22 -> 156.66494
D23: ③ | E23: 2.9 | F23: =+E15+E21+E23-E8 -> 2.609 | G23: 20 | I23: =+H22-I22 -> 1.25 | K23: =+F23-K26-J24 -> 0.959
H24: =+H22 -> 1.3 | J24: =+H24 -> 1.3 | L24: =+L22+1 -> 22 | M24: =+M22+1 -> 72 | N24: =+G23*J24 -> 26 | O24: =+E6*N24 -> 106.18583 | P24: =+E9*O24 -> 212.37166
H26: =+H24 -> 1.3 | I26: =+E23-I23-H24 -> 0.35 | J26: =+K26+K27 -> 1.3 | K26: =+I26 -> 0.35 | L26: =+L24+1 -> 23 | M26: =+M24+1 -> 73 | N26: =+G23*K26+G27*K27 -> 98.2 | O26: =+E6*N26 -> 401.05572 | P26: =+E9*O26 -> 802.11144
D27: ④ | E27: 2.6 | F27: =+E27 -> 2.6 | G27: 96 | I27: =+H26-I26 -> 0.95 | K27: =+I27 -> 0.95
H28: =+H26 -> 1.3 | J28: =+E5 -> 1.3 | L28: =+L26+1 -> 24 | M28: =+M26+1 -> 74 | N28: =+G27*J28 -> 124.8 | O28: =+E6*N28 -> 509.69199 | P28: =+E9*O28 -> 1019.384
H30: =+H28 -> 1.3 | I30: =+E27-I27-H28 -> 0.35 | J30: =+J28 -> 1.3 | K30: =+F27-K27-J28 -> 0.35 | L30: =+L28+1 -> 25 | M30: =+M28+1 -> 75 | N30: =+G27*K30+G31*K31+G32*K32 -> 130.56 | O30: =+E6*N30 -> 533.21624 | P30: =+E9*O30 -> 1066.4325
D31: ⑤ | E31: 0.6 | F31: =+E31 -> 0.6 | G31: 77.6 | I31: =+E31 -> 0.6 | K31: =+F31 -> 0.6
D32: ⑥ | E32: 9.5 | F32: =+E32 -> 9.5 | G32: 144 | I32: =+H30-I30-I31 -> 0.35 | K32: =+J30-K30-K31 -> 0.35
H33: =+H30 -> 1.3 | J33: =+J30 -> 1.3 | L33: =+L30+1 -> 26 | M33: =+M30+1 -> 76 | N33: =+G32*J33 -> 187.2 | O33: =+E6*N33 -> 764.53799 | P33: =+E9*O33 -> 1529.076
H35: =+H33 -> 1.3 | J35: =+J33 -> 1.3 | L35: =+L33+1 -> 27 | M35: =+M33+1 -> 77 | N35: =+G32*J35 -> 187.2 | O35: =+E6*N35 -> 764.53799 | P35: =+E9*O35 -> 1529.076
H37: =+H35 -> 1.3 | J37: =+J35 -> 1.3 | L37: =+L35+1 -> 28 | M37: =+M35+1 -> 78 | N37: =+G32*J37 -> 187.2 | O37: =+E6*N37 -> 764.53799 | P37: =+E9*O37 -> 1529.076
H39: =+H37 -> 1.3 | J39: =+J37 -> 1.3 | L39: =+L37+1 -> 29 | M39: =+M37+1 -> 79 | N39: =+G32*J39 -> 187.2 | O39: =+E6*N39 -> 764.53799 | P39: =+E9*O39 -> 1529.076
H41: =+H39 -> 1.3 | J41: =+J39 -> 1.3 | L41: =+L39+1 -> 30 | M41: =+M39+1 -> 80 | N41: =+G32*J41 -> 187.2 | O41: =+E6*N41 -> 764.53799 | P41: =+E9*O41 -> 1529.076
H43: =+H41 -> 1.3 | J43: =+J41 -> 1.3 | L43: =+L41+1 -> 31 | M43: =+M41+1 -> 81 | N43: =+G32*J43 -> 187.2 | O43: =+E6*N43 -> 764.53799 | P43: =+E9*O43 -> 1529.076
H45: =+H43 -> 1.3 | J45: =+J43 -> 1.3 | L45: =+L43+1 -> 32 | M45: =+M43+1 -> 82 | N45: =+G32*J45 -> 187.2 | O45: =+E6*N45 -> 764.53799 | P45: =+E9*O45 -> 1529.076
H47: =+H45 -> 1.3 | I47: =+E32-I32-H33-H35-H37-H39-H41-H43-H45 -> 0.05 | J47: =+J45 -> 1.3 | K47: =+F32-K32-J33-J35-J37-J39-J41-J43-J45 -> 0.05 | L47: =+L45+1 -> 33 | M47: =+M45+1 -> 83 | N47: =+G32*K47+G48*K48 -> 51.2 | O47: =+E6*N47 -> 209.10441 | P47: =+E9*O47 -> 418.20881
D48: ⑦ | E48: 10.8 | F48: =+E48-E5 -> 9.5 | G48: 35.2 | I48: =+H47-I47 -> 1.25 | K48: =+J47-K47 -> 1.25
H49: =+H47 -> 1.3 | J49: =+J47 -> 1.3 | L49: =+L47+1 -> 34 | M49: =+M47+1 -> 84 | N49: =+G48*J49 -> 45.76 | O49: =+E6*N49 -> 186.88706 | P49: =+E9*O49 -> 373.77413
H51: =+H49 -> 1.3 | J51: =+J49 -> 1.3 | L51: =+L49+1 -> 35 | M51: =+M49+1 -> 85 | N51: =+G48*J51 -> 45.76 | O51: =+E6*N51 -> 186.88706 | P51: =+E9*O51 -> 373.77413
H53: =+H51 -> 1.3 | J53: =+J51 -> 1.3 | L53: =+L51+1 -> 36 | M53: =+M51+1 -> 86 | N53: =+G48*J53 -> 45.76 | O53: =+E6*N53 -> 186.88706 | P53: =+E9*O53 -> 373.77413
H55: =+H53 -> 1.3 | J55: =+J53 -> 1.3 | L55: =+L53+1 -> 37 | M55: =+M53+1 -> 87 | N55: =+G48*J55 -> 45.76 | O55: =+E6*N55 -> 186.88706 | P55: =+E9*O55 -> 373.77413
H57: =+H55 -> 1.3 | J57: =+J55 -> 1.3 | L57: =+L55+1 -> 38 | M57: =+M55+1 -> 88 | N57: =+G48*J57 -> 45.76 | O57: =+E6*N57 -> 186.88706 | P57: =+E9*O57 -> 373.77413
H59: =+H57 -> 1.3 | J59: =+J57 -> 1.3 | L59: =+L57+1 -> 39 | M59: =+M57+1 -> 89 | N59: =+G48*J59 -> 45.76 | O59: =+E6*N59 -> 186.88706 | P59: =+E9*O59 -> 373.77413
H61: 1.2 | J61: =+F48-K48-J49-J51-J53-J55-J57-J59 -> 0.45 | L61: =+L59+1 -> 40 | M61: =+M59+1 -> 90 | N61: =+G48*J61 -> 15.84 | O61: =+E6*N61 -> 64.691676 | P61: =+E9*O61 -> 129.38335
H63: =+E48-I48-H49-H51-H53-H55-H57-H59-H61 -> 0.55 | J63: － | L63: =+L61+1 -> 41 | M63: =+M61+1 -> 91 | N63: － | O63: － | P63: －
D64: Σ | E64: =SUM(E15:E63) -> 31 | F64: =SUM(F15:F63) -> 24.809 | H64: =SUM(H15:H63) -> 31 | J64: =SUM(J15:J63) -> 23.85
C68: b) | D68: 4P左(2列目)
D69: 杭径 | E69: =+E5 -> 1.3 | F69: m
D70: 周長 | E70: =+PI()*E69 -> 4.0840704 | F70: m
D71: 杭全長 | E71: =+E7 -> 31 | F71: m
D72: 1/β | E72: =+E8 -> 4.891 | F72: m
D73: 杭本数 | E73: 1 | F73: 本
D74: 層番号 | E74: 層厚 (m) | F74: 周面支持力を考慮する層厚(m) | G74: 各層での 基準周面 支持力度 rfk (kN/m2) | H74: 分布幅 (m) | J74: 1/βを考慮 した分布幅 (m) | L74: 節点番号 | N74: 分布幅の周面 支持力度 rfk (kN/m) | O74: 各節点の周面支持力 Rfk (kN)
O78: 杭1本当り | P78: =+E73 -> 1
D79: ① | E79: =+E15 -> 3.3 | F79: － | G79: =+G15 -> 21 | H79: =+E69/2 -> 0.65 | J79: － | K79: － | L79: 42 | N79: － | O79: － | P79: －
H80: =+E69 -> 1.3 | J80: － | K80: － | L80: =+L79+1 -> 43 | N80: － | O80: － | P80: －
H82: =+H80 -> 1.3 | J82: － | K82: － | L82: =+L80+1 -> 44 | N82: － | O82: － | P82: －
H84: =+H82 -> 1.3 | I84: =+E79-H79-H80-H82 -> 0.05 | J84: － | K84: － | L84: =+L82+1 -> 45 | N84: － | O84: － | P84: －
D85: ② | E85: =+E21 -> 1.3 | F85: － | G85: =+G21 -> 111 | I85: =+H84-I84 -> 1.25 | K85: －
H86: =+H84 -> 1.3 | I86: =+E85-I85 -> 0.05 | J86: － | K86: － | L86: =+L84+1 -> 46 | N86: =+G87*K87 -> 19.18 | O86: =+E70*N86 -> 78.332471 | P86: =+E73*O86 -> 78.332471
D87: ③ | E87: =+E23 -> 2.9 | F87: =+E79+E85+E87-E72 -> 2.609 | G87: =+G23 -> 20 | I87: =+H86-I86 -> 1.25 | K87: =+F87-K90-J88 -> 0.959
H88: =+H86 -> 1.3 | J88: =+H88 -> 1.3 | L88: =+L86+1 -> 47 | N88: =+G87*J88 -> 26 | O88: =+E70*N88 -> 106.18583 | P88: =+E73*O88 -> 106.18583
H90: =+H88 -> 1.3 | I90: =+E87-I87-H88 -> 0.35 | J90: =+K90+K91 -> 1.3 | K90: =+I90 -> 0.35 | L90: =+L88+1 -> 48 | N90: =+G87*K90+G91*K91 -> 98.2 | O90: =+E70*N90 -> 401.05572 | P90: =+E73*O90 -> 401.05572
D91: ④ | E91: =+E27 -> 2.6 | F91: =+E91 -> 2.6 | G91: =+G27 -> 96 | I91: =+H90-I90 -> 0.95 | K91: =+I91 -> 0.95
H92: =+H90 -> 1.3 | J92: =+E69 -> 1.3 | L92: =+L90+1 -> 49 | N92: =+G91*J92 -> 124.8 | O92: =+E70*N92 -> 509.69199 | P92: =+E73*O92 -> 509.69199
H94: =+H92 -> 1.3 | I94: =+E91-I91-H92 -> 0.35 | J94: =+J92 -> 1.3 | K94: =+F91-K91-J92 -> 0.35 | L94: =+L92+1 -> 50 | N94: =+G91*K94+G95*K95+G96*K96 -> 130.56 | O94: =+E70*N94 -> 533.21624 | P94: =+E73*O94 -> 533.21624
D95: ⑤ | E95: =+E31 -> 0.6 | F95: =+E95 -> 0.6 | G95: =+G31 -> 77.6 | I95: =+E95 -> 0.6 | K95: =+F95 -> 0.6
D96: ⑥ | E96: =+E32 -> 9.5 | F96: =+E96 -> 9.5 | G96: =+G32 -> 144 | I96: =+H94-I94-I95 -> 0.35 | K96: =+J94-K94-K95 -> 0.35
H97: =+H94 -> 1.3 | J97: =+J94 -> 1.3 | L97: =+L94+1 -> 51 | N97: =+G96*J97 -> 187.2 | O97: =+E70*N97 -> 764.53799 | P97: =+E73*O97 -> 764.53799
H99: =+H97 -> 1.3 | J99: =+J97 -> 1.3 | L99: =+L97+1 -> 52 | N99: =+G96*J99 -> 187.2 | O99: =+E70*N99 -> 764.53799 | P99: =+E73*O99 -> 764.53799
H101: =+H99 -> 1.3 | J101: =+J99 -> 1.3 | L101: =+L99+1 -> 53 | N101: =+G96*J101 -> 187.2 | O101: =+E70*N101 -> 764.53799 | P101: =+E73*O101 -> 764.53799
H103: =+H101 -> 1.3 | J103: =+J101 -> 1.3 | L103: =+L101+1 -> 54 | N103: =+G96*J103 -> 187.2 | O103: =+E70*N103 -> 764.53799 | P103: =+E73*O103 -> 764.53799
H105: =+H103 -> 1.3 | J105: =+J103 -> 1.3 | L105: =+L103+1 -> 55 | N105: =+G96*J105 -> 187.2 | O105: =+E70*N105 -> 764.53799 | P105: =+E73*O105 -> 764.53799
H107: =+H105 -> 1.3 | J107: =+J105 -> 1.3 | L107: =+L105+1 -> 56 | N107: =+G96*J107 -> 187.2 | O107: =+E70*N107 -> 764.53799 | P107: =+E73*O107 -> 764.53799
H109: =+H107 -> 1.3 | J109: =+J107 -> 1.3 | L109: =+L107+1 -> 57 | N109: =+G96*J109 -> 187.2 | O109: =+E70*N109 -> 764.53799 | P109: =+E73*O109 -> 764.53799
H111: =+H109 -> 1.3 | I111: =+E96-I96-H97-H99-H101-H103-H105-H107-H109 -> 0.05 | J111: =+J109 -> 1.3 | K111: =+F96-K96-J97-J99-J101-J103-J105-J107-J109 -> 0.05 | L111: =+L109+1 -> 58 | N111: =+G96*K111+G112*K112 -> 51.2 | O111: =+E70*N111 -> 209.10441 | P111: =+E73*O111 -> 209.10441
D112: ⑦ | E112: =+E48 -> 10.8 | F112: =+E112-E69 -> 9.5 | G112: =+G48 -> 35.2 | I112: =+H111-I111 -> 1.25 | K112: =+J111-K111 -> 1.25
H113: =+H111 -> 1.3 | J113: =+J111 -> 1.3 | L113: =+L111+1 -> 59 | N113: =+G112*J113 -> 45.76 | O113: =+E70*N113 -> 186.88706 | P113: =+E73*O113 -> 186.88706
H115: =+H113 -> 1.3 | J115: =+J113 -> 1.3 | L115: =+L113+1 -> 60 | N115: =+G112*J115 -> 45.76 | O115: =+E70*N115 -> 186.88706 | P115: =+E73*O115 -> 186.88706
H117: =+H115 -> 1.3 | J117: =+J115 -> 1.3 | L117: =+L115+1 -> 61 | N117: =+G112*J117 -> 45.76 | O117: =+E70*N117 -> 186.88706 | P117: =+E73*O117 -> 186.88706
H119: =+H117 -> 1.3 | J119: =+J117 -> 1.3 | L119: =+L117+1 -> 62 | N119: =+G112*J119 -> 45.76 | O119: =+E70*N119 -> 186.88706 | P119: =+E73*O119 -> 186.88706
H121: =+H119 -> 1.3 | J121: =+J119 -> 1.3 | L121: =+L119+1 -> 63 | N121: =+G112*J121 -> 45.76 | O121: =+E70*N121 -> 186.88706 | P121: =+E73*O121 -> 186.88706
H123: =+H121 -> 1.3 | J123: =+J121 -> 1.3 | L123: =+L121+1 -> 64 | N123: =+G112*J123 -> 45.76 | O123: =+E70*N123 -> 186.88706 | P123: =+E73*O123 -> 186.88706
H125: =+H61 -> 1.2 | J125: =+F112-K112-J113-J115-J117-J119-J121-J123 -> 0.45 | L125: =+L123+1 -> 65 | N125: =+G112*J125 -> 15.84 | O125: =+E70*N125 -> 64.691676 | P125: =+E73*O125 -> 64.691676
H127: =+E112-I112-H113-H115-H117-H119-H121-H123-H125 -> 0.55 | J127: － | L127: =+L125+1 -> 66 | N127: － | O127: － | P127: －
D128: Σ | E128: =SUM(E79:E127) -> 31 | F128: =SUM(F79:F127) -> 24.809 | H128: =SUM(H79:H127) -> 31 | J128: =SUM(J79:J127) -> 23.85

Sheet 周面支持力(4P右)
C2: c) | D2: 4P右(1,3列目)
D3: 杭径 | E3: 1.3 | F3: m
D4: 周長 | E4: =+PI()*E3 -> 4.0840704 | F4: m
D5: 杭全長 | E5: 31 | F5: m
D6: 1/β | E6: 4.945 | F6: m
D7: 杭本数 | E7: 3 | F7: 本
D8: 層番号 | E8: 層厚 (m) | F8: 周面支持力を考慮する層厚(m) | G8: 各層での 基準周面 支持力度 rfk (kN/m2) | H8: 分布幅 (m) | J8: 1/βを考慮 した分布幅 (m) | L8: 節点番号 | N8: 分布幅の周面 支持力度 rfk (kN/m) | O8: 各節点の周面支持力 Rfk (kN)
O12: 杭1本当り | P12: =+E7 -> 3
D13: ① | E13: 1.5 | F13: － | G13: 21 | H13: =+E3/2 -> 0.65 | J13: － | K13: － | L13: 98 | M13: 148 | N13: － | O13: － | P13: －
H14: =+E3 -> 1.3 | I14: =+E13-H13 -> 0.85 | J14: － | K14: － | L14: =+L13+1 -> 99 | M14: =+M13+1 -> 149 | N14: － | O14: － | P14: －
D15: ② | E15: 1.3 | F15: － | G15: 111 | I15: =+H14-I14 -> 0.45 | K15: －
H16: =+H14 -> 1.3 | I16: =+E15-I15 -> 0.85 | J16: － | K16: － | L16: =+L14+1 -> 100 | M16: =+M14+1 -> 150 | N16: － | O16: － | P16: －
D17: ③ | E17: 2.9 | F17: =+E13+E15+E17-E6 -> 0.755 | G17: 20 | I17: =+H16-I16 -> 0.45 | K17: －
H18: =+H16 -> 1.3 | J18: － | L18: =+L16+1 -> 101 | M18: =+M16+1 -> 151 | N18: － | O18: － | P18: －
H20: =+H18 -> 1.3 | I20: =+E17-I17-H18 -> 1.15 | J20: =+E3 -> 1.3 | K20: =+F17 -> 0.755 | L20: =+L18+1 -> 102 | M20: =+M18+1 -> 152 | N20: =+G17*K20+G21*K21 -> 29.5 | O20: =+E4*N20 -> 120.48008 | P20: =+E7*O20 -> 361.44023
D21: ④ | E21: 2.6 | F21: =+E21 -> 2.6 | G21: 96 | I21: =+H20-I20 -> 0.15 | K21: =+I21 -> 0.15
H22: =+H20 -> 1.3 | J22: =+J20 -> 1.3 | L22: =+L20+1 -> 103 | M22: =+M20+1 -> 153 | N22: =+G21*J22 -> 124.8 | O22: =+E4*N22 -> 509.69199 | P22: =+E7*O22 -> 1529.076
H24: =+H22 -> 1.3 | I24: =+E21-I21-H22 -> 1.15 | J24: =+J22 -> 1.3 | K24: =+I24 -> 1.15 | L24: =+L22+1 -> 104 | M24: =+M22+1 -> 154 | N24: =+G21*K24+G25*K25 -> 122.04 | O24: =+E4*N24 -> 498.41996 | P24: =+E7*O24 -> 1495.2599
D25: ⑤ | E25: 0.6 | F25: =+E25 -> 0.6 | G25: 77.6 | I25: =+H24-I24 -> 0.15 | K25: =+I25 -> 0.15
H26: =+H24 -> 1.3 | I26: =+E25-I25 -> 0.45 | J26: =+J24 -> 1.3 | K26: =+I26 -> 0.45 | L26: =+L24+1 -> 105 | M26: =+M24+1 -> 155 | N26: =+G25*K26+G27*K27 -> 157.32 | O26: =+E4*N26 -> 642.50596 | P26: =+E7*O26 -> 1927.5179
D27: ⑥ | E27: 9.5 | F27: =+E27 -> 9.5 | G27: 144 | I27: =+H26-I26 -> 0.85 | K27: =+I27 -> 0.85
H28: =+H26 -> 1.3 | J28: =+J26 -> 1.3 | L28: =+L26+1 -> 106 | M28: =+M26+1 -> 156 | N28: =+G27*J28 -> 187.2 | O28: =+E4*N28 -> 764.53799 | P28: =+E7*O28 -> 2293.614
H30: =+H28 -> 1.3 | J30: =+J28 -> 1.3 | L30: =+L28+1 -> 107 | M30: =+M28+1 -> 157 | N30: =+G27*J30 -> 187.2 | O30: =+E4*N30 -> 764.53799 | P30: =+E7*O30 -> 2293.614
H32: =+H30 -> 1.3 | J32: =+J30 -> 1.3 | L32: =+L30+1 -> 108 | M32: =+M30+1 -> 158 | N32: =+G27*J32 -> 187.2 | O32: =+E4*N32 -> 764.53799 | P32: =+E7*O32 -> 2293.614
H34: =+H32 -> 1.3 | J34: =+J32 -> 1.3 | L34: =+L32+1 -> 109 | M34: =+M32+1 -> 159 | N34: =+G27*J34 -> 187.2 | O34: =+E4*N34 -> 764.53799 | P34: =+E7*O34 -> 2293.614
H36: =+H34 -> 1.3 | J36: =+J34 -> 1.3 | L36: =+L34+1 -> 110 | M36: =+M34+1 -> 160 | N36: =+G27*J36 -> 187.2 | O36: =+E4*N36 -> 764.53799 | P36: =+E7*O36 -> 2293.614
H38: =+H36 -> 1.3 | J38: =+J36 -> 1.3 | L38: =+L36+1 -> 111 | M38: =+M36+1 -> 161 | N38: =+G27*J38 -> 187.2 | O38: =+E4*N38 -> 764.53799 | P38: =+E7*O38 -> 2293.614
H40: =+H38 -> 1.3 | I40: =+E27-I27-H28-H30-H32-H34-H36-H38 -> 0.85 | J40: =+J38 -> 1.3 | K40: =+I40 -> 0.85 | L40: =+L38+1 -> 112 | M40: =+M38+1 -> 162 | N40: =+G27*K40+G41*K41 -> 138.24 | O40: =+E4*N40 -> 564.5819 | P40: =+E7*O40 -> 1693.7457
D41: ⑦ | E41: 12.6 | F41: =+E41-E3 -> 11.3 | G41: 35.2 | I41: =+H42-I40 -> 0.45 | K41: =+I41 -> 0.45
H42: =+H40 -> 1.3 | J42: =+J40 -> 1.3 | L42: =+L40+1 -> 113 | M42: =+M40+1 -> 163 | N42: =+G41*J42 -> 45.76 | O42: =+E4*N42 -> 186.88706 | P42: =+E7*O42 -> 560.66119
H44: =+H42 -> 1.3 | J44: =+J42 -> 1.3 | L44: =+L42+1 -> 114 | M44: =+M42+1 -> 164 | N44: =+G41*J44 -> 45.76 | O44: =+E4*N44 -> 186.88706 | P44: =+E7*O44 -> 560.66119
H46: =+H44 -> 1.3 | J46: =+J44 -> 1.3 | L46: =+L44+1 -> 115 | M46: =+M44+1 -> 165 | N46: =+G41*J46 -> 45.76 | O46: =+E4*N46 -> 186.88706 | P46: =+E7*O46 -> 560.66119
H48: =+H46 -> 1.3 | J48: =+J46 -> 1.3 | L48: =+L46+1 -> 116 | M48: =+M46+1 -> 166 | N48: =+G41*J48 -> 45.76 | O48: =+E4*N48 -> 186.88706 | P48: =+E7*O48 -> 560.66119
H50: =+H48 -> 1.3 | J50: =+J48 -> 1.3 | L50: =+L48+1 -> 117 | M50: =+M48+1 -> 167 | N50: =+G41*J50 -> 45.76 | O50: =+E4*N50 -> 186.88706 | P50: =+E7*O50 -> 560.66119
H52: =+H50 -> 1.3 | J52: =+J50 -> 1.3 | L52: =+L50+1 -> 118 | M52: =+M50+1 -> 168 | N52: =+G41*J52 -> 45.76 | O52: =+E4*N52 -> 186.88706 | P52: =+E7*O52 -> 560.66119
H54: =+H52 -> 1.3 | J54: =+J52 -> 1.3 | L54: =+L52+1 -> 119 | M54: =+M52+1 -> 169 | N54: =+G41*J54 -> 45.76 | O54: =+E4*N54 -> 186.88706 | P54: =+E7*O54 -> 560.66119
H56: =+H54 -> 1.3 | J56: =+J54 -> 1.3 | L56: =+L54+1 -> 120 | M56: =+M54+1 -> 170 | N56: =+G41*J56 -> 45.76 | O56: =+E4*N56 -> 186.88706 | P56: =+E7*O56 -> 560.66119
H58: 1.2 | J58: =+F41-K41-J42-J44-J46-J48-J50-J52-J54-J56 -> 0.45 | L58: =+L56+1 -> 121 | M58: =+M56+1 -> 171 | N58: =+G41*J58 -> 15.84 | O58: =+E4*N58 -> 64.691676 | P58: =+E7*O58 -> 194.07503
H60: =+E41-I41-H42-H44-H46-H48-H50-H52-H54-H56-H58 -> 0.55 | J60: － | L60: =+L58+1 -> 122 | M60: =+M58+1 -> 172 | N60: － | O60: － | P60: －
D61: Σ | E61: =SUM(E13:E60) -> 31 | F61: =SUM(F13:F60) -> 24.755 | H61: =SUM(H12:H60) -> 31 | J61: =SUM(J18:J59) -> 25.15
C65: d) | D65: 4P右(2列目)
D66: 杭径 | E66: =+E3 -> 1.3 | F66: m
D67: 周長 | E67: =+PI()*E66 -> 4.0840704 | F67: m
D68: 杭全長 | E68: =+E5 -> 31 | F68: m
D69: 1/β | E69: =+E6 -> 4.945 | F69: m
D70: 杭本数 | E70: 2 | F70: 本
D71: 層番号 | E71: 層厚 (m) | F71: 周面支持力を考慮する層厚(m) | G71: 各層での 基準周面 支持力度 rfk (kN/m2) | H71: 分布幅 (m) | J71: 1/βを考慮 した分布幅 (m) | L71: 節点番号 | N71: 分布幅の周面 支持力度 rfk (kN/m) | O71: 各節点の周面支持力 Rfk (kN)
O75: 杭1本当り | P75: =+E70 -> 2
D76: ① | E76: =+E13 -> 1.5 | F76: － | G76: =+G13 -> 21 | H76: =+E66/2 -> 0.65 | J76: － | K76: － | L76: 98 | N76: － | O76: － | P76: －
H77: =+E66 -> 1.3 | I77: =+E76-H76 -> 0.85 | J77: － | K77: － | L77: =+L76+1 -> 99 | N77: － | O77: － | P77: －
D78: ② | E78: =+E15 -> 1.3 | F78: － | G78: =+G15 -> 111 | I78: =+H77-I77 -> 0.45 | K78: －
H79: =+H77 -> 1.3 | I79: =+E78-I78 -> 0.85 | J79: － | K79: － | L79: =+L77+1 -> 100 | N79: － | O79: － | P79: －
D80: ③ | E80: =+E17 -> 2.9 | F80: =+E76+E78+E80-E69 -> 0.755 | G80: =+G17 -> 20 | I80: =+H79-I79 -> 0.45 | K80: －
H81: =+H79 -> 1.3 | J81: － | L81: =+L79+1 -> 101 | N81: － | O81: － | P81: －
H83: =+H81 -> 1.3 | I83: =+E80-I80-H81 -> 1.15 | J83: =+E66 -> 1.3 | K83: =+F80 -> 0.755 | L83: =+L81+1 -> 102 | N83: =+G80*K83+G84*K84 -> 29.5 | O83: =+E67*N83 -> 120.48008 | P83: =+E70*O83 -> 240.96016
D84: ④ | E84: =+E21 -> 2.6 | F84: =+E84 -> 2.6 | G84: =+G21 -> 96 | I84: =+H83-I83 -> 0.15 | K84: =+I84 -> 0.15
H85: =+H83 -> 1.3 | J85: =+J83 -> 1.3 | L85: =+L83+1 -> 103 | N85: =+G84*J85 -> 124.8 | O85: =+E67*N85 -> 509.69199 | P85: =+E70*O85 -> 1019.384
H87: =+H85 -> 1.3 | I87: =+E84-I84-H85 -> 1.15 | J87: =+J85 -> 1.3 | K87: =+I87 -> 1.15 | L87: =+L85+1 -> 104 | N87: =+G84*K87+G88*K88 -> 122.04 | O87: =+E67*N87 -> 498.41996 | P87: =+E70*O87 -> 996.83992
D88: ⑤ | E88: =+E25 -> 0.6 | F88: =+E88 -> 0.6 | G88: =+G25 -> 77.6 | I88: =+H87-I87 -> 0.15 | K88: =+I88 -> 0.15
H89: =+H87 -> 1.3 | I89: =+E88-I88 -> 0.45 | J89: =+J87 -> 1.3 | K89: =+I89 -> 0.45 | L89: =+L87+1 -> 105 | N89: =+G88*K89+G90*K90 -> 157.32 | O89: =+E67*N89 -> 642.50596 | P89: =+E70*O89 -> 1285.0119
D90: ⑥ | E90: =+E27 -> 9.5 | F90: =+E90 -> 9.5 | G90: =+G27 -> 144 | I90: =+H89-I89 -> 0.85 | K90: =+I90 -> 0.85
H91: =+H89 -> 1.3 | J91: =+J89 -> 1.3 | L91: =+L89+1 -> 106 | N91: =+G90*J91 -> 187.2 | O91: =+E67*N91 -> 764.53799 | P91: =+E70*O91 -> 1529.076
H93: =+H91 -> 1.3 | J93: =+J91 -> 1.3 | L93: =+L91+1 -> 107 | N93: =+G90*J93 -> 187.2 | O93: =+E67*N93 -> 764.53799 | P93: =+E70*O93 -> 1529.076
H95: =+H93 -> 1.3 | J95: =+J93 -> 1.3 | L95: =+L93+1 -> 108 | N95: =+G90*J95 -> 187.2 | O95: =+E67*N95 -> 764.53799 | P95: =+E70*O95 -> 1529.076
H97: =+H95 -> 1.3 | J97: =+J95 -> 1.3 | L97: =+L95+1 -> 109 | N97: =+G90*J97 -> 187.2 | O97: =+E67*N97 -> 764.53799 | P97: =+E70*O97 -> 1529.076
H99: =+H97 -> 1.3 | J99: =+J97 -> 1.3 | L99: =+L97+1 -> 110 | N99: =+G90*J99 -> 187.2 | O99: =+E67*N99 -> 764.53799 | P99: =+E70*O99 -> 1529.076
H101: =+H99 -> 1.3 | J101: =+J99 -> 1.3 | L101: =+L99+1 -> 111 | N101: =+G90*J101 -> 187.2 | O101: =+E67*N101 -> 764.53799 | P101: =+E70*O101 -> 1529.076
H103: =+H101 -> 1.3 | I103: =+E90-I90-H91-H93-H95-H97-H99-H101 -> 0.85 | J103: =+J101 -> 1.3 | K103: =+I103 -> 0.85 | L103: =+L101+1 -> 112 | N103: =+G90*K103+G104*K104 -> 138.24 | O103: =+E67*N103 -> 564.5819 | P103: =+E70*O103 -> 1129.1638
D104: ⑦ | E104: =+E41 -> 12.6 | F104: =+E104-E66 -> 11.3 | G104: =+G41 -> 35.2 | I104: =+H105-I103 -> 0.45 | K104: =+I104 -> 0.45
H105: =+H103 -> 1.3 | J105: =+J103 -> 1.3 | L105: =+L103+1 -> 113 | N105: =+G104*J105 -> 45.76 | O105: =+E67*N105 -> 186.88706 | P105: =+E70*O105 -> 373.77413
H107: =+H105 -> 1.3 | J107: =+J105 -> 1.3 | L107: =+L105+1 -> 114 | N107: =+G104*J107 -> 45.76 | O107: =+E67*N107 -> 186.88706 | P107: =+E70*O107 -> 373.77413
H109: =+H107 -> 1.3 | J109: =+J107 -> 1.3 | L109: =+L107+1 -> 115 | N109: =+G104*J109 -> 45.76 | O109: =+E67*N109 -> 186.88706 | P109: =+E70*O109 -> 373.77413
H111: =+H109 -> 1.3 | J111: =+J109 -> 1.3 | L111: =+L109+1 -> 116 | N111: =+G104*J111 -> 45.76 | O111: =+E67*N111 -> 186.88706 | P111: =+E70*O111 -> 373.77413
H113: =+H111 -> 1.3 | J113: =+J111 -> 1.3 | L113: =+L111+1 -> 117 | N113: =+G104*J113 -> 45.76 | O113: =+E67*N113 -> 186.88706 | P113: =+E70*O113 -> 373.77413
H115: =+H113 -> 1.3 | J115: =+J113 -> 1.3 | L115: =+L113+1 -> 118 | N115: =+G104*J115 -> 45.76 | O115: =+E67*N115 -> 186.88706 | P115: =+E70*O115 -> 373.77413
H117: =+H115 -> 1.3 | J117: =+J115 -> 1.3 | L117: =+L115+1 -> 119 | N117: =+G104*J117 -> 45.76 | O117: =+E67*N117 -> 186.88706 | P117: =+E70*O117 -> 373.77413
H119: =+H117 -> 1.3 | J119: =+J117 -> 1.3 | L119: =+L117+1 -> 120 | N119: =+G104*J119 -> 45.76 | O119: =+E67*N119 -> 186.88706 | P119: =+E70*O119 -> 373.77413
H121: =+H58 -> 1.2 | J121: =+F104-K104-J105-J107-J109-J111-J113-J115-J117-J119 -> 0.45 | L121: =+L119+1 -> 121 | N121: =+G104*J121 -> 15.84 | O121: =+E67*N121 -> 64.691676 | P121: =+E70*O121 -> 129.38335
H123: =+E104-I104-H105-H107-H109-H111-H113-H115-H117-H119-H121 -> 0.55 | J123: － | L123: =+L121+1 -> 122 | N123: － | O123: － | P123: －
D124: Σ | E124: =SUM(E76:E123) -> 31 | F124: =SUM(F76:F123) -> 24.755 | H124: =SUM(H75:H123) -> 31 | J124: =SUM(J81:J122) -> 25.15

Sheet 先端支持力
C2: (6) | D2: 先端支持力
E3: 節点番号 | F3: 杭先端の鉛直地盤支持力
F4: (kN)
F5: 降伏点 | G5: 終局点
D6: 4P(左) | E6: 41 | F6: 4778.4 | G6: 11149.5
E7: 66 | F7: 2389.2 | G7: 5574.8
E8: 91 | F8: =+F6 -> 4778.4 | G8: =+G6 -> 11149.5
D9: 4P(右) | E9: 122 | F9: 7167.5 | G9: 16724.3
E10: 147 | F10: 4778.4 | G10: 11149.5
E11: 172 | F11: =+F9 -> 7167.5 | G11: =+G9 -> 16724.3

Sheet 3.荷重計算
B2: 3.荷重計算
C4: (1) | D4: 死荷重(D1・D2)
C6: 1) | D6: 自重
D8: 梁(4P左)
D10: wd1 | G10: ＝ | H10: [ | I10: 2.6 | L10: × | M10: 1.5
G12: ＋ | H12: 0.5 | K12: × | L12: ( | M12: 1.7 | P12: ＋ | Q12: 2.6 | T12: ) | U12: × | V12: 0.25 | Y12: ]
G14: × | H14: 8 | K14: × | L14: 24.5 | O14: kN/m3 | Q14: / | R14: 1.75 | AD14: ＝ | AE14: =+ROUND((I10*M10+H12*(M12+Q12)*V12)*H14*L14/R14,1) -> 497 | AH14: kN/m | AK14: =+AE14 -> 497
D16: 梁(4P右)
D18: wd2 | G18: ＝ | H18: [ | I18: 3.2 | L18: × | M18: 1.5
G20: ＋ | H20: 0.5 | K20: × | L20: ( | M20: 2 | P20: ＋ | Q20: 3.2 | T20: ) | U20: × | V20: 0.2 | Y20: ]
G22: × | H22: 8 | K22: × | L22: 24.5 | O22: kN/m3 | Q22: / | R22: 1.7 | AD22: ＝ | AE22: =+ROUND((I18*M18+H20*(M20+Q20)*V20)*H22*L22/R22,1) -> 613.4 | AH22: kN/m | AK22: =+AE22 -> 613.4
D24: 柱(4P左)
D26: wd3 | G26: ＝ | H26: 1.7 | K26: × | L26: 8 | O26: × | P26: 24.5 | S26: kN/m3 | AD26: ＝ | AE26: =+ROUND(H26*L26*P26,1) -> 333.2 | AH26: kN/m | AK26: =+AE26 -> 333.2
D28: 柱(4P右)
D30: wd4 | G30: ＝ | H30: 2 | K30: × | L30: 8 | O30: × | P30: 24.5 | S30: kN/m3 | AD30: ＝ | AE30: =+ROUND(H30*L30*P30,1) -> 392 | AH30: kN/m | AK30: =+AE30 -> 392
D32: フーチング(4P左)
D34: wd5 | G34: ＝ | H34: [ | I34: 0.5 | L34: × | M34: ( | N34: 1.9 | Q34: ＋ | R34: 8 | U34: ) | V34: × | W34: 0.7
G36: ＋ | H36: =+R34 -> 8 | K36: × | L36: 2.1 | O36: ] | P36: × | Q36: 10.4 | T36: × | U36: 24.5 | X36: kN/m3 | Z36: / | AA36: =+R34 -> 8 | AD36: ＝ | AE36: =+ROUND((I34*(N34+R34)*W34+H36*L36)*Q36*U36/AA36,1) -> 645.4 | AH36: kN/m | AK36: =+AE36 -> 645.4 | AL36: =+AK36 -> 645.4
D38: 【慣性力算定用重量】
D40: wd5' | G40: ＝ | H40: =+AE36 -> 645.4 | K40: × | L40: ( | M40: 24.5 | P40: － | Q40: 18 | T40: ) | U40: / | V40: 24.5 | AD40: ＝ | AE40: =+ROUND(H40*(M40-Q40)/V40,1) -> 171.2 | AH40: kN/m
D42: フーチング(4P右)
D44: wd6 | G44: ＝ | H44: [ | I44: 0.5 | L44: × | M44: ( | N44: 2.2 | Q44: ＋ | R44: 10 | U44: ) | V44: × | W44: 0.7
G46: ＋ | H46: =+R44 -> 10 | K46: × | L46: 2.1 | O46: ] | P46: × | Q46: 11.4 | T46: × | U46: 24.5 | X46: kN/m3 | Z46: / | AA46: =+R44 -> 10 | AD46: ＝ | AE46: =+ROUND((I44*(N44+R44)*W44+H46*L46)*Q46*U46/AA46,1) -> 705.8 | AH46: kN/m | AK46: =+AE46 -> 705.8 | AL46: =+AK46 -> 705.8
D48: 【慣性力算定用重量】
D50: wd6' | G50: ＝ | H50: =+AE46 -> 705.8 | K50: × | L50: ( | M50: 24.5 | P50: － | Q50: 18 | T50: ) | U50: / | V50: 24.5 | AD50: ＝ | AE50: =+ROUND(H50*(M50-Q50)/V50,1) -> 187.3 | AH50: kN/m
C54: 2) | D54: 上載土
D56: 上載土(4P左)
D58: wd7 | G58: ＝ | H58: ( | I58: 3.15 | L58: × | M58: 1.8 | P58: × | Q58: 10.4 | T58: × | U58: 2
H60: ＋ | I60: 0.5 | L60: × | M60: 3.05 | P60: × | Q60: 0.7 | T60: × | U60: =+Q58 -> 10.4 | X60: × | Y60: 2
H62: ＋ | I62: 1.7 | L62: × | M62: 1.8 | P62: × | Q62: 1.2 | T62: × | U62: 2 | V62: )
H64: × | I64: 18 | L64: kN/m3 | N64: / | O64: 8 | AD64: ＝ | AE64: =+ROUND((I58*M58*Q58*U58+I60*M60*Q60*U60*Y60+I62*M62*Q62*U62)*I64/O64,1) -> 331.8 | AH64: kN/m | AK64: =+AE64 -> 331.8 | AL64: =+AK64 -> 331.8
D66: 上載土(4P右)
D68: wd8 | G68: ＝ | H68: ( | I68: 4 | L68: × | M68: 2.8 | P68: × | Q68: 11.4 | T68: × | U68: 2
H70: ＋ | I70: 0.5 | L70: × | M70: 3.9 | P70: × | Q70: 0.7 | T70: × | U70: =+Q68 -> 11.4 | X70: × | Y70: 2
H72: ＋ | I72: 2 | L72: × | M72: 2.8 | P72: × | Q72: 1.7 | T72: × | U72: 2 | V72: )
H74: × | I74: 18 | L74: kN/m3 | N74: / | O74: 10 | AD74: ＝ | AE74: =+ROUND((I68*M68*Q68*U68+I70*M70*Q70*U70*Y70+I72*M72*Q72*U72)*I74/O74,1) -> 549.9 | AH74: kN/m | AK74: =+AE74 -> 549.9 | AL74: =+AK74 -> 549.9
C77: 3) | D77: 上部工反力
D79: 上部工反力の計算より
D81: 上部工(PC桁)
D83: Rd | G83: ＝ | H83: 9800 | K83: × | L83: 0.5 | O83: × | P83: 2 | AD83: ＝ | AE83: =+ROUND(H83*L83*P83,2) -> 9800 | AH83: kN | AK83: =+AE83 -> 9800
D85: 馬桁
D87: wd | G87: ＝ | H87: 4234.9 | K87: / | L87: 34.7 | AD87: ＝ | AE87: =+ROUNDUP(H87/L87,1) -> 122.1 | AH87: kN/m | AK87: =+AE87 -> 122.1 | AL87: =+AK87 -> 122.1
C91: (2) | D91: 死荷重地震(EQ) | J91: 【 耐震標準 5.3 】【 耐震照査の手引き 5.1.1 】
D93: 地震の影響として、 | J93: Kh | K93: ＝ | L93: 1 | N93: における慣性力を考慮する。
C95: 1) | D95: 自重
D97: 梁(4P左)
D99: hwd1 | G99: ＝ | H99: =+AE14 -> 497 | K99: × | L99: =+$L$93 -> 1 | AD99: ＝ | AE99: =+ROUNDUP(H99*L99,1) -> 497 | AH99: kN/m | AK99: =-AE99 -> -497 | AL99: =+AK99 -> -497
D101: 梁(4P右)
D103: hwd2 | G103: ＝ | H103: =+AE22 -> 613.4 | K103: × | L103: =+$L$93 -> 1 | AD103: ＝ | AE103: =+ROUNDUP(H103*L103,1) -> 613.4 | AH103: kN/m | AK103: =-AE103 -> -613.4 | AL103: =+AK103 -> -613.4
D105: 柱(4P左)
D107: hwd3 | G107: ＝ | H107: =+AE26 -> 333.2 | K107: × | L107: =+$L$93 -> 1 | AD107: ＝ | AE107: =+ROUNDUP(H107*L107,1) -> 333.2 | AH107: kN/m | AK107: =-AE107 -> -333.2 | AL107: =+AK107 -> -333.2
D109: 柱(4P右)
D111: hwd4 | G111: ＝ | H111: =+AE30 -> 392 | K111: × | L111: =+$L$93 -> 1 | AD111: ＝ | AE111: =+ROUNDUP(H111*L111,1) -> 392 | AH111: kN/m | AK111: =-AE111 -> -392 | AL111: =+AK111 -> -392
D113: フーチング(4P左)
D115: hwd5 | G115: ＝ | H115: =+AE40 -> 171.2 | K115: × | L115: =+$L$93 -> 1 | AD115: ＝ | AE115: =+ROUNDUP(H115*L115,1) -> 171.2 | AH115: kN/m | AK115: =+AE115 -> 171.2
D117: フーチング(4P右)
D119: hwd6 | G119: ＝ | H119: =+AE50 -> 187.3 | K119: × | L119: =+$L$93 -> 1 | AD119: ＝ | AE119: =+ROUNDUP(H119*L119,1) -> 187.3 | AH119: kN/m | AK119: =+AE119 -> 187.3
C122: 2) | D122: 上部工反力
D124: 上部工(PC桁)
D126: Hd | G126: ＝ | H126: =+AE83 -> 9800 | K126: × | L126: 0.5 | O126: × | P126: 2 | Q126: × | R126: =+$L$93 -> 1 | AD126: ＝ | AE126: =+ROUNDUP(H126*L126*P126*R126,1) -> 9800 | AH126: kN | AK126: =+AE126 -> 9800
D128: Md | G128: ＝ | H128: =+AE126 -> 9800 | K128: × | L128: 3.77 | AD128: ＝ | AE128: =+ROUND(H128*L128,1) -> 36946 | AH128: kN･m | AK128: =+AE128 -> 36946
D130: 馬桁
D132: hwd | G132: ＝ | H132: =+AE87 -> 122.1 | K132: × | L132: =+$L$93 -> 1 | AD132: ＝ | AE132: =+ROUNDUP(H132*L132,1) -> 122.1 | AH132: kN/m | AK132: =+AE132 -> 122.1

Sheet 4.荷重図
B2: 4.荷重図
D4: Case1 | G4: ρm＝1.0,αf＝1.0 右押し（→）
D8: Case2 | G8: ρm＝1.0,αf＝1.0 左押し（←）

Sheet 5.組合せ
B2: 5.組合せ
C4: (1) | D4: 基本荷重
C6: Case No. | F6: 符 号 | I6: 荷 重 名 称 | Q6: 備 考
C8: 1 | F8: D | I8: 死荷重
C10: =C8+1 -> 2 | F10: EQ | I10: 死荷重地震 | U10: ［左 → 右］ | Y10: Kh | Z10: ＝ | AA10: 1
C14: (2) | D14: 組合せケース
C16: Case | E16: 検 討 項 目 | N16: 1 | P16: =N16+1 -> 2 | R16: 荷重作用方向
N17: =F8 -> D | P17: =F10 -> EQ
C18: 1 | E18: 慣性力設計αf＝1.0，ρm＝1.0 | N18: 1 | P18: 1 | R18: 右押し(→)
C19: 2 | E19: 慣性力設計αf＝1.0，ρm＝1.0 | N19: 1 | P19: 1 | R19: 左押し(←)

Sheet 6.解析条件
B2: 6.解析条件
D4: 解析モデルを用いて静的非線形解析を行う。
D6: 解析手法 | I6: 解析手法は、慣性力分布に応じて荷重を増分する変位増分法による。
D8: 解析ステップ | I8: 解析ステップは、変位荷重増分量を１ステップ当りδ=1mmを目安に分割
I9: して設定する。

Sheet 7.解析結果
B2: 7.解析結果
D4: Case1 | G4: ρm＝1.0,αf＝1.0 右押し（→）
D8: Case2 | G8: ρm＝1.0,αf＝1.0 左押し（←）

Sheet 8.JRSNAP出力
B2: 8.JRSNAP 入力データ出力
D4: Case1 | G4: ρm＝1.0,αf＝1.0 右押し（→）
D6: 代表断面として、「Case1 ρm＝1.0,αf＝1.0 右押し（→）」の結果を以降に示す.

Sheet §4.財産図
A2: §4.財産図

Sheet 【印刷なし】初期せん断弾性波速度
B2: ※ | C2: 初期せん断弾性波速度 | K2: 【耐震標準 付属資料7-6】
J3: 砂質土 | M3: ： | N3: Ｖso | P3: ＝ | Q3: 80Ｎ1/3 | U3: （Ｎ≦50）
J4: 粘性土 | M4: ： | N4: Ｖso | P4: ＝ | Q4: 100Ｎ1/3 | U4: （2≦Ｎ≦50）
N5: Ｖso | P5: ＝ | Q5: 23ｑu0.36 | U5: （Ｎ＜2）
L6: Ｖso | N6: ： | O6: 初期せん断弾性波速度（m/s）
L7: Ｎ | N7: ： | O7: 標準貫入試験によるＮ値
L8: qu | N8: ： | O8: 一軸圧縮強さ（kN/m2）
G10: 土質 | J10: Ｎ値 | L10: ｑu | N10: Ｖso
G11: 区分 | N11: (m/s)
D12: 1 | G12: 砂質土 | J12: 7 | L12: -- | N12: 80 | P12: Ｎ1/3 | R12: =N12*J12^(1/3) -> 153.03449
D13: 2 | G13: 砂質土 | J13: 37 | L13: -- | N13: 80 | P13: Ｎ1/3 | R13: =N13*J13^(1/3) -> 266.57775
D14: 3 | G14: 粘性土 | J14: 8 | L14: -- | N14: 100 | P14: Ｎ1/3 | R14: =N14*J14^(1/3) -> 200
D15: 4 | G15: 砂質土 | J15: 32 | L15: -- | N15: 80 | P15: Ｎ1/3 | R15: =N15*J15^(1/3) -> 253.98417
D16: 5 | G16: 粘性土 | J16: 31 | L16: -- | N16: 100 | P16: Ｎ1/3 | R16: =N16*J16^(1/3) -> 314.13807
D17: 6 | G17: 砂質土 | J17: 48 | L17: -- | N17: 80 | P17: Ｎ1/3 | R17: =N17*J17^(1/3) -> 290.73929
D18: 7 | G18: 粘性土 | J18: 14 | L18: -- | N18: 100 | P18: Ｎ1/3 | R18: =N18*J18^(1/3) -> 241.01423
D20: 【耐震標準 解説表 7.3.2】
D21: 地盤の固有周期 | J21: 地盤種別 | O21: 備 考
D22: Ｔg（s）
D23: － | J23: Ｇ0 地盤 | O23: 岩 盤
D24: － | J24: Ｇ1 地盤 | O24: 基 盤
D25: ～ 0.25 | J25: Ｇ2 地盤 | O25: 洪積地盤など
D26: 0.25 ～ 0.50 | J26: Ｇ3 地盤 | O26: 普通地盤
D27: 0.50 ～ 0.75 | J27: Ｇ4 地盤 | O27: 普通～軟弱地盤
D28: 0.75 ～ 1.00 | J28: Ｇ5 地盤 | O28: 軟弱地盤
D29: 1.00 ～ 1.50 | J29: Ｇ6 地盤 | O29: 軟弱地盤
D30: 1.50 ～ | J30: Ｇ7 地盤 | O30: 極めて軟弱な地盤

Sheet A4
