Workbook

Sheet 変換結果
A1: 変換結果
A2: 計算確認・モデル未保存 2026-09-17T20:39:45.520468+09:00
A3: 青文字：原値 黄色：変換時の実入力（固定） 数式：再計算値。条件変更時はアプリから再実行してください。
A5: モデル: C:\Users\sasai\Documents\structural-design\test\今町橋りょう4P(C方向･右押し→).ndu
A6: 計算対象 207件 変更 0件 追加 0件 同値 207件 保留 0件
A7: 周面の抵抗0による除外: 12節点
A9: 部材の実入力
A10: 計算明細 | B10: KG | C10: 列 | D10: 部材 | E10: 上端節点 | F10: 下端節点 | G10: 水平ばね (kN/m²) | H10: 上端土圧 (kN/m) | I10: 下端土圧 (kN/m) | J10: NDU行
A11: 部材98 | B11: 4 | C11: 1 | D11: 98 | E11: 98 | F11: 99 | G11: 58812 | H11: 1162.9 | I11: 1307.5 | J11: 656
A12: 部材99 | B12: 4 | C12: 1 | D12: 99 | E12: 99 | F12: 100 | G12: 272086 | H12: 1989 | I12: 1989 | J12: 657
A13: 部材100 | B13: 4 | C13: 1 | D13: 100 | E13: 100 | F13: 101 | G13: 141501 | H13: 1826.6 | I13: 1826.6 | J13: 658
A14: 部材101 | B14: 4 | C14: 1 | D14: 101 | E14: 101 | F14: 102 | G14: 110708 | H14: 1755 | I14: 1755 | J14: 659
A15: 部材102 | B15: 4 | C15: 1 | D15: 102 | E15: 102 | F15: 103 | G15: 208029 | H15: 2158.6 | I15: 2158.6 | J15: 660
A16: 部材103 | B16: 4 | C16: 1 | D16: 103 | E16: 103 | F16: 104 | G16: 268854 | H16: 2472.8 | I16: 2673.7 | J16: 661
A17: 部材104 | B17: 4 | C17: 1 | D17: 104 | E17: 104 | F17: 105 | G17: 363440 | H17: 4642.1 | I17: 4642.1 | J17: 662
A18: 部材105 | B18: 4 | C18: 1 | D18: 105 | E18: 105 | F18: 106 | G18: 403280 | H18: 2980.8 | I18: 3190.7 | J18: 663
A19: 部材106 | B19: 4 | C19: 1 | D19: 106 | E19: 106 | F19: 107 | G19: 403280 | H19: 3190.7 | I19: 3400.6 | J19: 664
A20: 部材107 | B20: 4 | C20: 1 | D20: 107 | E20: 107 | F20: 108 | G20: 403280 | H20: 3400.6 | I20: 3610.5 | J20: 665
A21: 部材108 | B21: 4 | C21: 1 | D21: 108 | E21: 108 | F21: 109 | G21: 403280 | H21: 3610.5 | I21: 3820.5 | J21: 666
A22: 部材の実入力
A23: 計算明細 | B23: KG | C23: 列 | D23: 部材 | E23: 上端節点 | F23: 下端節点 | G23: 水平ばね (kN/m²) | H23: 上端土圧 (kN/m) | I23: 下端土圧 (kN/m) | J23: NDU行
A24: 部材109 | B24: 4 | C24: 1 | D24: 109 | E24: 109 | F24: 110 | G24: 403280 | H24: 3820.5 | I24: 4030.4 | J24: 667
A25: 部材110 | B25: 4 | C25: 1 | D25: 110 | E25: 110 | F25: 111 | G25: 403280 | H25: 4030.4 | I25: 4240.3 | J25: 668
A26: 部材111 | B26: 4 | C26: 1 | D26: 111 | E26: 111 | F26: 112 | G26: 403280 | H26: 4240.3 | I26: 4450.2 | J26: 669
A27: 部材112 | B27: 4 | C27: 1 | D27: 112 | E27: 112 | F27: 113 | G27: 225971 | H27: 3300.7 | I27: 3300.7 | J27: 670
A28: 部材113 | B28: 4 | C28: 1 | D28: 113 | E28: 113 | F28: 114 | G28: 193733 | H28: 3088.8 | I28: 3088.8 | J28: 671
A29: 部材114 | B29: 4 | C29: 1 | D29: 114 | E29: 114 | F29: 115 | G29: 193733 | H29: 3088.8 | I29: 3088.8 | J29: 672
A30: 部材115 | B30: 4 | C30: 1 | D30: 115 | E30: 115 | F30: 116 | G30: 193733 | H30: 3088.8 | I30: 3088.8 | J30: 673
A31: 部材116 | B31: 4 | C31: 1 | D31: 116 | E31: 116 | F31: 117 | G31: 193733 | H31: 3088.8 | I31: 3088.8 | J31: 674
A32: 部材117 | B32: 4 | C32: 1 | D32: 117 | E32: 117 | F32: 118 | G32: 193733 | H32: 3088.8 | I32: 3088.8 | J32: 675
A33: 部材118 | B33: 4 | C33: 1 | D33: 118 | E33: 118 | F33: 119 | G33: 193733 | H33: 3088.8 | I33: 3088.8 | J33: 676
A34: 部材119 | B34: 4 | C34: 1 | D34: 119 | E34: 119 | F34: 120 | G34: 193733 | H34: 3088.8 | I34: 3088.8 | J34: 677
A35: 部材120 | B35: 4 | C35: 1 | D35: 120 | E35: 120 | F35: 121 | G35: 193733 | H35: 3088.8 | I35: 3088.8 | J35: 678
... A38: 部材124 | B38: 5 | C38: 2 | D38: 124 | E38: 124 | F38: 125 | G38: 181391 | H38: 1719.1 | I38: 1719.1 | J38: 682
A39: 部材の実入力
A40: 計算明細 | B40: KG | C40: 列 | D40: 部材 | E40: 上端節点 | F40: 下端節点 | G40: 水平ばね (kN/m²) | H40: 上端土圧 (kN/m) | I40: 下端土圧 (kN/m) | J40: NDU行
A41: 部材125 | B41: 5 | C41: 2 | D41: 125 | E41: 125 | F41: 126 | G41: 94334 | H41: 1285.3 | I41: 1285.3 | J41: 683
A42: 部材126 | B42: 5 | C42: 2 | D42: 126 | E42: 126 | F42: 127 | G42: 73805 | H42: 1170 | I42: 1170 | J42: 684
A43: 部材127 | B43: 5 | C43: 2 | D43: 127 | E43: 127 | F43: 128 | G43: 138686 | H43: 1732.3 | I43: 1732.3 | J43: 685
A44: 部材128 | B44: 5 | C44: 2 | D44: 128 | E44: 128 | F44: 129 | G44: 179236 | H44: 2137.2 | I44: 2310.9 | J44: 686
A45: 部材129 | B45: 5 | C45: 2 | D45: 129 | E45: 129 | F45: 130 | G45: 242293 | H45: 3391.1 | I45: 3391.1 | J45: 687
A46: 部材130 | B46: 5 | C46: 2 | D46: 130 | E46: 130 | F46: 131 | G46: 268854 | H46: 2576.3 | I46: 2757.7 | J46: 688
A47: 部材131 | B47: 5 | C47: 2 | D47: 131 | E47: 131 | F47: 132 | G47: 268854 | H47: 2757.7 | I47: 2939.2 | J47: 689
A48: 部材132 | B48: 5 | C48: 2 | D48: 132 | E48: 132 | F48: 133 | G48: 268854 | H48: 2939.2 | I48: 3120.6 | J48: 690
A49: 部材133 | B49: 5 | C49: 2 | D49: 133 | E49: 133 | F49: 134 | G49: 268854 | H49: 3120.6 | I49: 3302 | J49: 691
A50: 部材134 | B50: 5 | C50: 2 | D50: 134 | E50: 134 | F50: 135 | G50: 268854 | H50: 3302 | I50: 3483.4 | J50: 692
A51: 部材135 | B51: 5 | C51: 2 | D51: 135 | E51: 135 | F51: 136 | G51: 268854 | H51: 3483.4 | I51: 3664.9 | J51: 693
A52: 部材136 | B52: 5 | C52: 2 | D52: 136 | E52: 136 | F52: 137 | G52: 268854 | H52: 3664.9 | I52: 3846.3 | J52: 694
... A55: 部材139 | B55: 5 | C55: 2 | D55: 139 | E55: 139 | F55: 140 | G55: 129155 | H55: 2059.2 | I55: 2059.2 | J55: 697
A56: 部材の実入力
A57: 計算明細 | B57: KG | C57: 列 | D57: 部材 | E57: 上端節点 | F57: 下端節点 | G57: 水平ばね (kN/m²) | H57: 上端土圧 (kN/m) | I57: 下端土圧 (kN/m) | J57: NDU行
A58: 部材140 | B58: 5 | C58: 2 | D58: 140 | E58: 140 | F58: 141 | G58: 129155 | H58: 2059.2 | I58: 2059.2 | J58: 698
A59: 部材141 | B59: 5 | C59: 2 | D59: 141 | E59: 141 | F59: 142 | G59: 129155 | H59: 2059.2 | I59: 2059.2 | J59: 699
A60: 部材142 | B60: 5 | C60: 2 | D60: 142 | E60: 142 | F60: 143 | G60: 129155 | H60: 2059.2 | I60: 2059.2 | J60: 700
A61: 部材143 | B61: 5 | C61: 2 | D61: 143 | E61: 143 | F61: 144 | G61: 129155 | H61: 2059.2 | I61: 2059.2 | J61: 701
A62: 部材144 | B62: 5 | C62: 2 | D62: 144 | E62: 144 | F62: 145 | G62: 129155 | H62: 2059.2 | I62: 2059.2 | J62: 702
A63: 部材145 | B63: 5 | C63: 2 | D63: 145 | E63: 145 | F63: 146 | G63: 129155 | H63: 2059.2 | I63: 2059.2 | J63: 703
A64: 部材146 | B64: 5 | C64: 2 | D64: 146 | E64: 146 | F64: 147 | G64: 129155 | H64: 2059.2 | I64: 2059.2 | J64: 704
A65: 部材148 | B65: 6 | C65: 3 | D65: 148 | E65: 148 | F65: 149 | G65: 58812 | H65: 2907.3 | I65: 3268.7 | J65: 706
A66: 部材149 | B66: 6 | C66: 3 | D66: 149 | E66: 149 | F66: 150 | G66: 272086 | H66: 4972.5 | I66: 4972.5 | J66: 707
A67: 部材150 | B67: 6 | C67: 3 | D67: 150 | E67: 150 | F67: 151 | G67: 141501 | H67: 2339.1 | I67: 2339.1 | J67: 708
A68: 部材151 | B68: 6 | C68: 3 | D68: 151 | E68: 151 | F68: 152 | G68: 110708 | H68: 1755 | I68: 1755 | J68: 709
A69: 部材152 | B69: 6 | C69: 3 | D69: 152 | E69: 152 | F69: 153 | G69: 208029 | H69: 4384.1 | I69: 4384.1 | J69: 710
... A72: 部材155 | B72: 6 | C72: 3 | D72: 155 | E72: 155 | F72: 156 | G72: 403280 | H72: 7451.9 | I72: 7976.7 | J72: 713
A73: 部材の実入力
A74: 計算明細 | B74: KG | C74: 列 | D74: 部材 | E74: 上端節点 | F74: 下端節点 | G74: 水平ばね (kN/m²) | H74: 上端土圧 (kN/m) | I74: 下端土圧 (kN/m) | J74: NDU行
A75: 部材156 | B75: 6 | C75: 3 | D75: 156 | E75: 156 | F75: 157 | G75: 403280 | H75: 7976.7 | I75: 8501.5 | J75: 714
A76: 部材157 | B76: 6 | C76: 3 | D76: 157 | E76: 157 | F76: 158 | G76: 403280 | H76: 8501.5 | I76: 9026.3 | J76: 715
A77: 部材158 | B77: 6 | C77: 3 | D77: 158 | E77: 158 | F77: 159 | G77: 403280 | H77: 9026.3 | I77: 9551.1 | J77: 716
A78: 部材159 | B78: 6 | C78: 3 | D78: 159 | E78: 159 | F78: 160 | G78: 403280 | H78: 9551.1 | I78: 10075.9 | J78: 717
A79: 部材160 | B79: 6 | C79: 3 | D79: 160 | E79: 160 | F79: 161 | G79: 403280 | H79: 10075.9 | I79: 10600.7 | J79: 718
A80: 部材161 | B80: 6 | C80: 3 | D80: 161 | E80: 161 | F80: 162 | G80: 403280 | H80: 10600.7 | I80: 11125.5 | J80: 719
A81: 部材162 | B81: 6 | C81: 3 | D81: 162 | E81: 162 | F81: 163 | G81: 225971 | H81: 4331.4 | I81: 4331.4 | J81: 720
A82: 部材163 | B82: 6 | C82: 3 | D82: 163 | E82: 163 | F82: 164 | G82: 193733 | H82: 3088.8 | I82: 3088.8 | J82: 721
A83: 部材164 | B83: 6 | C83: 3 | D83: 164 | E83: 164 | F83: 165 | G83: 193733 | H83: 3088.8 | I83: 3088.8 | J83: 722
A84: 部材165 | B84: 6 | C84: 3 | D84: 165 | E84: 165 | F84: 166 | G84: 193733 | H84: 3088.8 | I84: 3088.8 | J84: 723
A85: 部材166 | B85: 6 | C85: 3 | D85: 166 | E85: 166 | F85: 167 | G85: 193733 | H85: 3088.8 | I85: 3088.8 | J85: 724
A86: 部材167 | B86: 6 | C86: 3 | D86: 167 | E86: 167 | F86: 168 | G86: 193733 | H86: 3088.8 | I86: 3088.8 | J86: 725
... A89: 部材170 | B89: 6 | C89: 3 | D89: 170 | E89: 170 | F89: 171 | G89: 193733 | H89: 3088.8 | I89: 3088.8 | J89: 728
A90: 部材の実入力
A91: 計算明細 | B91: KG | C91: 列 | D91: 部材 | E91: 上端節点 | F91: 下端節点 | G91: 水平ばね (kN/m²) | H91: 上端土圧 (kN/m) | I91: 下端土圧 (kN/m) | J91: NDU行
A92: 部材171 | B92: 6 | C92: 3 | D92: 171 | E92: 171 | F92: 172 | G92: 193733 | H92: 3088.8 | I92: 3088.8 | J92: 729
A94: 節点ばねの実入力 (kN/m)
A95: 計算明細 | B95: KG | C95: 列 | D95: 節点 | E95: 支点項目 | F95: 方向 | G95: K1+ | H95: K2+ | I95: K3+ | J95: K1- | K95: K2- | L95: K3-
A96: 杭周面ばね | B96: 4 | C96: 1 | D96: 102 | E96: 1 | F96: Y | G96: 51629 | H96: 51629 | I96: 51629 | J96: 51629 | K96: 51629 | L96: 51629
A97: 杭周面ばね | B97: 4 | C97: 1 | D97: 103 | E97: 2 | F97: Y | G97: 145626 | H97: 145626 | I97: 145626 | J97: 145626 | K97: 145626 | L97: 145626
A98: 杭周面ばね | B98: 4 | C98: 1 | D98: 104 | E98: 3 | F98: Y | G98: 155634 | H98: 155634 | I98: 155634 | J98: 155634 | K98: 155634 | L98: 155634
A99: 杭周面ばね | B99: 4 | C99: 1 | D99: 105 | E99: 4 | F99: Y | G99: 223257 | H99: 223257 | I99: 223257 | J99: 223257 | K99: 223257 | L99: 223257
A100: 杭周面ばね | B100: 4 | C100: 1 | D100: 106 | E100: 5 | F100: Y | G100: 218438 | H100: 218438 | I100: 218438 | J100: 218438 | K100: 218438 | L100: 218438
A101: 杭周面ばね | B101: 4 | C101: 1 | D101: 107 | E101: 6 | F101: Y | G101: 218438 | H101: 218438 | I101: 218438 | J101: 218438 | K101: 218438 | L101: 218438
A102: 杭周面ばね | B102: 4 | C102: 1 | D102: 108 | E102: 7 | F102: Y | G102: 218438 | H102: 218438 | I102: 218438 | J102: 218438 | K102: 218438 | L102: 218438
A103: 杭周面ばね | B103: 4 | C103: 1 | D103: 109 | E103: 8 | F103: Y | G103: 218438 | H103: 218438 | I103: 218438 | J103: 218438 | K103: 218438 | L103: 218438
A104: 杭周面ばね | B104: 4 | C104: 1 | D104: 110 | E104: 9 | F104: Y | G104: 218438 | H104: 218438 | I104: 218438 | J104: 218438 | K104: 218438 | L104: 218438
A105: 杭周面ばね | B105: 4 | C105: 1 | D105: 111 | E105: 10 | F105: Y | G105: 218438 | H105: 218438 | I105: 218438 | J105: 218438 | K105: 218438 | L105: 218438
A106: 節点ばねの実入力 (kN/m)
A107: 計算明細 | B107: KG | C107: 列 | D107: 節点 | E107: 支点項目 | F107: 方向 | G107: K1+ | H107: K2+ | I107: K3+ | J107: K1- | K107: K2- | L107: K3-
A108: 杭周面ばね | B108: 4 | C108: 1 | D108: 112 | E108: 11 | F108: Y | G108: 179149 | H108: 179149 | I108: 179149 | J108: 179149 | K108: 179149 | L108: 179149
A109: 杭周面ばね | B109: 4 | C109: 1 | D109: 113 | E109: 12 | F109: Y | G109: 104936 | H109: 104936 | I109: 104936 | J109: 104936 | K109: 104936 | L109: 104936
A110: 杭周面ばね | B110: 4 | C110: 1 | D110: 114 | E110: 13 | F110: Y | G110: 104936 | H110: 104936 | I110: 104936 | J110: 104936 | K110: 104936 | L110: 104936
A111: 杭周面ばね | B111: 4 | C111: 1 | D111: 115 | E111: 14 | F111: Y | G111: 104936 | H111: 104936 | I111: 104936 | J111: 104936 | K111: 104936 | L111: 104936
...

Sheet 水平地盤ばね
A1: 水平地盤ばね | H1: 水平地盤ばね | O1: 水平地盤ばね
A2: 層番号 | B2: 層厚 (m) | C2: 水平地盤反力係数 Kh (kN/m²) | D2: 部材長 (m) | F2: 部材番号 | G2: 各部材の水平ばね定数 Kh (kN/m²) | H2: 層番号 | I2: 層厚 (m) | J2: 水平地盤反力係数 Kh (kN/m²) | K2: 部材長 (m) | M2: 部材番号 | N2: 各部材の水平ばね定数 Kh (kN/m²) | O2: 層番号 | P2: 層厚 (m) | Q2: 水平地盤反力係数 Kh (kN/m²) | R2: 部材長 (m) | T2: 部材番号 | U2: 各部材の水平ばね定数 Kh (kN/m²)
A3: 1 | B3: ='入力根拠'!G406 -> 1.5 | C3: ='入力根拠'!F36 -> 58812 | D3: ='入力根拠'!H434 -> 1.3 | F3: 98 | G3: =C3 -> 58812 | H3: 1 | I3: ='入力根拠'!G415 -> 1.5 | J3: ='入力根拠'!F45 -> 39208 | K3: ='入力根拠'!H462 -> 1.3 | M3: 123 | N3: =J3 -> 39208 | O3: 1 | P3: ='入力根拠'!G422 -> 1.5 | Q3: ='入力根拠'!F52 -> 58812 | R3: ='入力根拠'!H488 -> 1.3 | T3: 148 | U3: =Q3 -> 58812
C4: ='入力根拠'!F36 -> 58812 | D4: ='入力根拠'!H435 -> 1.3 | E4: =MAX(0,ROUND((MIN('入力根拠'!G435,'入力根拠'!F406)-MAX('入力根拠'!F435,'入力根拠'!E406)),4)) -> 0.2 | F4: 99 | G4: =(SUM((C4*E4),(C5*E5))/D4) -> 272085.92 | J4: ='入力根拠'!F45 -> 39208 | K4: ='入力根拠'!H463 -> 1.3 | L4: =MAX(0,ROUND((MIN('入力根拠'!G463,'入力根拠'!F415)-MAX('入力根拠'!F463,'入力根拠'!E415)),4)) -> 0.2 | M4: 124 | N4: =(SUM((J4*L4),(J5*L5))/K4) -> 181390.62 | Q4: ='入力根拠'!F52 -> 58812 | R4: ='入力根拠'!H489 -> 1.3 | S4: =MAX(0,ROUND((MIN('入力根拠'!G489,'入力根拠'!F422)-MAX('入力根拠'!F489,'入力根拠'!E422)),4)) -> 0.2 | T4: 149 | U4: =(SUM((Q4*S4),(Q5*S5))/R4) -> 272085.92
A5: 2 | B5: ='入力根拠'!G409 -> 1.3 | C5: ='入力根拠'!F39 -> 310863 | E5: =MAX(0,ROUND((MIN('入力根拠'!G435,'入力根拠'!F409)-MAX('入力根拠'!F435,'入力根拠'!E409)),4)) -> 1.1 | H5: 2 | I5: ='入力根拠'!G416 -> 1.3 | J5: ='入力根拠'!F46 -> 207242 | L5: =MAX(0,ROUND((MIN('入力根拠'!G463,'入力根拠'!F416)-MAX('入力根拠'!F463,'入力根拠'!E416)),4)) -> 1.1 | O5: 2 | P5: ='入力根拠'!G423 -> 1.3 | Q5: ='入力根拠'!F53 -> 310863 | S5: =MAX(0,ROUND((MIN('入力根拠'!G489,'入力根拠'!F423)-MAX('入力根拠'!F489,'入力根拠'!E423)),4)) -> 1.1
C6: ='入力根拠'!F39 -> 310863 | D6: ='入力根拠'!H436 -> 1.3 | E6: =MAX(0,ROUND((MIN('入力根拠'!G436,'入力根拠'!F409)-MAX('入力根拠'!F436,'入力根拠'!E409)),4)) -> 0.2 | F6: 100 | G6: =(SUM((C6*E6),(C7*E7))/D6) -> 141501.08 | J6: ='入力根拠'!F46 -> 207242 | K6: ='入力根拠'!H464 -> 1.3 | L6: =MAX(0,ROUND((MIN('入力根拠'!G464,'入力根拠'!F416)-MAX('入力根拠'!F464,'入力根拠'!E416)),4)) -> 0.2 | M6: 125 | N6: =(SUM((J6*L6),(J7*L7))/K6) -> 94333.769 | Q6: ='入力根拠'!F53 -> 310863 | R6: ='入力根拠'!H490 -> 1.3 | S6: =MAX(0,ROUND((MIN('入力根拠'!G490,'入力根拠'!F423)-MAX('入力根拠'!F490,'入力根拠'!E423)),4)) -> 0.2 | T6: 150 | U6: =(SUM((Q6*S6),(Q7*S7))/R6) -> 141501.08
A7: 3 | B7: ='入力根拠'!G410 -> 2.9 | C7: ='入力根拠'!F40 -> 110708 | E7: =MAX(0,ROUND((MIN('入力根拠'!G436,'入力根拠'!F410)-MAX('入力根拠'!F436,'入力根拠'!E410)),4)) -> 1.1 | H7: 3 | I7: ='入力根拠'!G417 -> 2.9 | J7: ='入力根拠'!F47 -> 73805 | L7: =MAX(0,ROUND((MIN('入力根拠'!G464,'入力根拠'!F417)-MAX('入力根拠'!F464,'入力根拠'!E417)),4)) -> 1.1 | O7: 3 | P7: ='入力根拠'!G426 -> 2.9 | Q7: ='入力根拠'!F56 -> 110708 | S7: =MAX(0,ROUND((MIN('入力根拠'!G490,'入力根拠'!F426)-MAX('入力根拠'!F490,'入力根拠'!E426)),4)) -> 1.1
C8: ='入力根拠'!F40 -> 110708 | D8: ='入力根拠'!H437 -> 1.3 | F8: 101 | G8: =C8 -> 110708 | J8: ='入力根拠'!F47 -> 73805 | K8: ='入力根拠'!H465 -> 1.3 | M8: 126 | N8: =J8 -> 73805 | Q8: ='入力根拠'!F56 -> 110708 | R8: ='入力根拠'!H493 -> 1.3 | T8: 151 | U8: =Q8 -> 110708
C9: ='入力根拠'!F40 -> 110708 | D9: ='入力根拠'!H438 -> 1.3 | E9: =MAX(0,ROUND((MIN('入力根拠'!G438,'入力根拠'!F410)-MAX('入力根拠'!F438,'入力根拠'!E410)),4)) -> 0.5 | F9: 102 | G9: =(SUM((C9*E9),(C10*E10))/D9) -> 208028.62 | J9: ='入力根拠'!F47 -> 73805 | K9: ='入力根拠'!H466 -> 1.3 | L9: =MAX(0,ROUND((MIN('入力根拠'!G466,'入力根拠'!F417)-MAX('入力根拠'!F466,'入力根拠'!E417)),4)) -> 0.5 | M9: 127 | N9: =(SUM((J9*L9),(J10*L10))/K9) -> 138685.62 | Q9: ='入力根拠'!F56 -> 110708 | R9: ='入力根拠'!H494 -> 1.3 | S9: =MAX(0,ROUND((MIN('入力根拠'!G494,'入力根拠'!F426)-MAX('入力根拠'!F494,'入力根拠'!E426)),4)) -> 0.5 | T9: 152 | U9: =(SUM((Q9*S9),(Q10*S10))/R9) -> 208028.62
A10: 4 | B10: ='入力根拠'!G411 -> 2.6 | C10: ='入力根拠'!F41 -> 268854 | E10: =MAX(0,ROUND((MIN('入力根拠'!G438,'入力根拠'!F411)-MAX('入力根拠'!F438,'入力根拠'!E411)),4)) -> 0.8 | H10: 4 | I10: ='入力根拠'!G418 -> 2.6 | J10: ='入力根拠'!F48 -> 179236 | L10: =MAX(0,ROUND((MIN('入力根拠'!G466,'入力根拠'!F418)-MAX('入力根拠'!F466,'入力根拠'!E418)),4)) -> 0.8 | O10: 4 | P10: ='入力根拠'!G427 -> 2.6 | Q10: ='入力根拠'!F57 -> 268854 | S10: =MAX(0,ROUND((MIN('入力根拠'!G494,'入力根拠'!F427)-MAX('入力根拠'!F494,'入力根拠'!E427)),4)) -> 0.8
C11: ='入力根拠'!F41 -> 268854 | D11: ='入力根拠'!H439 -> 1.3 | F11: 103 | G11: =C11 -> 268854 | J11: ='入力根拠'!F48 -> 179236 | K11: ='入力根拠'!H467 -> 1.3 | M11: 128 | N11: =J11 -> 179236 | Q11: ='入力根拠'!F57 -> 268854 | R11: ='入力根拠'!H495 -> 1.3 | T11: 153 | U11: =Q11 -> 268854
C12: ='入力根拠'!F41 -> 268854 | D12: ='入力根拠'!H442 -> 1.3 | E12: =MAX(0,ROUND((MIN('入力根拠'!G442,'入力根拠'!F411)-MAX('入力根拠'!F442,'入力根拠'!E411)),4)) -> 0.5 | F12: 104 | G12: =(SUM((C12*E12),(C13*E13),(C14*E14))/D12) -> 363439.69 | J12: ='入力根拠'!F48 -> 179236 | K12: ='入力根拠'!H468 -> 1.3 | L12: =MAX(0,ROUND((MIN('入力根拠'!G468,'入力根拠'!F418)-MAX('入力根拠'!F468,'入力根拠'!E418)),4)) -> 0.5 | M12: 129 | N12: =(SUM((J12*L12),(J13*L13),(J14*L14))/K12) -> 242293.08 | Q12: ='入力根拠'!F57 -> 268854 | R12: ='入力根拠'!H496 -> 1.3 | S12: =MAX(0,ROUND((MIN('入力根拠'!G496,'入力根拠'!F427)-MAX('入力根拠'!F496,'入力根拠'!E427)),4)) -> 0.5 | T12: 154 | U12: =(SUM((Q12*S12),(Q13*S13),(Q14*S14))/R12) -> 363439.69
A13: 5 | B13: ='入力根拠'!G412 -> 0.6 | C13: ='入力根拠'!F42 -> 428981 | E13: =MAX(0,ROUND((MIN('入力根拠'!G442,'入力根拠'!F412)-MAX('入力根拠'!F442,'入力根拠'!E412)),4)) -> 0.6 | H13: 5 | I13: ='入力根拠'!G419 -> 0.6 | J13: ='入力根拠'!F49 -> 285987 | L13: =MAX(0,ROUND((MIN('入力根拠'!G468,'入力根拠'!F419)-MAX('入力根拠'!F468,'入力根拠'!E419)),4)) -> 0.6 | O13: 5 | P13: ='入力根拠'!G428 -> 0.6 | Q13: ='入力根拠'!F58 -> 428981 | S13: =MAX(0,ROUND((MIN('入力根拠'!G496,'入力根拠'!F428)-MAX('入力根拠'!F496,'入力根拠'!E428)),4)) -> 0.6
A14: 6 | B14: ='入力根拠'!G413 -> 9.5 | C14: ='入力根拠'!F43 -> 403280 | E14: =MAX(0,ROUND((MIN('入力根拠'!G442,'入力根拠'!F413)-MAX('入力根拠'!F442,'入力根拠'!E413)),4)) -> 0.2 | H14: 6 | I14: ='入力根拠'!G420 -> 9.5 | J14: ='入力根拠'!F50 -> 268854 | L14: =MAX(0,ROUND((MIN('入力根拠'!G468,'入力根拠'!F420)-MAX('入力根拠'!F468,'入力根拠'!E420)),4)) -> 0.2 | O14: 6 | P14: ='入力根拠'!G429 -> 9.5 | Q14: ='入力根拠'!F59 -> 403280 | S14: =MAX(0,ROUND((MIN('入力根拠'!G496,'入力根拠'!F429)-MAX('入力根拠'!F496,'入力根拠'!E429)),4)) -> 0.2
C15: ='入力根拠'!F43 -> 403280 | D15: ='入力根拠'!H443 -> 1.3 | F15: 105 | G15: =C15 -> 403280 | J15: ='入力根拠'!F50 -> 268854 | K15: ='入力根拠'!H469 -> 1.3 | M15: 130 | N15: =J15 -> 268854 | Q15: ='入力根拠'!F59 -> 403280 | R15: ='入力根拠'!H497 -> 1.3 | T15: 155 | U15: =Q15 -> 403280
C16: ='入力根拠'!F43 -> 403280 | D16: ='入力根拠'!H444 -> 1.3 | F16: 106 | G16: =C16 -> 403280 | J16: ='入力根拠'!F50 -> 268854 | K16: ='入力根拠'!H470 -> 1.3 | M16: 131 | N16: =J16 -> 268854 | Q16: ='入力根拠'!F59 -> 403280 | R16: ='入力根拠'!H498 -> 1.3 | T16: 156 | U16: =Q16 -> 403280
C17: ='入力根拠'!F43 -> 403280 | D17: ='入力根拠'!H445 -> 1.3 | F17: 107 | G17: =C17 -> 403280 | J17: ='入力根拠'!F50 -> 268854 | K17: ='入力根拠'!H471 -> 1.3 | M17: 132 | N17: =J17 -> 268854 | Q17: ='入力根拠'!F59 -> 403280 | R17: ='入力根拠'!H499 -> 1.3 | T17: 157 | U17: =Q17 -> 403280
C18: ='入力根拠'!F43 -> 403280 | D18: ='入力根拠'!H446 -> 1.3 | F18: 108 | G18: =C18 -> 403280 | J18: ='入力根拠'!F50 -> 268854 | K18: ='入力根拠'!H472 -> 1.3 | M18: 133 | N18: =J18 -> 268854 | Q18: ='入力根拠'!F59 -> 403280 | R18: ='入力根拠'!H500 -> 1.3 | T18: 158 | U18: =Q18 -> 403280
C19: ='入力根拠'!F43 -> 403280 | D19: ='入力根拠'!H447 -> 1.3 | F19: 109 | G19: =C19 -> 403280 | J19: ='入力根拠'!F50 -> 268854 | K19: ='入力根拠'!H473 -> 1.3 | M19: 134 | N19: =J19 -> 268854 | Q19: ='入力根拠'!F59 -> 403280 | R19: ='入力根拠'!H501 -> 1.3 | T19: 159 | U19: =Q19 -> 403280
C20: ='入力根拠'!F43 -> 403280 | D20: ='入力根拠'!H448 -> 1.3 | F20: 110 | G20: =C20 -> 403280 | J20: ='入力根拠'!F50 -> 268854 | K20: ='入力根拠'!H476 -> 1.3 | M20: 135 | N20: =J20 -> 268854 | Q20: ='入力根拠'!F59 -> 403280 | R20: ='入力根拠'!H502 -> 1.3 | T20: 160 | U20: =Q20 -> 403280
C21: ='入力根拠'!F43 -> 403280 | D21: ='入力根拠'!H449 -> 1.3 | F21: 111 | G21: =C21 -> 403280 | J21: ='入力根拠'!F50 -> 268854 | K21: ='入力根拠'!H477 -> 1.3 | M21: 136 | N21: =J21 -> 268854 | Q21: ='入力根拠'!F59 -> 403280 | R21: ='入力根拠'!H503 -> 1.3 | T21: 161 | U21: =Q21 -> 403280
C22: ='入力根拠'!F43 -> 403280 | D22: ='入力根拠'!H450 -> 1.3 | E22: =MAX(0,ROUND((MIN('入力根拠'!G450,'入力根拠'!F413)-MAX('入力根拠'!F450,'入力根拠'!E413)),4)) -> 0.2 | F22: 112 | G22: =(SUM((C22*E22),(C23*E23))/D22) -> 225971 | J22: ='入力根拠'!F50 -> 268854 | K22: ='入力根拠'!H478 -> 1.3 | L22: =MAX(0,ROUND((MIN('入力根拠'!G478,'入力根拠'!F420)-MAX('入力根拠'!F478,'入力根拠'!E420)),4)) -> 0.2 | M22: 137 | N22: =(SUM((J22*L22),(J23*L23))/K22) -> 150647.15 | Q22: ='入力根拠'!F59 -> 403280 | R22: ='入力根拠'!H504 -> 1.3 | S22: =MAX(0,ROUND((MIN('入力根拠'!G504,'入力根拠'!F429)-MAX('入力根拠'!F504,'入力根拠'!E429)),4)) -> 0.2 | T22: 162 | U22: =(SUM((Q22*S22),(Q23*S23))/R22) -> 225971
A23: 7 | B23: ='入力根拠'!G414 -> 12.6 | C23: ='入力根拠'!F44 -> 193733 | E23: =MAX(0,ROUND((MIN('入力根拠'!G450,'入力根拠'!F414)-MAX('入力根拠'!F450,'入力根拠'!E414)),4)) -> 1.1 | H23: 7 | I23: ='入力根拠'!G421 -> 12.6 | J23: ='入力根拠'!F51 -> 129155 | L23: =MAX(0,ROUND((MIN('入力根拠'!G478,'入力根拠'!F421)-MAX('入力根拠'!F478,'入力根拠'!E421)),4)) -> 1.1 | O23: 7 | P23: ='入力根拠'!G430 -> 12.6 | Q23: ='入力根拠'!F60 -> 193733 | S23: =MAX(0,ROUND((MIN('入力根拠'!G504,'入力根拠'!F430)-MAX('入力根拠'!F504,'入力根拠'!E430)),4)) -> 1.1
C24: ='入力根拠'!F44 -> 193733 | D24: ='入力根拠'!H451 -> 1.3 | F24: 113 | G24: =C24 -> 193733 | J24: ='入力根拠'!F51 -> 129155 | K24: ='入力根拠'!H479 -> 1.3 | M24: 138 | N24: =J24 -> 129155 | Q24: ='入力根拠'!F60 -> 193733 | R24: ='入力根拠'!H505 -> 1.3 | T24: 163 | U24: =Q24 -> 193733
C25: ='入力根拠'!F44 -> 193733 | D25: ='入力根拠'!H452 -> 1.3 | F25: 114 | G25: =C25 -> 193733 | J25: ='入力根拠'!F51 -> 129155 | K25: ='入力根拠'!H480 -> 1.3 | M25: 139 | N25: =J25 -> 129155 | Q25: ='入力根拠'!F60 -> 193733 | R25: ='入力根拠'!H506 -> 1.3 | T25: 164 | U25: =Q25 -> 193733
C26: ='入力根拠'!F44 -> 193733 | D26: ='入力根拠'!H453 -> 1.3 | F26: 115 | G26: =C26 -> 193733 | J26: ='入力根拠'!F51 -> 129155 | K26: ='入力根拠'!H481 -> 1.3 | M26: 140 | N26: =J26 -> 129155 | Q26: ='入力根拠'!F60 -> 193733 | R26: ='入力根拠'!H507 -> 1.3 | T26: 165 | U26: =Q26 -> 193733
C27: ='入力根拠'!F44 -> 193733 | D27: ='入力根拠'!H454 -> 1.3 | F27: 116 | G27: =C27 -> 193733 | J27: ='入力根拠'!F51 -> 129155 | K27: ='入力根拠'!H482 -> 1.3 | M27: 141 | N27: =J27 -> 129155 | Q27: ='入力根拠'!F60 -> 193733 | R27: ='入力根拠'!H510 -> 1.3 | T27: 166 | U27: =Q27 -> 193733
C28: ='入力根拠'!F44 -> 193733 | D28: ='入力根拠'!H455 -> 1.3 | F28: 117 | G28: =C28 -> 193733 | J28: ='入力根拠'!F51 -> 129155 | K28: ='入力根拠'!H483 -> 1.3 | M28: 142 | N28: =J28 -> 129155 | Q28: ='入力根拠'!F60 -> 193733 | R28: ='入力根拠'!H511 -> 1.3 | T28: 167 | U28: =Q28 -> 193733
C29: ='入力根拠'!F44 -> 193733 | D29: ='入力根拠'!H456 -> 1.3 | F29: 118 | G29: =C29 -> 193733 | J29: ='入力根拠'!F51 -> 129155 | K29: ='入力根拠'!H484 -> 1.3 | M29: 143 | N29: =J29 -> 129155 | Q29: ='入力根拠'!F60 -> 193733 | R29: ='入力根拠'!H512 -> 1.3 | T29: 168 | U29: =Q29 -> 193733
C30: ='入力根拠'!F44 -> 193733 | D30: ='入力根拠'!H459 -> 1.3 | F30: 119 | G30: =C30 -> 193733 | J30: ='入力根拠'!F51 -> 129155 | K30: ='入力根拠'!H485 -> 1.3 | M30: 144 | N30: =J30 -> 129155 | Q30: ='入力根拠'!F60 -> 193733 | R30: ='入力根拠'!H513 -> 1.3 | T30: 169 | U30: =Q30 -> 193733
C31: ='入力根拠'!F44 -> 193733 | D31: ='入力根拠'!H460 -> 1.3 | F31: 120 | G31: =C31 -> 193733 | J31: ='入力根拠'!F51 -> 129155 | K31: ='入力根拠'!H486 -> 1.3 | M31: 145 | N31: =J31 -> 129155 | Q31: ='入力根拠'!F60 -> 193733 | R31: ='入力根拠'!H514 -> 1.3 | T31: 170 | U31: =Q31 -> 193733
C32: ='入力根拠'!F44 -> 193733 | D32: ='入力根拠'!H461 -> 1.1 | F32: 121 | G32: =C32 -> 193733 | J32: ='入力根拠'!F51 -> 129155 | K32: ='入力根拠'!H487 -> 1.1 | M32: 146 | N32: =J32 -> 129155 | Q32: ='入力根拠'!F60 -> 193733 | R32: ='入力根拠'!H515 -> 1.1 | T32: 171 | U32: =Q32 -> 193733
A33: Σ | B33: =SUM(B3,B5,B7,B10,B13,B14,B23) -> 31 | D33: =SUM(D3,D4,D6,D8,D9,D11,D12,D15,D16,D17,D18,D19,D20,D21,D22,D24,D25,D26,D27,D28,D29,D30,D31,D32) -> 31 | H33: Σ | I33: =SUM(I3,I5,I7,I10,I13,I14,I23) -> 31 | K33: =SUM(K3,K4,K6,K8,K9,K11,K12,K15,K16,K17,K18,K19,K20,K21,K22,K24,K25,K26,K27,K28,K29,K30,K31,K32) -> 31 | O33: Σ | P33: =SUM(P3,P5,P7,P10,P13,P14,P23) -> 31 | R33: =SUM(R3,R4,R6,R8,R9,R11,R12,R15,R16,R17,R18,R19,R20,R21,R22,R24,R25,R26,R27,R28,R29,R30,R31,R32) -> 31

Sheet 有効抵抗土圧
A1: 有効抵抗土圧
A2: 計算確認・モデル未保存 2026-09-17T20:39:45.520468+09:00
A3: 青文字：原値 黄色：変換時の実入力（固定） 数式：再計算値。条件変更時はアプリから再実行してください。
A6: 部材別の結果
A7: KG | B7: モデル列 | C7: 部材 | D7: 方法 | E7: 土圧列 | F7: 上端再計算 (kN/m) | G7: 上端実入力 (kN/m) | H7: 上端差 | I7: 下端再計算 (kN/m) | J7: 下端実入力 (kN/m) | K7: 下端差
A8: 4 | B8: 1 | C8: 98 | D8: 層内線形補間 | E8: 3 | F8: =ROUND(F277,1) -> 1162.9 | G8: 1162.9 | H8: =(F8-G8) -> 0 | I8: =ROUND(G277,1) -> 1307.5 | J8: 1307.5 | K8: =(I8-J8) -> 0
A9: 4 | B9: 1 | C9: 99 | D9: 積分平均 | E9: 3 | F9: =ROUND((SUM(I278,I279)/H92),1) -> 1989 | G9: 1989 | H9: =(F9-G9) -> 0 | I9: =ROUND((SUM(I278,I279)/H92),1) -> 1989 | J9: 1989 | K9: =(I9-J9) -> 0
A10: 4 | B10: 1 | C10: 100 | D10: 積分平均 | E10: 3 | F10: =ROUND((SUM(I280,I281)/H93),1) -> 1826.6 | G10: 1826.6 | H10: =(F10-G10) -> 0 | I10: =ROUND((SUM(I280,I281)/H93),1) -> 1826.6 | J10: 1826.6 | K10: =(I10-J10) -> 0
A11: 4 | B11: 1 | C11: 101 | D11: 層内線形補間 | E11: 3 | F11: =ROUND(F282,1) -> 1755 | G11: 1755 | H11: =(F11-G11) -> 0 | I11: =ROUND(G282,1) -> 1755 | J11: 1755 | K11: =(I11-J11) -> 0
A12: 4 | B12: 1 | C12: 102 | D12: 積分平均 | E12: 3 | F12: =ROUND((SUM(I283,I284)/H95),1) -> 2158.6 | G12: 2158.6 | H12: =(F12-G12) -> 0 | I12: =ROUND((SUM(I283,I284)/H95),1) -> 2158.6 | J12: 2158.6 | K12: =(I12-J12) -> 0
A13: 4 | B13: 1 | C13: 103 | D13: 層内線形補間 | E13: 3 | F13: =ROUND(F285,1) -> 2472.8 | G13: 2472.8 | H13: =(F13-G13) -> 0 | I13: =ROUND(G285,1) -> 2673.7 | J13: 2673.7 | K13: =(I13-J13) -> 0
A14: 4 | B14: 1 | C14: 104 | D14: 積分平均 | E14: 3 | F14: =ROUND((SUM(I286,I287,I288)/H97),1) -> 4642.1 | G14: 4642.1 | H14: =(F14-G14) -> 0 | I14: =ROUND((SUM(I286,I287,I288)/H97),1) -> 4642.1 | J14: 4642.1 | K14: =(I14-J14) -> 0
A15: 4 | B15: 1 | C15: 105 | D15: 層内線形補間 | E15: 3 | F15: =ROUND(F289,1) -> 2980.8 | G15: 2980.8 | H15: =(F15-G15) -> 0 | I15: =ROUND(G289,1) -> 3190.7 | J15: 3190.7 | K15: =(I15-J15) -> 0
A16: 4 | B16: 1 | C16: 106 | D16: 層内線形補間 | E16: 3 | F16: =ROUND(F290,1) -> 3190.7 | G16: 3190.7 | H16: =(F16-G16) -> 0 | I16: =ROUND(G290,1) -> 3400.6 | J16: 3400.6 | K16: =(I16-J16) -> 0
A17: 4 | B17: 1 | C17: 107 | D17: 層内線形補間 | E17: 3 | F17: =ROUND(F293,1) -> 3400.6 | G17: 3400.6 | H17: =(F17-G17) -> 0 | I17: =ROUND(G293,1) -> 3610.5 | J17: 3610.5 | K17: =(I17-J17) -> 0
A18: 4 | B18: 1 | C18: 108 | D18: 層内線形補間 | E18: 3 | F18: =ROUND(F294,1) -> 3610.5 | G18: 3610.5 | H18: =(F18-G18) -> 0 | I18: =ROUND(G294,1) -> 3820.5 | J18: 3820.5 | K18: =(I18-J18) -> 0
A19: 4 | B19: 1 | C19: 109 | D19: 層内線形補間 | E19: 3 | F19: =ROUND(F295,1) -> 3820.5 | G19: 3820.5 | H19: =(F19-G19) -> 0 | I19: =ROUND(G295,1) -> 4030.4 | J19: 4030.4 | K19: =(I19-J19) -> 0
A20: 4 | B20: 1 | C20: 110 | D20: 層内線形補間 | E20: 3 | F20: =ROUND(F296,1) -> 4030.4 | G20: 4030.4 | H20: =(F20-G20) -> 0 | I20: =ROUND(G296,1) -> 4240.3 | J20: 4240.3 | K20: =(I20-J20) -> 0
A21: 4 | B21: 1 | C21: 111 | D21: 層内線形補間 | E21: 3 | F21: =ROUND(F297,1) -> 4240.3 | G21: 4240.3 | H21: =(F21-G21) -> 0 | I21: =ROUND(G297,1) -> 4450.2 | J21: 4450.2 | K21: =(I21-J21) -> 0
A22: 部材別の結果
A23: KG | B23: モデル列 | C23: 部材 | D23: 方法 | E23: 土圧列 | F23: 上端再計算 (kN/m) | G23: 上端実入力 (kN/m) | H23: 上端差 | I23: 下端再計算 (kN/m) | J23: 下端実入力 (kN/m) | K23: 下端差
A24: 4 | B24: 1 | C24: 112 | D24: 積分平均 | E24: 3 | F24: =ROUND((SUM(I298,I299)/H105),1) -> 3300.7 | G24: 3300.7 | H24: =(F24-G24) -> 0 | I24: =ROUND((SUM(I298,I299)/H105),1) -> 3300.7 | J24: 3300.7 | K24: =(I24-J24) -> 0
A25: 4 | B25: 1 | C25: 113 | D25: 層内線形補間 | E25: 3 | F25: =ROUND(F300,1) -> 3088.8 | G25: 3088.8 | H25: =(F25-G25) -> 0 | I25: =ROUND(G300,1) -> 3088.8 | J25: 3088.8 | K25: =(I25-J25) -> 0
A26: 4 | B26: 1 | C26: 114 | D26: 層内線形補間 | E26: 3 | F26: =ROUND(F301,1) -> 3088.8 | G26: 3088.8 | H26: =(F26-G26) -> 0 | I26: =ROUND(G301,1) -> 3088.8 | J26: 3088.8 | K26: =(I26-J26) -> 0
A27: 4 | B27: 1 | C27: 115 | D27: 層内線形補間 | E27: 3 | F27: =ROUND(F302,1) -> 3088.8 | G27: 3088.8 | H27: =(F27-G27) -> 0 | I27: =ROUND(G302,1) -> 3088.8 | J27: 3088.8 | K27: =(I27-J27) -> 0
A28: 4 | B28: 1 | C28: 116 | D28: 層内線形補間 | E28: 3 | F28: =ROUND(F303,1) -> 3088.8 | G28: 3088.8 | H28: =(F28-G28) -> 0 | I28: =ROUND(G303,1) -> 3088.8 | J28: 3088.8 | K28: =(I28-J28) -> 0
A29: 4 | B29: 1 | C29: 117 | D29: 層内線形補間 | E29: 3 | F29: =ROUND(F304,1) -> 3088.8 | G29: 3088.8 | H29: =(F29-G29) -> 0 | I29: =ROUND(G304,1) -> 3088.8 | J29: 3088.8 | K29: =(I29-J29) -> 0
A30: 4 | B30: 1 | C30: 118 | D30: 層内線形補間 | E30: 3 | F30: =ROUND(F305,1) -> 3088.8 | G30: 3088.8 | H30: =(F30-G30) -> 0 | I30: =ROUND(G305,1) -> 3088.8 | J30: 3088.8 | K30: =(I30-J30) -> 0
A31: 4 | B31: 1 | C31: 119 | D31: 層内線形補間 | E31: 3 | F31: =ROUND(F306,1) -> 3088.8 | G31: 3088.8 | H31: =(F31-G31) -> 0 | I31: =ROUND(G306,1) -> 3088.8 | J31: 3088.8 | K31: =(I31-J31) -> 0
A32: 4 | B32: 1 | C32: 120 | D32: 層内線形補間 | E32: 3 | F32: =ROUND(F307,1) -> 3088.8 | G32: 3088.8 | H32: =(F32-G32) -> 0 | I32: =ROUND(G307,1) -> 3088.8 | J32: 3088.8 | K32: =(I32-J32) -> 0
A33: 4 | B33: 1 | C33: 121 | D33: 層内線形補間 | E33: 3 | F33: =ROUND(F310,1) -> 3088.8 | G33: 3088.8 | H33: =(F33-G33) -> 0 | I33: =ROUND(G310,1) -> 3088.8 | J33: 3088.8 | K33: =(I33-J33) -> 0
A34: 5 | B34: 2 | C34: 123 | D34: 層内線形補間 | E34: 2 | F34: =ROUND(F311,1) -> 1005.1 | G34: 1005.1 | H34: =(F34-G34) -> 0 | I34: =ROUND(G311,1) -> 1130.1 | J34: 1130.1 | K34: =(I34-J34) -> 0
A35: 5 | B35: 2 | C35: 124 | D35: 積分平均 | E35: 2 | F35: =ROUND((SUM(I312,I313)/H118),1) -> 1719.1 | G35: 1719.1 | H35: =(F35-G35) -> 0 | I35: =ROUND((SUM(I312,I313)/H118),1) -> 1719.1 | J35: 1719.1 | K35: =(I35-J35) -> 0
A36: 5 | B36: 2 | C36: 125 | D36: 積分平均 | E36: 2 | F36: =ROUND((SUM(I314,I315)/H119),1) -> 1285.3 | G36: 1285.3 | H36: =(F36-G36) -> 0 | I36: =ROUND((SUM(I314,I315)/H119),1) -> 1285.3 | J36: 1285.3 | K36: =(I36-J36) -> 0
A37: 5 | B37: 2 | C37: 126 | D37: 層内線形補間 | E37: 2 | F37: =ROUND(F316,1) -> 1170 | G37: 1170 | H37: =(F37-G37) -> 0 | I37: =ROUND(G316,1) -> 1170 | J37: 1170 | K37: =(I37-J37) -> 0
A38: 5 | B38: 2 | C38: 127 | D38: 積分平均 | E38: 2 | F38: =ROUND((SUM(I317,I318)/H121),1) -> 1732.3 | G38: 1732.3 | H38: =(F38-G38) -> 0 | I38: =ROUND((SUM(I317,I318)/H121),1) -> 1732.3 | J38: 1732.3 | K38: =(I38-J38) -> 0
A39: 部材別の結果
A40: KG | B40: モデル列 | C40: 部材 | D40: 方法 | E40: 土圧列 | F40: 上端再計算 (kN/m) | G40: 上端実入力 (kN/m) | H40: 上端差 | I40: 下端再計算 (kN/m) | J40: 下端実入力 (kN/m) | K40: 下端差
A41: 5 | B41: 2 | C41: 128 | D41: 層内線形補間 | E41: 2 | F41: =ROUND(F319,1) -> 2137.2 | G41: 2137.2 | H41: =(F41-G41) -> 0 | I41: =ROUND(G319,1) -> 2310.9 | J41: 2310.9 | K41: =(I41-J41) -> 0
A42: 5 | B42: 2 | C42: 129 | D42: 積分平均 | E42: 2 | F42: =ROUND((SUM(I320,I321,I322)/H125),1) -> 3391.1 | G42: 3391.1 | H42: =(F42-G42) -> 0 | I42: =ROUND((SUM(I320,I321,I322)/H125),1) -> 3391.1 | J42: 3391.1 | K42: =(I42-J42) -> 0
A43: 5 | B43: 2 | C43: 130 | D43: 層内線形補間 | E43: 2 | F43: =ROUND(F323,1) -> 2576.3 | G43: 2576.3 | H43: =(F43-G43) -> 0 | I43: =ROUND(G323,1) -> 2757.7 | J43: 2757.7 | K43: =(I43-J43) -> 0
A44: 5 | B44: 2 | C44: 131 | D44: 層内線形補間 | E44: 2 | F44: =ROUND(F324,1) -> 2757.7 | G44: 2757.7 | H44: =(F44-G44) -> 0 | I44: =ROUND(G324,1) -> 2939.2 | J44: 2939.2 | K44: =(I44-J44) -> 0
A45: 5 | B45: 2 | C45: 132 | D45: 層内線形補間 | E45: 2 | F45: =ROUND(F327,1) -> 2939.2 | G45: 2939.2 | H45: =(F45-G45) -> 0 | I45: =ROUND(G327,1) -> 3120.6 | J45: 3120.6 | K45: =(I45-J45) -> 0
A46: 5 | B46: 2 | C46: 133 | D46: 層内線形補間 | E46: 2 | F46: =ROUND(F328,1) -> 3120.6 | G46: 3120.6 | H46: =(F46-G46) -> 0 | I46: =ROUND(G328,1) -> 3302 | J46: 3302 | K46: =(I46-J46) -> 0
A47: 5 | B47: 2 | C47: 134 | D47: 層内線形補間 | E47: 2 | F47: =ROUND(F329,1) -> 3302 | G47: 3302 | H47: =(F47-G47) -> 0 | I47: =ROUND(G329,1) -> 3483.4 | J47: 3483.4 | K47: =(I47-J47) -> 0
A48: 5 | B48: 2 | C48: 135 | D48: 層内線形補間 | E48: 2 | F48: =ROUND(F330,1) -> 3483.4 | G48: 3483.4 | H48: =(F48-G48) -> 0 | I48: =ROUND(G330,1) -> 3664.9 | J48: 3664.9 | K48: =(I48-J48) -> 0
A49: 5 | B49: 2 | C49: 136 | D49: 層内線形補間 | E49: 2 | F49: =ROUND(F331,1) -> 3664.9 | G49: 3664.9 | H49: =(F49-G49) -> 0 | I49: =ROUND(G331,1) -> 3846.3 | J49: 3846.3 | K49: =(I49-J49) -> 0
A50: 5 | B50: 2 | C50: 137 | D50: 積分平均 | E50: 2 | F50: =ROUND((SUM(I332,I333)/H133),1) -> 2336.3 | G50: 2336.3 | H50: =(F50-G50) -> 0 | I50: =ROUND((SUM(I332,I333)/H133),1) -> 2336.3 | J50: 2336.3 | K50: =(I50-J50) -> 0
A51: 5 | B51: 2 | C51: 138 | D51: 層内線形補間 | E51: 2 | F51: =ROUND(F334,1) -> 2059.2 | G51: 2059.2 | H51: =(F51-G51) -> 0 | I51: =ROUND(G334,1) -> 2059.2 | J51: 2059.2 | K51: =(I51-J51) -> 0
A52: 5 | B52: 2 | C52: 139 | D52: 層内線形補間 | E52: 2 | F52: =ROUND(F335,1) -> 2059.2 | G52: 2059.2 | H52: =(F52-G52) -> 0 | I52: =ROUND(G335,1) -> 2059.2 | J52: 2059.2 | K52: =(I52-J52) -> 0
A53: 5 | B53: 2 | C53: 140 | D53: 層内線形補間 | E53: 2 | F53: =ROUND(F336,1) -> 2059.2 | G53: 2059.2 | H53: =(F53-G53) -> 0 | I53: =ROUND(G336,1) -> 2059.2 | J53: 2059.2 | K53: =(I53-J53) -> 0
A54: 5 | B54: 2 | C54: 141 | D54: 層内線形補間 | E54: 2 | F54: =ROUND(F337,1) -> 2059.2 | G54: 2059.2 | H54: =(F54-G54) -> 0 | I54: =ROUND(G337,1) -> 2059.2 | J54: 2059.2 | K54: =(I54-J54) -> 0
A55: 5 | B55: 2 | C55: 142 | D55: 層内線形補間 | E55: 2 | F55: =ROUND(F338,1) -> 2059.2 | G55: 2059.2 | H55: =(F55-G55) -> 0 | I55: =ROUND(G338,1) -> 2059.2 | J55: 2059.2 | K55: =(I55-J55) -> 0
A56: 部材別の結果
A57: KG | B57: モデル列 | C57: 部材 | D57: 方法 | E57: 土圧列 | F57: 上端再計算 (kN/m) | G57: 上端実入力 (kN/m) | H57: 上端差 | I57: 下端再計算 (kN/m) | J57: 下端実入力 (kN/m) | K57: 下端差
A58: 5 | B58: 2 | C58: 143 | D58: 層内線形補間 | E58: 2 | F58: =ROUND(F339,1) -> 2059.2 | G58: 2059.2 | H58: =(F58-G58) -> 0 | I58: =ROUND(G339,1) -> 2059.2 | J58: 2059.2 | K58: =(I58-J58) -> 0
A59: 5 | B59: 2 | C59: 144 | D59: 層内線形補間 | E59: 2 | F59: =ROUND(F340,1) -> 2059.2 | G59: 2059.2 | H59: =(F59-G59) -> 0 | I59: =ROUND(G340,1) -> 2059.2 | J59: 2059.2 | K59: =(I59-J59) -> 0
A60: 5 | B60: 2 | C60: 145 | D60: 層内線形補間 | E60: 2 | F60: =ROUND(F341,1) -> 2059.2 | G60: 2059.2 | H60: =(F60-G60) -> 0 | I60: =ROUND(G341,1) -> 2059.2 | J60: 2059.2 | K60: =(I60-J60) -> 0
A61: 5 | B61: 2 | C61: 146 | D61: 層内線形補間 | E61: 2 | F61: =ROUND(F344,1) -> 2059.2 | G61: 2059.2 | H61: =(F61-G61) -> 0 | I61: =ROUND(G344,1) -> 2059.2 | J61: 2059.2 | K61: =(I61-J61) -> 0
A62: 6 | B62: 3 | C62: 148 | D62: 層内線形補間 | E62: 1 | F62: =ROUND(F345,1) -> 2907.3 | G62: 2907.3 | H62: =(F62-G62) -> 0 | I62: =ROUND(G345,1) -> 3268.7 | J62: 3268.7 | K62: =(I62-J62) -> 0
A63: 6 | B63: 3 | C63: 149 | D63: 積分平均 | E63: 1 | F63: =ROUND((SUM(I346,I347)/H146),1) -> 4972.5 | G63: 4972.5 | H63: =(F63-G63) -> 0 | I63: =ROUND((SUM(I346,I347)/H146),1) -> 4972.5 | J63: 4972.5 | K63: =(I63-J63) -> 0
A64: 6 | B64: 3 | C64: 150 | D64: 積分平均 | E64: 1 | F64: =ROUND((SUM(I348,I349)/H147),1) -> 2339.1 | G64: 2339.1 | H64: =(F64-G64) -> 0 | I64: =ROUND((SUM(I348,I349)/H147),1) -> 2339.1 | J64: 2339.1 | K64: =(I64-J64) -> 0
A65: 6 | B65: 3 | C65: 151 | D65: 層内線形補間 | E65: 1 | F65: =ROUND(F350,1) -> 1755 | G65: 1755 | H65: =(F65-G65) -> 0 | I65: =ROUND(G350,1) -> 1755 | J65: 1755 | K65: =(I65-J65) -> 0
A66: 6 | B66: 3 | C66: 152 | D66: 積分平均 | E66: 1 | F66: =ROUND((SUM(I351,I352)/H149),1) -> 4384.1 | G66: 4384.1 | H66: =(F66-G66) -> 0 | I66: =ROUND((SUM(I351,I352)/H149),1) -> 4384.1 | J66: 4384.1 | K66: =(I66-J66) -> 0
A67: 6 | B67: 3 | C67: 153 | D67: 層内線形補間 | E67: 1 | F67: =ROUND(F353,1) -> 6181.8 | G67: 6181.8 | H67: =(F67-G67) -> 0 | I67: =ROUND(G353,1) -> 6684.3 | J67: 6684.3 | K67: =(I67-J67) -> 0
A68: 6 | B68: 3 | C68: 154 | D68: 積分平均 | E68: 1 | F68: =ROUND((SUM(I354,I355,I356)/H151),1) -> 6891.1 | G68: 6891.1 | H68: =(F68-G68) -> 0 | I68: =ROUND((SUM(I354,I355,I356)/H151),1) -> 6891.1 | J68: 6891.1 | K68: =(I68-J68) -> 0
A69: 6 | B69: 3 | C69: 155 | D69: 層内線形補間 | E69: 1 | F69: =ROUND(F357,1) -> 7451.9 | G69: 7451.9 | H69: =(F69-G69) -> 0 | I69: =ROUND(G357,1) -> 7976.7 | J69: 7976.7 | K69: =(I69-J69) -> 0
A70: 6 | B70: 3 | C70: 156 | D70: 層内線形補間 | E70: 1 | F70: =ROUND(F358,1) -> 7976.7 | G70: 7976.7 | H70: =(F70-G70) -> 0 | I70: =ROUND(G358,1) -> 8501.5 | J70: 8501.5 | K70: =(I70-J70) -> 0
A71: 6 | B71: 3 | C71: 157 | D71: 層内線形補間 | E71: 1 | F71: =ROUND(F361,1) -> 8501.5 | G71: 8501.5 | H71: =(F71-G71) -> 0 | I71: =ROUND(G361,1) -> 9026.3 | J71: 9026.3 | K71: =(I71-J71) -> 0
A72: 6 | B72: 3 | C72: 158 | D72: 層内線形補間 | E72: 1 | F72: =ROUND(F362,1) -> 9026.3 | G72: 9026.3 | H72: =(F72-G72) -> 0 | I72: =ROUND(G362,1) -> 9551.1 | J72: 9551.1 | K72: =(I72-J72) -> 0
A73: 部材別の結果
A74: KG | B74: モデル列 | C74: 部材 | D74: 方法 | E74: 土圧列 | F74: 上端再計算 (kN/m) | G74: 上端実入力 (kN/m) | H74: 上端差 | I74: 下端再計算 (kN/m) | J74: 下端実入力 (kN/m) | K74: 下端差
A75: 6 | B75: 3 | C75: 159 | D75: 層内線形補間 | E75: 1 | F75: =ROUND(F363,1) -> 9551.1 | G75: 9551.1 | H75: =(F75-G75) -> 0 | I75: =ROUND(G363,1) -> 10075.9 | J75: 10075.9 | K75: =(I75-J75) -> 0
A76: 6 | B76: 3 | C76: 160 | D76: 層内線形補間 | E76: 1 | F76: =ROUND(F364,1) -> 10075.9 | G76: 10075.9 | H76: =(F76-G76) -> 0 | I76: =ROUND(G364,1) -> 10600.7 | J76: 10600.7 | K76: =(I76-J76) -> 0
A77: 6 | B77: 3 | C77: 161 | D77: 層内線形補間 | E77: 1 | F77: =ROUND(F365,1) -> 10600.7 | G77: 10600.7 | H77: =(F77-G77) -> 0 | I77: =ROUND(G365,1) -> 11125.5 | J77: 11125.5 | K77: =(I77-J77) -> 0
A78: 6 | B78: 3 | C78: 162 | D78: 積分平均 | E78: 1 | F78: =ROUND((SUM(I366,I367)/H161),1) -> 4331.4 | G78: 4331.4 | H78: =(F78-G78) -> 0 | I78: =ROUND((SUM(I366,I367)/H161),1) -> 4331.4 | J78: 4331.4 | K78: =(I78-J78) -> 0
A79: 6 | B79: 3 | C79: 163 | D79: 層内線形補間 | E79: 1 | F79: =ROUND(F368,1) -> 3088.8 | G79: 3088.8 | H79: =(F79-G79) -> 0 | I79: =ROUND(G368,1) -> 3088.8 | J79: 3088.8 | K79: =(I79-J79) -> 0
A80: 6 | B80: 3 | C80: 164 | D80: 層内線形補間 | E80: 1 | F80: =ROUND(F369,1) -> 3088.8 | G80: 3088.8 | H80: =(F80-G80) -> 0 | I80: =ROUND(G369,1) -> 3088.8 | J80: 3088.8 | K80: =(I80-J80) -> 0
A81: 6 | B81: 3 | C81: 165 | D81: 層内線形補間 | E81: 1 | F81: =ROUND(F370,1) -> 3088.8 | G81: 3088.8 | H81: =(F81-G81) -> 0 | I81: =ROUND(G370,1) -> 3088.8 | J81: 3088.8 | K81: =(I81-J81) -> 0
A82: 6 | B82: 3 | C82: 166 | D82: 層内線形補間 | E82: 1 | F82: =ROUND(F371,1) -> 3088.8 | G82: 3088.8 | H82: =(F82-G82) -> 0 | I82: =ROUND(G371,1) -> 3088.8 | J82: 3088.8 | K82: =(I82-J82) -> 0
A83: 6 | B83: 3 | C83: 167 | D83: 層内線形補間 | E83: 1 | F83: =ROUND(F372,1) -> 3088.8 | G83: 3088.8 | H83: =(F83-G83) -> 0 | I83: =ROUND(G372,1) -> 3088.8 | J83: 3088.8 | K83: =(I83-J83) -> 0
A84: 6 | B84: 3 | C84: 168 | D84: 層内線形補間 | E84: 1 | F84: =ROUND(F373,1) -> 3088.8 | G84: 3088.8 | H84: =(F84-G84) -> 0 | I84: =ROUND(G373,1) -> 3088.8 | J84: 3088.8 | K84: =(I84-J84) -> 0
A85: 6 | B85: 3 | C85: 169 | D85: 層内線形補間 | E85: 1 | F85: =ROUND(F374,1) -> 3088.8 | G85: 3088.8 | H85: =(F85-G85) -> 0 | I85: =ROUND(G374,1) -> 3088.8 | J85: 3088.8 | K85: =(I85-J85) -> 0
A86: 6 | B86: 3 | C86: 170 | D86: 層内線形補間 | E86: 1 | F86: =ROUND(F375,1) -> 3088.8 | G86: 3088.8 | H86: =(F86-G86) -> 0 | I86: =ROUND(G375,1) -> 3088.8 | J86: 3088.8 | K86: =(I86-J86) -> 0
A87: 6 | B87: 3 | C87: 171 | D87: 層内線形補間 | E87: 1 | F87: =ROUND(F378,1) -> 3088.8 | G87: 3088.8 | H87: =(F87-G87) -> 0 | I87: =ROUND(G378,1) -> 3088.8 | J87: 3088.8 | K87: =(I87-J87) -> 0
A89: 部材の幾何
A90: KG | B90: 列 | C90: 部材 | D90: 上端節点 | E90: 下端節点 | F90: 上端深さ (m) | G90: 下端深さ (m) | H90: 部材長 (m)
A91: 4 | B91: 1 | C91: 98 | D91: 98 | E91: 99 | F91: 0 | G91: 1.3 | H91: =ROUND((G91-F91),4) -> 1.3
A92: 4 | B92: 1 | C92: 99 | D92: 99 | E92: 100 | F92: 1.3 | G92: 2.6 | H92: =ROUND((G92-F92),4) -> 1.3
A93: 4 | B93: 1 | C93: 100 | D93: 100 | E93: 101 | F93: 2.6 | G93: 3.9 | H93: =ROUND((G93-F93),4) -> 1.3
A94: 4 | B94: 1 | C94: 101 | D94: 101 | E94: 102 | F94: 3.9 | G94: 5.2 | H94: =ROUND((G94-F94),4) -> 1.3
A95: 4 | B95: 1 | C95: 102 | D95: 102 | E95: 103 | F95: 5.2 | G95: 6.5 | H95: =ROUND((G95-F95),4) -> 1.3
A96: 4 | B96: 1 | C96: 103 | D96: 103 | E96: 104 | F96: 6.5 | G96: 7.8 | H96: =ROUND((G96-F96),4) -> 1.3
A97: 4 | B97: 1 | C97: 104 | D97: 104 | E97: 105 | F97: 7.8 | G97: 9.1 | H97: =ROUND((G97-F97),4) -> 1.3
A98: 4 | B98: 1 | C98: 105 | D98: 105 | E98: 106 | F98: 9.1 | G98: 10.4 | H98: =ROUND((G98-F98),4) -> 1.3
A99: 4 | B99: 1 | C99: 106 | D99: 106 | E99: 107 | F99: 10.4 | G99: 11.7 | H99: =ROUND((G99-F99),4) -> 1.3
A100: 4 | B100: 1 | C100: 107 | D100: 107 | E100: 108 | F100: 11.7 | G100: 13 | H100: =ROUND((G100-F100),4) -> 1.3
A101: 4 | B101: 1 | C101: 108 | D101: 108 | E101: 109 | F101: 13 | G101: 14.3 | H101: =ROUND((G101-F101),4) -> 1.3
A102: 4 | B102: 1 | C102: 109 | D102: 109 | E102: 110 | F102: 14.3 | G102: 15.6 | H102: =ROUND((G102-F102),4) -> 1.3
... A105: 4 | B105: 1 | C105: 112 | D105: 112 | E105: 113 | F105: 18.2 | G105: 19.5 | H105: =ROUND((G105-F105),4) -> 1.3
...

Sheet 杭周面ばね
A1: 杭周面ばね
A2: 計算確認・モデル未保存 2026-09-17T20:39:45.520468+09:00
A3: 青文字：原値 黄色：変換時の実入力（固定） 数式：再計算値。条件変更時はアプリから再実行してください。
A5: 既存画面方式：押込みK1/Fyを正負へ配置。長さ積分後に丸め、平均の除算・1.2補正・本数の追加乗算はしません。
A7: 節点別の結果
A8: KG | B8: 列 | C8: 節点 | D8: 有効長 (m) | E8: K丸め前 (kN/m) | F8: K再計算 (kN/m) | G8: K実入力 (kN/m) | H8: K差 | I8: F丸め前 (kN) | J8: F再計算 (kN) | K8: F実入力 (kN) | L8: F差
A9: 4 | B9: 1 | C9: 102 | D9: =SUM(K155,K158) -> 0.905 | E9: =SUM(I240,I241) -> 51628.885 | F9: =ROUND(E9,0) -> 51629 | G9: 51629 | H9: =(F9-G9) -> 0 | I9: =SUM(J240,J241) -> 433.7705 | J9: =ROUND(I9,1) -> 433.8 | K9: 433.8 | L9: =(J9-K9) -> 0
A10: 4 | B10: 1 | C10: 103 | D10: =SUM(K159) -> 1.3 | E10: =SUM(I242) -> 145626 | F10: =ROUND(E10,0) -> 145626 | G10: 145626 | H10: =(F10-G10) -> 0 | I10: =SUM(J242) -> 1834.95 | J10: =ROUND(I10,1) -> 1835 | K10: 1835 | L10: =(J10-K10) -> 0
A11: 4 | B11: 1 | C11: 104 | D11: =SUM(K160,K161) -> 1.3 | E11: =SUM(I243,I244) -> 155633.7 | F11: =ROUND(E11,0) -> 155634 | G11: 155634 | H11: =(F11-G11) -> 0 | I11: =SUM(J243,J244) -> 1794.36 | J11: =ROUND(I11,1) -> 1794.4 | K11: 1794.4 | L11: =(J11-K11) -> 0
A12: 4 | B12: 1 | C12: 105 | D12: =SUM(K162,K163) -> 1.3 | E12: =SUM(I245,I246) -> 223256.75 | F12: =ROUND(E12,0) -> 223257 | G12: 223257 | H12: =(F12-G12) -> 0 | I12: =SUM(J245,J246) -> 2313.025 | J12: =ROUND(I12,1) -> 2313 | K12: 2313 | L12: =(J12-K12) -> 0
A13: 4 | B13: 1 | C13: 106 | D13: =SUM(K164) -> 1.3 | E13: =SUM(I247) -> 218437.7 | F13: =ROUND(E13,0) -> 218438 | G13: 218438 | H13: =(F13-G13) -> 0 | I13: =SUM(J247) -> 2752.36 | J13: =ROUND(I13,1) -> 2752.4 | K13: 2752.4 | L13: =(J13-K13) -> 0
A14: 4 | B14: 1 | C14: 107 | D14: =SUM(K165) -> 1.3 | E14: =SUM(I248) -> 218437.7 | F14: =ROUND(E14,0) -> 218438 | G14: 218438 | H14: =(F14-G14) -> 0 | I14: =SUM(J248) -> 2752.36 | J14: =ROUND(I14,1) -> 2752.4 | K14: 2752.4 | L14: =(J14-K14) -> 0
A15: 4 | B15: 1 | C15: 108 | D15: =SUM(K166) -> 1.3 | E15: =SUM(I249) -> 218437.7 | F15: =ROUND(E15,0) -> 218438 | G15: 218438 | H15: =(F15-G15) -> 0 | I15: =SUM(J249) -> 2752.36 | J15: =ROUND(I15,1) -> 2752.4 | K15: 2752.4 | L15: =(J15-K15) -> 0
A16: 4 | B16: 1 | C16: 109 | D16: =SUM(K167) -> 1.3 | E16: =SUM(I250) -> 218437.7 | F16: =ROUND(E16,0) -> 218438 | G16: 218438 | H16: =(F16-G16) -> 0 | I16: =SUM(J250) -> 2752.36 | J16: =ROUND(I16,1) -> 2752.4 | K16: 2752.4 | L16: =(J16-K16) -> 0
A17: 4 | B17: 1 | C17: 110 | D17: =SUM(K168) -> 1.3 | E17: =SUM(I251) -> 218437.7 | F17: =ROUND(E17,0) -> 218438 | G17: 218438 | H17: =(F17-G17) -> 0 | I17: =SUM(J251) -> 2752.36 | J17: =ROUND(I17,1) -> 2752.4 | K17: 2752.4 | L17: =(J17-K17) -> 0
A18: 4 | B18: 1 | C18: 111 | D18: =SUM(K169) -> 1.3 | E18: =SUM(I252) -> 218437.7 | F18: =ROUND(E18,0) -> 218438 | G18: 218438 | H18: =(F18-G18) -> 0 | I18: =SUM(J252) -> 2752.36 | J18: =ROUND(I18,1) -> 2752.4 | K18: 2752.4 | L18: =(J18-K18) -> 0
A19: 4 | B19: 1 | C19: 112 | D19: =SUM(K170,K171) -> 1.3 | E19: =SUM(I253,I254) -> 179148.65 | F19: =ROUND(E19,0) -> 179149 | G19: 179149 | H19: =(F19-G19) -> 0 | I19: =SUM(J253,J254) -> 2032.495 | J19: =ROUND(I19,1) -> 2032.5 | K19: 2032.5 | L19: =(J19-K19) -> 0
A20: 4 | B20: 1 | C20: 113 | D20: =SUM(K172) -> 1.3 | E20: =SUM(I257) -> 104936 | F20: =ROUND(E20,0) -> 104936 | G20: 104936 | H20: =(F20-G20) -> 0 | I20: =SUM(J257) -> 672.75 | J20: =ROUND(I20,1) -> 672.8 | K20: 672.8 | L20: =(J20-K20) -> 0
A21: 4 | B21: 1 | C21: 114 | D21: =SUM(K175) -> 1.3 | E21: =SUM(I258) -> 104936 | F21: =ROUND(E21,0) -> 104936 | G21: 104936 | H21: =(F21-G21) -> 0 | I21: =SUM(J258) -> 672.75 | J21: =ROUND(I21,1) -> 672.8 | K21: 672.8 | L21: =(J21-K21) -> 0
A22: 節点別の結果
A23: KG | B23: 列 | C23: 節点 | D23: 有効長 (m) | E23: K丸め前 (kN/m) | F23: K再計算 (kN/m) | G23: K実入力 (kN/m) | H23: K差 | I23: F丸め前 (kN) | J23: F再計算 (kN) | K23: F実入力 (kN) | L23: F差
A24: 4 | B24: 1 | C24: 115 | D24: =SUM(K176) -> 1.3 | E24: =SUM(I259) -> 104936 | F24: =ROUND(E24,0) -> 104936 | G24: 104936 | H24: =(F24-G24) -> 0 | I24: =SUM(J259) -> 672.75 | J24: =ROUND(I24,1) -> 672.8 | K24: 672.8 | L24: =(J24-K24) -> 0
A25: 4 | B25: 1 | C25: 116 | D25: =SUM(K177) -> 1.3 | E25: =SUM(I260) -> 104936 | F25: =ROUND(E25,0) -> 104936 | G25: 104936 | H25: =(F25-G25) -> 0 | I25: =SUM(J260) -> 672.75 | J25: =ROUND(I25,1) -> 672.8 | K25: 672.8 | L25: =(J25-K25) -> 0
A26: 4 | B26: 1 | C26: 117 | D26: =SUM(K178) -> 1.3 | E26: =SUM(I261) -> 104936 | F26: =ROUND(E26,0) -> 104936 | G26: 104936 | H26: =(F26-G26) -> 0 | I26: =SUM(J261) -> 672.75 | J26: =ROUND(I26,1) -> 672.8 | K26: 672.8 | L26: =(J26-K26) -> 0
A27: 4 | B27: 1 | C27: 118 | D27: =SUM(K179) -> 1.3 | E27: =SUM(I262) -> 104936 | F27: =ROUND(E27,0) -> 104936 | G27: 104936 | H27: =(F27-G27) -> 0 | I27: =SUM(J262) -> 672.75 | J27: =ROUND(I27,1) -> 672.8 | K27: 672.8 | L27: =(J27-K27) -> 0
A28: 4 | B28: 1 | C28: 119 | D28: =SUM(K180) -> 1.3 | E28: =SUM(I263) -> 104936 | F28: =ROUND(E28,0) -> 104936 | G28: 104936 | H28: =(F28-G28) -> 0 | I28: =SUM(J263) -> 672.75 | J28: =ROUND(I28,1) -> 672.8 | K28: 672.8 | L28: =(J28-K28) -> 0
A29: 4 | B29: 1 | C29: 120 | D29: =SUM(K181) -> 1.3 | E29: =SUM(I264) -> 104936 | F29: =ROUND(E29,0) -> 104936 | G29: 104936 | H29: =(F29-G29) -> 0 | I29: =SUM(J264) -> 672.75 | J29: =ROUND(I29,1) -> 672.8 | K29: 672.8 | L29: =(J29-K29) -> 0
A30: 4 | B30: 1 | C30: 121 | D30: =SUM(K182) -> 0.45 | E30: =SUM(I265) -> 36324 | F30: =ROUND(E30,0) -> 36324 | G30: 36324 | H30: =(F30-G30) -> 0 | I30: =SUM(J265) -> 232.875 | J30: =ROUND(I30,1) -> 232.9 | K30: 232.9 | L30: =(J30-K30) -> 0
A31: 5 | B31: 2 | C31: 127 | D31: =SUM(K183,K184) -> 0.905 | E31: =SUM(I266,I267) -> 34419.005 | F31: =ROUND(E31,0) -> 34419 | G31: 34419 | H31: =(F31-G31) -> 0 | I31: =SUM(J266,J267) -> 289.13 | J31: =ROUND(I31,1) -> 289.1 | K31: 289.1 | L31: =(J31-K31) -> 0
A32: 5 | B32: 2 | C32: 128 | D32: =SUM(K185) -> 1.3 | E32: =SUM(I268) -> 97084 | F32: =ROUND(E32,0) -> 97084 | G32: 97084 | H32: =(F32-G32) -> 0 | I32: =SUM(J268) -> 1223.3 | J32: =ROUND(I32,1) -> 1223.3 | K32: 1223.3 | L32: =(J32-K32) -> 0
A33: 5 | B33: 2 | C33: 129 | D33: =SUM(K186,K187) -> 1.3 | E33: =SUM(I269,I270) -> 103755.7 | F33: =ROUND(E33,0) -> 103756 | G33: 103756 | H33: =(F33-G33) -> 0 | I33: =SUM(J269,J270) -> 1196.24 | J33: =ROUND(I33,1) -> 1196.2 | K33: 1196.2 | L33: =(J33-K33) -> 0
A34: 5 | B34: 2 | C34: 130 | D34: =SUM(K188,K189) -> 1.3 | E34: =SUM(I271,I274) -> 148838.1 | F34: =ROUND(E34,0) -> 148838 | G34: 148838 | H34: =(F34-G34) -> 0 | I34: =SUM(J271,J274) -> 1542.045 | J34: =ROUND(I34,1) -> 1542 | K34: 1542 | L34: =(J34-K34) -> 0
A35: 5 | B35: 2 | C35: 131 | D35: =SUM(K192) -> 1.3 | E35: =SUM(I275) -> 145626 | F35: =ROUND(E35,0) -> 145626 | G35: 145626 | H35: =(F35-G35) -> 0 | I35: =SUM(J275) -> 1834.95 | J35: =ROUND(I35,1) -> 1835 | K35: 1835 | L35: =(J35-K35) -> 0
A36: 5 | B36: 2 | C36: 132 | D36: =SUM(K193) -> 1.3 | E36: =SUM(I276) -> 145626 | F36: =ROUND(E36,0) -> 145626 | G36: 145626 | H36: =(F36-G36) -> 0 | I36: =SUM(J276) -> 1834.95 | J36: =ROUND(I36,1) -> 1835 | K36: 1835 | L36: =(J36-K36) -> 0
A37: 5 | B37: 2 | C37: 133 | D37: =SUM(K194) -> 1.3 | E37: =SUM(I277) -> 145626 | F37: =ROUND(E37,0) -> 145626 | G37: 145626 | H37: =(F37-G37) -> 0 | I37: =SUM(J277) -> 1834.95 | J37: =ROUND(I37,1) -> 1835 | K37: 1835 | L37: =(J37-K37) -> 0
A38: 5 | B38: 2 | C38: 134 | D38: =SUM(K195) -> 1.3 | E38: =SUM(I278) -> 145626 | F38: =ROUND(E38,0) -> 145626 | G38: 145626 | H38: =(F38-G38) -> 0 | I38: =SUM(J278) -> 1834.95 | J38: =ROUND(I38,1) -> 1835 | K38: 1835 | L38: =(J38-K38) -> 0
A39: 節点別の結果
A40: KG | B40: 列 | C40: 節点 | D40: 有効長 (m) | E40: K丸め前 (kN/m) | F40: K再計算 (kN/m) | G40: K実入力 (kN/m) | H40: K差 | I40: F丸め前 (kN) | J40: F再計算 (kN) | K40: F実入力 (kN) | L40: F差
A41: 5 | B41: 2 | C41: 135 | D41: =SUM(K196) -> 1.3 | E41: =SUM(I279) -> 145626 | F41: =ROUND(E41,0) -> 145626 | G41: 145626 | H41: =(F41-G41) -> 0 | I41: =SUM(J279) -> 1834.95 | J41: =ROUND(I41,1) -> 1835 | K41: 1835 | L41: =(J41-K41) -> 0
A42: 5 | B42: 2 | C42: 136 | D42: =SUM(K197) -> 1.3 | E42: =SUM(I280) -> 145626 | F42: =ROUND(E42,0) -> 145626 | G42: 145626 | H42: =(F42-G42) -> 0 | I42: =SUM(J280) -> 1834.95 | J42: =ROUND(I42,1) -> 1835 | K42: 1835 | L42: =(J42-K42) -> 0
A43: 5 | B43: 2 | C43: 137 | D43: =SUM(K198,K199) -> 1.3 | E43: =SUM(I281,I282) -> 119432.85 | F43: =ROUND(E43,0) -> 119433 | G43: 119433 | H43: =(F43-G43) -> 0 | I43: =SUM(J281,J282) -> 1355.025 | J43: =ROUND(I43,1) -> 1355 | K43: 1355 | L43: =(J43-K43) -> 0
A44: 5 | B44: 2 | C44: 138 | D44: =SUM(K200) -> 1.3 | E44: =SUM(I283) -> 69956.9 | F44: =ROUND(E44,0) -> 69957 | G44: 69957 | H44: =(F44-G44) -> 0 | I44: =SUM(J283) -> 448.5 | J44: =ROUND(I44,1) -> 448.5 | K44: 448.5 | L44: =(J44-K44) -> 0
A45: 5 | B45: 2 | C45: 139 | D45: =SUM(K201) -> 1.3 | E45: =SUM(I284) -> 69956.9 | F45: =ROUND(E45,0) -> 69957 | G45: 69957 | H45: =(F45-G45) -> 0 | I45: =SUM(J284) -> 448.5 | J45: =ROUND(I45,1) -> 448.5 | K45: 448.5 | L45: =(J45-K45) -> 0
A46: 5 | B46: 2 | C46: 140 | D46: =SUM(K202) -> 1.3 | E46: =SUM(I285) -> 69956.9 | F46: =ROUND(E46,0) -> 69957 | G46: 69957 | H46: =(F46-G46) -> 0 | I46: =SUM(J285) -> 448.5 | J46: =ROUND(I46,1) -> 448.5 | K46: 448.5 | L46: =(J46-K46) -> 0
A47: 5 | B47: 2 | C47: 141 | D47: =SUM(K203) -> 1.3 | E47: =SUM(I286) -> 69956.9 | F47: =ROUND(E47,0) -> 69957 | G47: 69957 | H47: =(F47-G47) -> 0 | I47: =SUM(J286) -> 448.5 | J47: =ROUND(I47,1) -> 448.5 | K47: 448.5 | L47: =(J47-K47) -> 0
A48: 5 | B48: 2 | C48: 142 | D48: =SUM(K204) -> 1.3 | E48: =SUM(I287) -> 69956.9 | F48: =ROUND(E48,0) -> 69957 | G48: 69957 | H48: =(F48-G48) -> 0 | I48: =SUM(J287) -> 448.5 | J48: =ROUND(I48,1) -> 448.5 | K48: 448.5 | L48: =(J48-K48) -> 0
A49: 5 | B49: 2 | C49: 143 | D49: =SUM(K205) -> 1.3 | E49: =SUM(I288) -> 69956.9 | F49: =ROUND(E49,0) -> 69957 | G49: 69957 | H49: =(F49-G49) -> 0 | I49: =SUM(J288) -> 448.5 | J49: =ROUND(I49,1) -> 448.5 | K49: 448.5 | L49: =(J49-K49) -> 0
A50: 5 | B50: 2 | C50: 144 | D50: =SUM(K206) -> 1.3 | E50: =SUM(I291) -> 69956.9 | F50: =ROUND(E50,0) -> 69957 | G50: 69957 | H50: =(F50-G50) -> 0 | I50: =SUM(J291) -> 448.5 | J50: =ROUND(I50,1) -> 448.5 | K50: 448.5 | L50: =(J50-K50) -> 0
A51: 5 | B51: 2 | C51: 145 | D51: =SUM(K209) -> 1.3 | E51: =SUM(I292) -> 69956.9 | F51: =ROUND(E51,0) -> 69957 | G51: 69957 | H51: =(F51-G51) -> 0 | I51: =SUM(J292) -> 448.5 | J51: =ROUND(I51,1) -> 448.5 | K51: 448.5 | L51: =(J51-K51) -> 0
A52: 5 | B52: 2 | C52: 146 | D52: =SUM(K210) -> 0.45 | E52: =SUM(I293) -> 24215.85 | F52: =ROUND(E52,0) -> 24216 | G52: 24216 | H52: =(F52-G52) -> 0 | I52: =SUM(J293) -> 155.25 | J52: =ROUND(I52,1) -> 155.3 | K52: 155.3 | L52: =(J52-K52) -> 0
A53: 6 | B53: 3 | C53: 152 | D53: =SUM(K211,K212) -> 0.905 | E53: =SUM(I294,I295) -> 51628.885 | F53: =ROUND(E53,0) -> 51629 | G53: 51629 | H53: =(F53-G53) -> 0 | I53: =SUM(J294,J295) -> 433.7705 | J53: =ROUND(I53,1) -> 433.8 | K53: 433.8 | L53: =(J53-K53) -> 0
A54: 6 | B54: 3 | C54: 153 | D54: =SUM(K213) -> 1.3 | E54: =SUM(I296) -> 145626 | F54: =ROUND(E54,0) -> 145626 | G54: 145626 | H54: =(F54-G54) -> 0 | I54: =SUM(J296) -> 1834.95 | J54: =ROUND(I54,1) -> 1835 | K54: 1835 | L54: =(J54-K54) -> 0
A55: 6 | B55: 3 | C55: 154 | D55: =SUM(K214,K215) -> 1.3 | E55: =SUM(I297,I298) -> 155633.7 | F55: =ROUND(E55,0) -> 155634 | G55: 155634 | H55: =(F55-G55) -> 0 | I55: =SUM(J297,J298) -> 1794.36 | J55: =ROUND(I55,1) -> 1794.4 | K55: 1794.4 | L55: =(J55-K55) -> 0
A56: 節点別の結果
A57: KG | B57: 列 | C57: 節点 | D57: 有効長 (m) | E57: K丸め前 (kN/m) | F57: K再計算 (kN/m) | G57: K実入力 (kN/m) | H57: K差 | I57: F丸め前 (kN) | J57: F再計算 (kN) | K57: F実入力 (kN) | L57: F差
A58: 6 | B58: 3 | C58: 155 | D58: =SUM(K216,K217) -> 1.3 | E58: =SUM(I299,I300) -> 223256.75 | F58: =ROUND(E58,0) -> 223257 | G58: 223257 | H58: =(F58-G58) -> 0 | I58: =SUM(J299,J300) -> 2313.025 | J58: =ROUND(I58,1) -> 2313 | K58: 2313 | L58: =(J58-K58) -> 0
A59: 6 | B59: 3 | C59: 156 | D59: =SUM(K218) -> 1.3 | E59: =SUM(I301) -> 218437.7 | F59: =ROUND(E59,0) -> 218438 | G59: 218438 | H59: =(F59-G59) -> 0 | I59: =SUM(J301) -> 2752.36 | J59: =ROUND(I59,1) -> 2752.4 | K59: 2752.4 | L59: =(J59-K59) -> 0
A60: 6 | B60: 3 | C60: 157 | D60: =SUM(K219) -> 1.3 | E60: =SUM(I302) -> 218437.7 | F60: =ROUND(E60,0) -> 218438 | G60: 218438 | H60: =(F60-G60) -> 0 | I60: =SUM(J302) -> 2752.36 | J60: =ROUND(I60,1) -> 2752.4 | K60: 2752.4 | L60: =(J60-K60) -> 0
A61: 6 | B61: 3 | C61: 158 | D61: =SUM(K220) -> 1.3 | E61: =SUM(I303) -> 218437.7 | F61: =ROUND(E61,0) -> 218438 | G61: 218438 | H61: =(F61-G61) -> 0 | I61: =SUM(J303) -> 2752.36 | J61: =ROUND(I61,1) -> 2752.4 | K61: 2752.4 | L61: =(J61-K61) -> 0
A62: 6 | B62: 3 | C62: 159 | D62: =SUM(K221) -> 1.3 | E62: =SUM(I304) -> 218437.7 | F62: =ROUND(E62,0) -> 218438 | G62: 218438 | H62: =(F62-G62) -> 0 | I62: =SUM(J304) -> 2752.36 | J62: =ROUND(I62,1) -> 2752.4 | K62: 2752.4 | L62: =(J62-K62) -> 0
A63: 6 | B63: 3 | C63: 160 | D63: =SUM(K222) -> 1.3 | E63: =SUM(I305) -> 218437.7 | F63: =ROUND(E63,0) -> 218438 | G63: 218438 | H63: =(F63-G63) -> 0 | I63: =SUM(J305) -> 2752.36 | J63: =ROUND(I63,1) -> 2752.4 | K63: 2752.4 | L63: =(J63-K63) -> 0
A64: 6 | B64: 3 | C64: 161 | D64: =SUM(K223) -> 1.3 | E64: =SUM(I308) -> 218437.7 | F64: =ROUND(E64,0) -> 218438 | G64: 218438 | H64: =(F64-G64) -> 0 | I64: =SUM(J308) -> 2752.36 | J64: =ROUND(I64,1) -> 2752.4 | K64: 2752.4 | L64: =(J64-K64) -> 0
A65: 6 | B65: 3 | C65: 162 | D65: =SUM(K226,K227) -> 1.3 | E65: =SUM(I309,I310) -> 179148.65 | F65: =ROUND(E65,0) -> 179149 | G65: 179149 | H65: =(F65-G65) -> 0 | I65: =SUM(J309,J310) -> 2032.495 | J65: =ROUND(I65,1) -> 2032.5 | K65: 2032.5 | L65: =(J65-K65) -> 0
A66: 6 | B66: 3 | C66: 163 | D66: =SUM(K228) -> 1.3 | E66: =SUM(I311) -> 104936 | F66: =ROUND(E66,0) -> 104936 | G66: 104936 | H66: =(F66-G66) -> 0 | I66: =SUM(J311) -> 672.75 | J66: =ROUND(I66,1) -> 672.8 | K66: 672.8 | L66: =(J66-K66) -> 0
A67: 6 | B67: 3 | C67: 164 | D67: =SUM(K229) -> 1.3 | E67: =SUM(I312) -> 104936 | F67: =ROUND(E67,0) -> 104936 | G67: 104936 | H67: =(F67-G67) -> 0 | I67: =SUM(J312) -> 672.75 | J67: =ROUND(I67,1) -> 672.8 | K67: 672.8 | L67: =(J67-K67) -> 0
A68: 6 | B68: 3 | C68: 165 | D68: =SUM(K230) -> 1.3 | E68: =SUM(I313) -> 104936 | F68: =ROUND(E68,0) -> 104936 | G68: 104936 | H68: =(F68-G68) -> 0 | I68: =SUM(J313) -> 672.75 | J68: =ROUND(I68,1) -> 672.8 | K68: 672.8 | L68: =(J68-K68) -> 0
A69: 6 | B69: 3 | C69: 166 | D69: =SUM(K231) -> 1.3 | E69: =SUM(I314) -> 104936 | F69: =ROUND(E69,0) -> 104936 | G69: 104936 | H69: =(F69-G69) -> 0 | I69: =SUM(J314) -> 672.75 | J69: =ROUND(I69,1) -> 672.8 | K69: 672.8 | L69: =(J69-K69) -> 0
A70: 6 | B70: 3 | C70: 167 | D70: =SUM(K232) -> 1.3 | E70: =SUM(I315) -> 104936 | F70: =ROUND(E70,0) -> 104936 | G70: 104936 | H70: =(F70-G70) -> 0 | I70: =SUM(J315) -> 672.75 | J70: =ROUND(I70,1) -> 672.8 | K70: 672.8 | L70: =(J70-K70) -> 0
A71: 6 | B71: 3 | C71: 168 | D71: =SUM(K233) -> 1.3 | E71: =SUM(I316) -> 104936 | F71: =ROUND(E71,0) -> 104936 | G71: 104936 | H71: =(F71-G71) -> 0 | I71: =SUM(J316) -> 672.75 | J71: =ROUND(I71,1) -> 672.8 | K71: 672.8 | L71: =(J71-K71) -> 0
A72: 6 | B72: 3 | C72: 169 | D72: =SUM(K234) -> 1.3 | E72: =SUM(I317) -> 104936 | F72: =ROUND(E72,0) -> 104936 | G72: 104936 | H72: =(F72-G72) -> 0 | I72: =SUM(J317) -> 672.75 | J72: =ROUND(I72,1) -> 672.8 | K72: 672.8 | L72: =(J72-K72) -> 0
A73: 節点別の結果
A74: KG | B74: 列 | C74: 節点 | D74: 有効長 (m) | E74: K丸め前 (kN/m) | F74: K再計算 (kN/m) | G74: K実入力 (kN/m) | H74: K差 | I74: F丸め前 (kN) | J74: F再計算 (kN) | K74: F実入力 (kN) | L74: F差
A75: 6 | B75: 3 | C75: 170 | D75: =SUM(K235) -> 1.3 | E75: =SUM(I318) -> 104936 | F75: =ROUND(E75,0) -> 104936 | G75: 104936 | H75: =(F75-G75) -> 0 | I75: =SUM(J318) -> 672.75 | J75: =ROUND(I75,1) -> 672.8 | K75: 672.8 | L75: =(J75-K75) -> 0
A76: 6 | B76: 3 | C76: 171 | D76: =SUM(K236) -> 0.45 | E76: =SUM(I319) -> 36324 | F76: =ROUND(E76,0) -> 36324 | G76: 36324 | H76: =(F76-G76) -> 0 | I76: =SUM(J319) -> 232.875 | J76: =ROUND(I76,1) -> 232.9 | K76: 232.9 | L76: =(J76-K76) -> 0
A78: 抵抗を考慮する範囲
A79: 杭長 (m) | B79: 1/β (m) | C79: 根入れ (m) | D79: 有効下端 (m)
A80: 31 | B80: 4.945 | C80: 1.3 | D80: =ROUND((A80-C80),4) -> 29.7
A82: 節点の負担区間（隣接座標の中点）
A83: KG | B83: 列 | C83: 節点 | D83: 前節点 | E83: 次節点 | F83: 前深さ (m) | G83: 節点深さ (m) | H83: 次深さ (m) | I83: 負担上端 (m) | J83: 負担下端 (m) | K83: 負担長 (m) | L83: 除外長 (m)
A84: 4 | B84: 1 | C84: 102 | D84: 101 | E84: 103 | F84: 3.9 | G84: 5.2 | H84: 6.5 | I84: =ROUND(((F84+G84)/2),4) -> 4.55 | J84: =ROUND(((G84+H84)/2),4) -> 5.85 | K84: =ROUND((J84-I84),4) -> 1.3 | L84: =ROUND((K84-D9),4) -> 0.395
A85: 4 | B85: 1 | C85: 103 | D85: 102 | E85: 104 | F85: 5.2 | G85: 6.5 | H85: 7.8 | I85: =ROUND(((F85+G85)/2),4) -> 5.85 | J85: =ROUND(((G85+H85)/2),4) -> 7.15 | K85: =ROUND((J85-I85),4) -> 1.3 | L85: =ROUND((K85-D10),4) -> 0
A86: 4 | B86: 1 | C86: 104 | D86: 103 | E86: 105 | F86: 6.5 | G86: 7.8 | H86: 9.1 | I86: =ROUND(((F86+G86)/2),4) -> 7.15 | J86: =ROUND(((G86+H86)/2),4) -> 8.45 | K86: =ROUND((J86-I86),4) -> 1.3 | L86: =ROUND((K86-D11),4) -> 0
A87: 4 | B87: 1 | C87: 105 | D87: 104 | E87: 106 | F87: 7.8 | G87: 9.1 | H87: 10.4 | I87: =ROUND(((F87+G87)/2),4) -> 8.45 | J87: =ROUND(((G87+H87)/2),4) -> 9.75 | K87: =ROUND((J87-I87),4) -> 1.3 | L87: =ROUND((K87-D12),4) -> 0
A88: 4 | B88: 1 | C88: 106 | D88: 105 | E88: 107 | F88: 9.1 | G88: 10.4 | H88: 11.7 | I88: =ROUND(((F88+G88)/2),4) -> 9.75 | J88: =ROUND(((G88+H88)/2),4) -> 11.05 | K88: =ROUND((J88-I88),4) -> 1.3 | L88: =ROUND((K88-D13),4) -> 0
A89: 節点の負担区間（隣接座標の中点）
A90: KG | B90: 列 | C90: 節点 | D90: 前節点 | E90: 次節点 | F90: 前深さ (m) | G90: 節点深さ (m) | H90: 次深さ (m) | I90: 負担上端 (m) | J90: 負担下端 (m) | K90: 負担長 (m) | L90: 除外長 (m)
A91: 4 | B91: 1 | C91: 107 | D91: 106 | E91: 108 | F91: 10.4 | G91: 11.7 | H91: 13 | I91: =ROUND(((F91+G91)/2),4) -> 11.05 | J91: =ROUND(((G91+H91)/2),4) -> 12.35 | K91: =ROUND((J91-I91),4) -> 1.3 | L91: =ROUND((K91-D14),4) -> 0
A92: 4 | B92: 1 | C92: 108 | D92: 107 | E92: 109 | F92: 11.7 | G92: 13 | H92: 14.3 | I92: =ROUND(((F92+G92)/2),4) -> 12.35 | J92: =ROUND(((G92+H92)/2),4) -> 13.65 | K92: =ROUND((J92-I92),4) -> 1.3 | L92: =ROUND((K92-D15),4) -> 0
A93: 4 | B93: 1 | C93: 109 | D93: 108 | E93: 110 | F93: 13 | G93: 14.3 | H93: 15.6 | I93: =ROUND(((F93+G93)/2),4) -> 13.65 | J93: =ROUND(((G93+H93)/2),4) -> 14.95 | K93: =ROUND((J93-I93),4) -> 1.3 | L93: =ROUND((K93-D16),4) -> 0
A94: 4 | B94: 1 | C94: 110 | D94: 109 | E94: 111 | F94: 14.3 | G94: 15.6 | H94: 16.9 | I94: =ROUND(((F94+G94)/2),4) -> 14.95 | J94: =ROUND(((G94+H94)/2),4) -> 16.25 | K94: =ROUND((J94-I94),4) -> 1.3 | L94: =ROUND((K94-D17),4) -> 0
A95: 4 | B95: 1 | C95: 111 | D95: 110 | E95: 112 | F95: 15.6 | G95: 16.9 | H95: 18.2 | I95: =ROUND(((F95+G95)/2),4) -> 16.25 | J95: =ROUND(((G95+H95)/2),4) -> 17.55 | K95: =ROUND((J95-I95),4) -> 1.3 | L95: =ROUND((K95-D18),4) -> 0
A96: 4 | B96: 1 | C96: 112 | D96: 111 | E96: 113 | F96: 16.9 | G96: 18.2 | H96: 19.5 | I96: =ROUND(((F96+G96)/2),4) -> 17.55 | J96: =ROUND(((G96+H96)/2),4) -> 18.85 | K96: =ROUND((J96-I96),4) -> 1.3 | L96: =ROUND((K96-D19),4) -> 0
A97: 4 | B97: 1 | C97: 113 | D97: 112 | E97: 114 | F97: 18.2 | G97: 19.5 | H97: 20.8 | I97: =ROUND(((F97+G97)/2),4) -> 18.85 | J97: =ROUND(((G97+H97)/2),4) -> 20.15 | K97: =ROUND((J97-I97),4) -> 1.3 | L97: =ROUND((K97-D20),4) -> 0
A98: 4 | B98: 1 | C98: 114 | D98: 113 | E98: 115 | F98: 19.5 | G98: 20.8 | H98: 22.1 | I98: =ROUND(((F98+G98)/2),4) -> 20.15 | J98: =ROUND(((G98+H98)/2),4) -> 21.45 | K98: =ROUND((J98-I98),4) -> 1.3 | L98: =ROUND((K98-D21),4) -> 0
A99: 4 | B99: 1 | C99: 115 | D99: 114 | E99: 116 | F99: 20.8 | G99: 22.1 | H99: 23.4 | I99: =ROUND(((F99+G99)/2),4) -> 21.45 | J99: =ROUND(((G99+H99)/2),4) -> 22.75 | K99: =ROUND((J99-I99),4) -> 1.3 | L99: =ROUND((K99-D24),4) -> 0
A100: 4 | B100: 1 | C100: 116 | D100: 115 | E100: 117 | F100: 22.1 | G100: 23.4 | H100: 24.7 | I100: =ROUND(((F100+G100)/2),4) -> 22.75 | J100: =ROUND(((G100+H100)/2),4) -> 24.05 | K100: =ROUND((J100-I100),4) -> 1.3 | L100: =ROUND((K100-D25),4) -> 0
A101: 4 | B101: 1 | C101: 117 | D101: 116 | E101: 118 | F101: 23.4 | G101: 24.7 | H101: 26 | I101: =ROUND(((F101+G101)/2),4) -> 24.05 | J101: =ROUND(((G101+H101)/2),4) -> 25.35 | K101: =ROUND((J101-I101),4) -> 1.3 | L101: =ROUND((K101-D26),4) -> 0
A102: 4 | B102: 1 | C102: 118 | D102: 117 | E102: 119 | F102: 24.7 | G102: 26 | H102: 27.3 | I102: =ROUND(((F102+G102)/2),4) -> 25.35 | J102: =ROUND(((G102+H102)/2),4) -> 26.65 | K102: =ROUND((J102-I102),4) -> 1.3 | L102: =ROUND((K102-D27),4) -> 0
A103: 4 | B103: 1 | C103: 119 | D103: 118 | E103: 120 | F103: 26 | G103: 27.3 | H103: 28.6 | I103: =ROUND(((F103+G103)/2),4) -> 26.65 | J103: =ROUND(((G103+H103)/2),4) -> 27.95 | K103: =ROUND((J103-I103),4) -> 1.3 | L103: =ROUND((K103-D28),4) -> 0
A104: 4 | B104: 1 | C104: 120 | D104: 119 | E104: 121 | F104: 27.3 | G104: 28.6 | H104: 29.9 | I104: =ROUND(((F104+G104)/2),4) -> 27.95 | J104: =ROUND(((G104+H104)/2),4) -> 29.25 | K104: =ROUND((J104-I104),4) -> 1.3 | L104: =ROUND((K104-D29),4) -> 0
...

Sheet 杭先端ばね
A1: 杭先端ばね
A2: 計算確認・モデル未保存 2026-09-17T20:39:45.520468+09:00
A3: 青文字：原値 黄色：変換時の実入力（固定） 数式：再計算値。条件変更時はアプリから再実行してください。
A5: SDCの短期K1/K2・押込みFy/Fuを転記。負側制限値F1−/F2−は空欄のまま転記します。
A7: 杭先端の結果
A8: KG | B8: 列 | C8: 先端節点 | D8: K1再計算 (kN/m) | E8: K1実入力 (kN/m) | F8: K2再計算 (kN/m) | G8: K2実入力 (kN/m) | H8: Fy再計算 (kN) | I8: Fy実入力 (kN) | J8: Fu再計算 (kN) | K8: Fu実入力 (kN)
A9: 4 | B9: 1 | C9: 122 | D9: ='入力根拠'!F143 -> 327072 | E9: 327072 | F9: ='入力根拠'!F144 -> 88418 | G9: 88418 | H9: ='入力根拠'!F145 -> 7167.5 | I9: 7167.5 | J9: ='入力根拠'!F146 -> 16724.3 | K9: 16724.3
A10: 5 | B10: 2 | C10: 147 | D10: ='入力根拠'!F147 -> 218048 | E10: 218048 | F10: ='入力根拠'!F148 -> 58945 | G10: 58945 | H10: ='入力根拠'!F149 -> 4778.4 | I10: 4778.4 | J10: ='入力根拠'!F150 -> 11149.5 | K10: 11149.5
A11: 6 | B11: 3 | C11: 172 | D11: ='入力根拠'!F151 -> 327072 | E11: 327072 | F11: ='入力根拠'!F152 -> 88418 | G11: 88418 | H11: ='入力根拠'!F153 -> 7167.5 | I11: 7167.5 | J11: ='入力根拠'!F154 -> 16724.3 | K11: 16724.3
A13: 杭頭・最深節点と杭長
A14: KG | B14: 列 | C14: 杭頭節点 | D14: 先端節点 | E14: x座標 (m) | F14: 杭頭y (m) | G14: 先端y (m) | H14: 座標差 (m) | I14: SDC杭長 (m)
A15: 4 | B15: 1 | C15: 98 | D15: 122 | E15: 29.8 | F15: 13.041 | G15: 44.041 | H15: =ROUND((G15-F15),4) -> 31 | I15: 31
A16: 5 | B16: 2 | C16: 123 | D16: 147 | E16: 33.5 | F16: 13.041 | G16: 44.041 | H16: =ROUND((G16-F16),4) -> 31 | I16: 31
A17: 6 | B17: 3 | C17: 148 | D17: 172 | E17: 37.2 | F17: 13.041 | G17: 44.041 | H17: =ROUND((G17-F17),4) -> 31 | I17: 31
A19: ばね実入力 (kN/m)
A20: KG | B20: 列 | C20: 節点 | D20: 支点項目 | E20: K1+ | F20: K2+ | G20: K3+ | H20: K1- | I20: K2- | J20: K3-
A21: 4 | B21: 1 | C21: 122 | D21: 61 | E21: 327072 | F21: 88418 | G21: 88418 | H21: 327072 | I21: 88418 | J21: 88418
A22: 5 | B22: 2 | C22: 147 | D22: 62 | E22: 218048 | F22: 58945 | G22: 58945 | H22: 218048 | I22: 58945 | J22: 58945
A23: 6 | B23: 3 | C23: 172 | D23: 63 | E23: 327072 | F23: 88418 | G23: 88418 | H23: 327072 | I23: 88418 | J23: 88418
A25: 制限値実入力 (kN)
A26: KG | B26: 列 | C26: 節点 | D26: 支点項目 | E26: F1+ | F26: F1- | G26: F2+ | H26: F2-
A27: 4 | B27: 1 | C27: 122 | D27: 61 | E27: 7167.5 | G27: 16724.3
A28: 5 | B28: 2 | C28: 147 | D28: 62 | E28: 4778.4 | G28: 11149.5
A29: 6 | B29: 3 | C29: 172 | D29: 63 | E29: 7167.5 | G29: 16724.3
A31: Python Decimalの丸め前文字列
A32: KG | B32: 対象 | C32: 項目 | D32: 正確な計算記録
A33: KG4 122 k1_kN_per_m: 327072
A34: Python Decimalの丸め前文字列
A35: KG | B35: 対象 | C35: 項目 | D35: 正確な計算記録
A36: KG4 122 k2_kN_per_m: 88418
A37: KG4 122 fy_kN: 7167.5
A38: KG4 122 fu_kN: 16724.3
A39: KG5 147 k1_kN_per_m: 218048
A40: KG5 147 k2_kN_per_m: 58945
A41: KG5 147 fy_kN: 4778.4
A42: KG5 147 fu_kN: 11149.5
A43: KG6 172 k1_kN_per_m: 327072
A44: KG6 172 k2_kN_per_m: 88418
A45: KG6 172 fy_kN: 7167.5
A46: KG6 172 fu_kN: 16724.3

Sheet 入力根拠
A1: 入力根拠
A2: 計算確認・モデル未保存 2026-09-17T20:39:45.520468+09:00
A3: 青文字：原値 黄色：変換時の実入力（固定） 数式：再計算値。条件変更時はアプリから再実行してください。
A6: 実行・ファイル情報
A7: 項目 | B7: 値
A8: 実行ID: 91599c2d83ee45bcb009aa4d9a63066d
A9: アプリ: SDCConverter 1.1.0
A10: 帳票スキーマ: 1
A11: 対象モデル: C:\Users\sasai\Documents\structural-design\test\今町橋りょう4P(C方向･右押し→).ndu
A12: 状態: 計算確認・モデル未保存
A13: モデル出力: 未保存
A14: 出力予定SHA-256: 31e9e85971d07ae1a0b21273f500b0d8d039184ecf9febb6db642fbfabfbd22a
A15: JSON: 未保存
A16: Excel: C:\Users\sasai\Documents\structural-design\outputs\horizontal-spring-review-20260917-203945\今町橋りょう4P_計算過程_水平地盤ばね修正版.xlsx
A17: バックアップ: なし
A18: 杭対応: 4:1 5:2 6:3
A19: 土圧方向: right
... A21: 実行・ファイル情報
A22: 項目 | B22: 値
A23: 水平境界: length-weighted
A24: 土圧境界: integral-average
A25: 土圧小数桁: 1
A26: 周面K小数桁: 0
A27: 周面F小数桁: 1
A28: 丸め: ROUND_HALF_UP（先端・水平単一層は原値）
A29: 入力: C:\Users\sasai\Documents\structural-design\test\今町橋りょう4P(右).sdc
A30: SHA-256: 9b9aed2461b87acb5193c8eac79cf07b6d9824bdbd80e096416e197f324f64a7
A31: 入力: C:\Users\sasai\Documents\structural-design\test\今町橋りょう4P(C方向･右押し→).ndu
A32: SHA-256: 31e9e85971d07ae1a0b21273f500b0d8d039184ecf9febb6db642fbfabfbd22a
A34: 採用したSDC原値
A35: 処理 | B35: SDC行 | C35: CSV欄 | D35: 項目 | E35: 単位 | F35: 原値 | G35: 正確な十進文字列
A36: 水平地盤ばね | B36: 174 | C36: 9 | D36: 1列目 短期(非線形) | E36: kN/m² | F36: 58812 | G36: 58812
A37: 採用したSDC原値
A38: 処理 | B38: SDC行 | C38: CSV欄 | D38: 項目 | E38: 単位 | F38: 原値 | G38: 正確な十進文字列
A39: 水平地盤ばね | B39: 175 | C39: 9 | D39: 1列目 短期(非線形) | E39: kN/m² | F39: 310863 | G39: 310863
A40: 水平地盤ばね | B40: 176 | C40: 9 | D40: 1列目 短期(非線形) | E40: kN/m² | F40: 110708 | G40: 110708
A41: 水平地盤ばね | B41: 177 | C41: 9 | D41: 1列目 短期(非線形) | E41: kN/m² | F41: 268854 | G41: 268854
A42: 水平地盤ばね | B42: 178 | C42: 9 | D42: 1列目 短期(非線形) | E42: kN/m² | F42: 428981 | G42: 428981
A43: 水平地盤ばね | B43: 179 | C43: 9 | D43: 1列目 短期(非線形) | E43: kN/m² | F43: 403280 | G43: 403280
A44: 水平地盤ばね | B44: 180 | C44: 9 | D44: 1列目 短期(非線形) | E44: kN/m² | F44: 193733 | G44: 193733
A45: 水平地盤ばね | B45: 174 | C45: 10 | D45: 2列目 短期(非線形) | E45: kN/m² | F45: 39208 | G45: 39208
A46: 水平地盤ばね | B46: 175 | C46: 10 | D46: 2列目 短期(非線形) | E46: kN/m² | F46: 207242 | G46: 207242
A47: 水平地盤ばね | B47: 176 | C47: 10 | D47: 2列目 短期(非線形) | E47: kN/m² | F47: 73805 | G47: 73805
A48: 水平地盤ばね | B48: 177 | C48: 10 | D48: 2列目 短期(非線形) | E48: kN/m² | F48: 179236 | G48: 179236
A49: 水平地盤ばね | B49: 178 | C49: 10 | D49: 2列目 短期(非線形) | E49: kN/m² | F49: 285987 | G49: 285987
A50: 水平地盤ばね | B50: 179 | C50: 10 | D50: 2列目 短期(非線形) | E50: kN/m² | F50: 268854 | G50: 268854
... A53: 水平地盤ばね | B53: 175 | C53: 11 | D53: 3列目 短期(非線形) | E53: kN/m² | F53: 310863 | G53: 310863
A54: 採用したSDC原値
A55: 処理 | B55: SDC行 | C55: CSV欄 | D55: 項目 | E55: 単位 | F55: 原値 | G55: 正確な十進文字列
A56: 水平地盤ばね | B56: 176 | C56: 11 | D56: 3列目 短期(非線形) | E56: kN/m² | F56: 110708 | G56: 110708
A57: 水平地盤ばね | B57: 177 | C57: 11 | D57: 3列目 短期(非線形) | E57: kN/m² | F57: 268854 | G57: 268854
A58: 水平地盤ばね | B58: 178 | C58: 11 | D58: 3列目 短期(非線形) | E58: kN/m² | F58: 428981 | G58: 428981
A59: 水平地盤ばね | B59: 179 | C59: 11 | D59: 3列目 短期(非線形) | E59: kN/m² | F59: 403280 | G59: 403280
A60: 水平地盤ばね | B60: 180 | C60: 11 | D60: 3列目 短期(非線形) | E60: kN/m² | F60: 193733 | G60: 193733
A61: 有効抵抗土圧 | B61: 187 | C61: 7 | D61: 3列目 上側 | E61: kN/m | F61: 1162.9 | G61: 1162.9
A62: 有効抵抗土圧 | B62: 187 | C62: 8 | D62: 3列目 下側 | E62: kN/m | F62: 1329.7 | G62: 1329.7
A63: 有効抵抗土圧 | B63: 188 | C63: 7 | D63: 3列目 上側 | E63: kN/m | F63: 2018.1 | G63: 2018.1
A64: 有効抵抗土圧 | B64: 188 | C64: 8 | D64: 3列目 下側 | E64: kN/m | F64: 2237.4 | G64: 2237.4
A65: 有効抵抗土圧 | B65: 189 | C65: 7 | D65: 3列目 上側 | E65: kN/m | F65: 1755 | G65: 1755.0
A66: 有効抵抗土圧 | B66: 189 | C66: 8 | D66: 3列目 下側 | E66: kN/m | F66: 1755 | G66: 1755.0
A67: 有効抵抗土圧 | B67: 190 | C67: 7 | D67: 3列目 上側 | E67: kN/m | F67: 2349.1 | G67: 2349.1
... A70: 有効抵抗土圧 | B70: 191 | C70: 8 | D70: 3列目 下側 | E70: kN/m | F70: 6809.4 | G70: 6809.4
A71: 採用したSDC原値
A72: 処理 | B72: SDC行 | C72: CSV欄 | D72: 項目 | E72: 単位 | F72: 原値 | G72: 正確な十進文字列
A73: 有効抵抗土圧 | B73: 192 | C73: 7 | D73: 3列目 上側 | E73: kN/m | F73: 2948.5 | G73: 2948.5
A74: 有効抵抗土圧 | B74: 192 | C74: 8 | D74: 3列目 下側 | E74: kN/m | F74: 4482.5 | G74: 4482.5
A75: 有効抵抗土圧 | B75: 193 | C75: 7 | D75: 3列目 上側 | E75: kN/m | F75: 3088.8 | G75: 3088.8
A76: 有効抵抗土圧 | B76: 193 | C76: 8 | D76: 3列目 下側 | E76: kN/m | F76: 3088.8 | G76: 3088.8
A77: 有効抵抗土圧 | B77: 187 | C77: 5 | D77: 2列目 上側 | E77: kN/m | F77: 1005.1 | G77: 1005.1
A78: 有効抵抗土圧 | B78: 187 | C78: 6 | D78: 2列目 下側 | E78: kN/m | F78: 1149.3 | G78: 1149.3
A79: 有効抵抗土圧 | B79: 188 | C79: 5 | D79: 2列目 上側 | E79: kN/m | F79: 1744.2 | G79: 1744.2
A80: 有効抵抗土圧 | B80: 188 | C80: 6 | D80: 2列目 下側 | E80: kN/m | F80: 1933.8 | G80: 1933.8
A81: 有効抵抗土圧 | B81: 189 | C81: 5 | D81: 2列目 上側 | E81: kN/m | F81: 1170 | G81: 1170.0
A82: 有効抵抗土圧 | B82: 189 | C82: 6 | D82: 2列目 下側 | E82: kN/m | F82: 1170 | G82: 1170.0
A83: 有効抵抗土圧 | B83: 190 | C83: 5 | D83: 2列目 上側 | E83: kN/m | F83: 2030.3 | G83: 2030.3
A84: 有効抵抗土圧 | B84: 190 | C84: 6 | D84: 2列目 下側 | E84: kN/m | F84: 2377.7 | G84: 2377.7
... A87: 有効抵抗土圧 | B87: 192 | C87: 5 | D87: 2列目 上側 | E87: kN/m | F87: 2548.4 | G87: 2548.4
A88: 採用したSDC原値
A89: 処理 | B89: SDC行 | C89: CSV欄 | D89: 項目 | E89: 単位 | F89: 原値 | G89: 正確な十進文字列
A90: 有効抵抗土圧 | B90: 192 | C90: 6 | D90: 2列目 下側 | E90: kN/m | F90: 3874.2 | G90: 3874.2
A91: 有効抵抗土圧 | B91: 193 | C91: 5 | D91: 2列目 上側 | E91: kN/m | F91: 2059.2 | G91: 2059.2
A92: 有効抵抗土圧 | B92: 193 | C92: 6 | D92: 2列目 下側 | E92: kN/m | F92: 2059.2 | G92: 2059.2
A93: 有効抵抗土圧 | B93: 187 | C93: 3 | D93: 1列目 上側 | E93: kN/m | F93: 2907.3 | G93: 2907.3
A94: 有効抵抗土圧 | B94: 187 | C94: 4 | D94: 1列目 下側 | E94: kN/m | F94: 3324.3 | G94: 3324.3
A95: 有効抵抗土圧 | B95: 188 | C95: 3 | D95: 1列目 上側 | E95: kN/m | F95: 5045.2 | G95: 5045.2
A96: 有効抵抗土圧 | B96: 188 | C96: 4 | D96: 1列目 下側 | E96: kN/m | F96: 5593.6 | G96: 5593.6
A97: 有効抵抗土圧 | B97: 189 | C97: 3 | D97: 1列目 上側 | E97: kN/m | F97: 1755 | G97: 1755.0
A98: 有効抵抗土圧 | B98: 189 | C98: 4 | D98: 1列目 下側 | E98: kN/m | F98: 1755 | G98: 1755.0
A99: 有効抵抗土圧 | B99: 190 | C99: 3 | D99: 1列目 上側 | E99: kN/m | F99: 5872.6 | G99: 5872.6
A100: 有効抵抗土圧 | B100: 190 | C100: 4 | D100: 1列目 下側 | E100: kN/m | F100: 6877.6 | G100: 6877.6
A101: 有効抵抗土圧 | B101: 191 | C101: 3 | D101: 1列目 上側 | E101: kN/m | F101: 6809.4 | G101: 6809.4
... A104: 有効抵抗土圧 | B104: 192 | C104: 4 | D104: 1列目 下側 | E104: kN/m | F104: 11206.2 | G104: 11206.2
A105: 採用したSDC原値
A106: 処理 | B106: SDC行 | C106: CSV欄 | D106: 項目 | E106: 単位 | F106: 原値 | G106: 正確な十進文字列
A107: 有効抵抗土圧 | B107: 193 | C107: 3 | D107: 1列目 上側 | E107: kN/m | F107: 3088.8 | G107: 3088.8
A108: 有効抵抗土圧 | B108: 193 | C108: 4 | D108: 1列目 下側 | E108: kN/m | F108: 3088.8 | G108: 3088.8
A109: 杭周面ばね | B109: 214 | C109: 10 | D109: 押込み 短期第1勾配 K1 | E109: kN/m² | F109: 46127 | G109: 46127
A110: 杭周面ばね | B110: 246 | C110: 4 | D110: 押込み 降伏点 Fy | E110: kN/m | F110: 294.1 | G110: 294.1
A111: 杭周面ばね | B111: 215 | C111: 10 | D111: 押込み 短期第1勾配 K1 | E111: kN/m² | F111: 112020 | G111: 112020
A112: 杭周面ばね | B112: 247 | C112: 4 | D112: 押込み 降伏点 Fy | E112: kN/m | F112: 1411.5 | G112: 1411.5
...
