Workbook

Sheet 変換結果
A1: 変換結果
A2: モデル保存と同一実行 2026-09-17T15:06:36.332488+09:00
A3: 青文字：原値 黄色：変換時の実入力（固定） 数式：再計算値。条件変更時はアプリから再実行してください。
A5: モデル: C:\Users\sasai\Documents\structural-design\snap\今町橋りょう4P(C方向･右押し→).ndu
A6: 計算対象 207件 変更 123件 追加 0件 同値 84件 保留 0件
A7: 周面の抵抗0による除外: 12節点
A9: 最終入力一覧
A10: 処理 | B10: KG | C10: 列 | D10: 対象 | E10: 番号 | F10: 支点項目 | G10: NDU行 | H10: 欄番号 | I10: 入力欄 | J10: 実入力 | K10: 単位 | L10: 結果
A11: 水平地盤ばね | B11: 4 | C11: 1 | D11: 部材 | E11: 98 | G11: 656 | H11: 2 | I11: 水平ばね | J11: 58812 | K11: kN/m² | L11: 同値
A12: 水平地盤ばね | B12: 4 | C12: 1 | D12: 部材 | E12: 99 | G12: 657 | H12: 2 | I12: 水平ばね | J12: 272086 | K12: kN/m² | L12: 変更
A13: 水平地盤ばね | B13: 4 | C13: 1 | D13: 部材 | E13: 100 | G13: 658 | H13: 2 | I13: 水平ばね | J13: 141501 | K13: kN/m² | L13: 変更
A14: 水平地盤ばね | B14: 4 | C14: 1 | D14: 部材 | E14: 101 | G14: 659 | H14: 2 | I14: 水平ばね | J14: 110708 | K14: kN/m² | L14: 変更
A15: 水平地盤ばね | B15: 4 | C15: 1 | D15: 部材 | E15: 102 | G15: 660 | H15: 2 | I15: 水平ばね | J15: 208029 | K15: kN/m² | L15: 変更
A16: 水平地盤ばね | B16: 4 | C16: 1 | D16: 部材 | E16: 103 | G16: 661 | H16: 2 | I16: 水平ばね | J16: 268854 | K16: kN/m² | L16: 同値
A17: 水平地盤ばね | B17: 4 | C17: 1 | D17: 部材 | E17: 104 | G17: 662 | H17: 2 | I17: 水平ばね | J17: 363440 | K17: kN/m² | L17: 同値
A18: 水平地盤ばね | B18: 4 | C18: 1 | D18: 部材 | E18: 105 | G18: 663 | H18: 2 | I18: 水平ばね | J18: 403280 | K18: kN/m² | L18: 同値
A19: 水平地盤ばね | B19: 4 | C19: 1 | D19: 部材 | E19: 106 | G19: 664 | H19: 2 | I19: 水平ばね | J19: 403280 | K19: kN/m² | L19: 同値
A20: 水平地盤ばね | B20: 4 | C20: 1 | D20: 部材 | E20: 107 | G20: 665 | H20: 2 | I20: 水平ばね | J20: 403280 | K20: kN/m² | L20: 同値
A21: 水平地盤ばね | B21: 4 | C21: 1 | D21: 部材 | E21: 108 | G21: 666 | H21: 2 | I21: 水平ばね | J21: 403280 | K21: kN/m² | L21: 同値
A22: 水平地盤ばね | B22: 4 | C22: 1 | D22: 部材 | E22: 109 | G22: 667 | H22: 2 | I22: 水平ばね | J22: 403280 | K22: kN/m² | L22: 同値
... A226: 有効抵抗土圧 | B226: 6 | C226: 3 | D226: 部材 | E226: 171 | G226: 729 | H226: 4 | I226: 下端土圧 | J226: 3088.8 | K226: kN/m | L226: 同値
A227: 杭周面ばね | B227: 4 | C227: 1 | D227: 節点 | E227: 102 | F227: 61 | G227: 1416 | H227: 4 | I227: K1+ | J227: 51629 | K227: kN/m | L227: 変更
A228: 杭周面ばね | B228: 4 | C228: 1 | D228: 節点 | E228: 102 | F228: 61 | G228: 1416 | H228: 5 | I228: F1+ | J228: 433.8 | K228: kN | L228: 変更
A229: 杭周面ばね | B229: 4 | C229: 1 | D229: 節点 | E229: 102 | F229: 61 | G229: 1416 | H229: 6 | I229: F1- | J229: 433.8 | K229: kN | L229: 変更
A230: 杭周面ばね | B230: 4 | C230: 1 | D230: 節点 | E230: 102 | F230: 61 | G230: 1416 | H230: 7 | I230: K2+ | J230: 51629 | K230: kN/m | L230: 変更
A231: 杭周面ばね | B231: 4 | C231: 1 | D231: 節点 | E231: 102 | F231: 61 | G231: 1416 | H231: 8 | I231: F2+ | J231: 433.8 | K231: kN | L231: 変更
A232: 杭周面ばね | B232: 4 | C232: 1 | D232: 節点 | E232: 102 | F232: 61 | G232: 1416 | H232: 9 | I232: F2- | J232: 433.8 | K232: kN | L232: 変更
A233: 杭周面ばね | B233: 4 | C233: 1 | D233: 節点 | E233: 102 | F233: 61 | G233: 1416 | H233: 10 | I233: K3+ | J233: 51629 | K233: kN/m | L233: 変更
A234: 杭周面ばね | B234: 4 | C234: 1 | D234: 節点 | E234: 102 | F234: 61 | G234: 1416 | H234: 11 | I234: K1- | J234: 51629 | K234: kN/m | L234: 変更
A235: 杭周面ばね | B235: 4 | C235: 1 | D235: 節点 | E235: 102 | F235: 61 | G235: 1416 | H235: 12 | I235: K2- | J235: 51629 | K235: kN/m | L235: 変更
A236: 杭周面ばね | B236: 4 | C236: 1 | D236: 節点 | E236: 102 | F236: 61 | G236: 1416 | H236: 13 | I236: K3- | J236: 51629 | K236: kN/m | L236: 変更
A237: 杭周面ばね | B237: 4 | C237: 1 | D237: 節点 | E237: 103 | F237: 62 | G237: 1417 | H237: 4 | I237: K1+ | J237: 145626 | K237: kN/m | L237: 変更
A238: 杭周面ばね | B238: 4 | C238: 1 | D238: 節点 | E238: 103 | F238: 62 | G238: 1417 | H238: 5 | I238: F1+ | J238: 1835 | K238: kN | L238: 変更
... A828: 杭先端ばね | B828: 4 | C828: 1 | D828: 節点 | E828: 122 | F828: 124 | G828: 1479 | H828: 5 | I828: F1+ | J828: 7167.5 | K828: kN | L828: 同値
A829: 杭先端ばね | B829: 4 | C829: 1 | D829: 節点 | E829: 122 | F829: 124 | G829: 1479 | H829: 6 | I829: F1- | K829: kN | L829: 同値
A830: 杭先端ばね | B830: 4 | C830: 1 | D830: 節点 | E830: 122 | F830: 124 | G830: 1479 | H830: 7 | I830: K2+ | J830: 88418 | K830: kN/m | L830: 同値
A831: 杭先端ばね | B831: 4 | C831: 1 | D831: 節点 | E831: 122 | F831: 124 | G831: 1479 | H831: 8 | I831: F2+ | J831: 16724.3 | K831: kN | L831: 同値
A832: 杭先端ばね | B832: 4 | C832: 1 | D832: 節点 | E832: 122 | F832: 124 | G832: 1479 | H832: 9 | I832: F2- | K832: kN | L832: 同値
A833: 杭先端ばね | B833: 4 | C833: 1 | D833: 節点 | E833: 122 | F833: 124 | G833: 1479 | H833: 10 | I833: K3+ | J833: 88418 | K833: kN/m | L833: 同値
A834: 杭先端ばね | B834: 4 | C834: 1 | D834: 節点 | E834: 122 | F834: 124 | G834: 1479 | H834: 11 | I834: K1- | J834: 327072 | K834: kN/m | L834: 同値
A835: 杭先端ばね | B835: 4 | C835: 1 | D835: 節点 | E835: 122 | F835: 124 | G835: 1479 | H835: 12 | I835: K2- | J835: 88418 | K835: kN/m | L835: 同値
A836: 杭先端ばね | B836: 4 | C836: 1 | D836: 節点 | E836: 122 | F836: 124 | G836: 1479 | H836: 13 | I836: K3- | J836: 88418 | K836: kN/m | L836: 同値
A837: 杭先端ばね | B837: 5 | C837: 2 | D837: 節点 | E837: 147 | F837: 125 | G837: 1480 | H837: 4 | I837: K1+ | J837: 218048 | K837: kN/m | L837: 同値
A838: 杭先端ばね | B838: 5 | C838: 2 | D838: 節点 | E838: 147 | F838: 125 | G838: 1480 | H838: 5 | I838: F1+ | J838: 4778.4 | K838: kN | L838: 同値
A839: 杭先端ばね | B839: 5 | C839: 2 | D839: 節点 | E839: 147 | F839: 125 | G839: 1480 | H839: 6 | I839: F1- | K839: kN | L839: 同値
A840: 杭先端ばね | B840: 5 | C840: 2 | D840: 節点 | E840: 147 | F840: 125 | G840: 1480 | H840: 7 | I840: K2+ | J840: 58945 | K840: kN/m | L840: 同値
A841: 杭先端ばね | B841: 5 | C841: 2 | D841: 節点 | E841: 147 | F841: 125 | G841: 1480 | H841: 8 | I841: F2+ | J841: 11149.5 | K841: kN | L841: 同値
A842: 杭先端ばね | B842: 5 | C842: 2 | D842: 節点 | E842: 147 | F842: 125 | G842: 1480 | H842: 9 | I842: F2- | K842: kN | L842: 同値
A843: 杭先端ばね | B843: 5 | C843: 2 | D843: 節点 | E843: 147 | F843: 125 | G843: 1480 | H843: 10 | I843: K3+ | J843: 58945 | K843: kN/m | L843: 同値
A844: 杭先端ばね | B844: 5 | C844: 2 | D844: 節点 | E844: 147 | F844: 125 | G844: 1480 | H844: 11 | I844: K1- | J844: 218048 | K844: kN/m | L844: 同値
A845: 杭先端ばね | B845: 5 | C845: 2 | D845: 節点 | E845: 147 | F845: 125 | G845: 1480 | H845: 12 | I845: K2- | J845: 58945 | K845: kN/m | L845: 同値
A846: 杭先端ばね | B846: 5 | C846: 2 | D846: 節点 | E846: 147 | F846: 125 | G846: 1480 | H846: 13 | I846: K3- | J846: 58945 | K846: kN/m | L846: 同値
A847: 杭先端ばね | B847: 6 | C847: 3 | D847: 節点 | E847: 172 | F847: 126 | G847: 1481 | H847: 4 | I847: K1+ | J847: 327072 | K847: kN/m | L847: 同値
A848: 杭先端ばね | B848: 6 | C848: 3 | D848: 節点 | E848: 172 | F848: 126 | G848: 1481 | H848: 5 | I848: F1+ | J848: 7167.5 | K848: kN | L848: 同値
A849: 杭先端ばね | B849: 6 | C849: 3 | D849: 節点 | E849: 172 | F849: 126 | G849: 1481 | H849: 6 | I849: F1- | K849: kN | L849: 同値
A850: 杭先端ばね | B850: 6 | C850: 3 | D850: 節点 | E850: 172 | F850: 126 | G850: 1481 | H850: 7 | I850: K2+ | J850: 88418 | K850: kN/m | L850: 同値
A851: 杭先端ばね | B851: 6 | C851: 3 | D851: 節点 | E851: 172 | F851: 126 | G851: 1481 | H851: 8 | I851: F2+ | J851: 16724.3 | K851: kN | L851: 同値
A852: 杭先端ばね | B852: 6 | C852: 3 | D852: 節点 | E852: 172 | F852: 126 | G852: 1481 | H852: 9 | I852: F2- | K852: kN | L852: 同値
A853: 杭先端ばね | B853: 6 | C853: 3 | D853: 節点 | E853: 172 | F853: 126 | G853: 1481 | H853: 10 | I853: K3+ | J853: 88418 | K853: kN/m | L853: 同値
A854: 杭先端ばね | B854: 6 | C854: 3 | D854: 節点 | E854: 172 | F854: 126 | G854: 1481 | H854: 11 | I854: K1- | J854: 327072 | K854: kN/m | L854: 同値
A855: 杭先端ばね | B855: 6 | C855: 3 | D855: 節点 | E855: 172 | F855: 126 | G855: 1481 | H855: 12 | I855: K2- | J855: 88418 | K855: kN/m | L855: 同値
A856: 杭先端ばね | B856: 6 | C856: 3 | D856: 節点 | E856: 172 | F856: 126 | G856: 1481 | H856: 13 | I856: K3- | J856: 88418 | K856: kN/m | L856: 同値
A858: 変更前後（空欄と0を区別）
A859: 処理 | B859: KG | C859: 対象 | D859: 番号 | E859: 入力欄 | F859: 変更前 | G859: 実入力 | H859: 差 | I859: 処理結果 | J859: 空欄の変更
A860: 水平地盤ばね | B860: 4 | C860: 部材 | D860: 98 | E860: 水平ばね | F860: 58812 | G860: 58812 | H860: =(G860-F860) -> 0 | I860: 同値
A861: 水平地盤ばね | B861: 4 | C861: 部材 | D861: 99 | E861: 水平ばね | F861: 272084 | G861: 272086 | H861: =(G861-F861) -> 2 | I861: 変更
A862: 水平地盤ばね | B862: 4 | C862: 部材 | D862: 100 | E862: 水平ばね | F862: 141502 | G862: 141501 | H862: =(G862-F862) -> -1 | I862: 変更
A863: 水平地盤ばね | B863: 4 | C863: 部材 | D863: 101 | E863: 水平ばね | F863: 110709 | G863: 110708 | H863: =(G863-F863) -> -1 | I863: 変更
A864: 水平地盤ばね | B864: 4 | C864: 部材 | D864: 102 | E864: 水平ばね | F864: 165449 | G864: 208029 | H864: =(G864-F864) -> 42580 | I864: 変更
A865: 水平地盤ばね | B865: 4 | C865: 部材 | D865: 103 | E865: 水平ばね | F865: 268854 | G865: 268854 | H865: =(G865-F865) -> 0 | I865: 同値
A866: 水平地盤ばね | B866: 4 | C866: 部材 | D866: 104 | E866: 水平ばね | F866: 363440 | G866: 363440 | H866: =(G866-F866) -> 0 | I866: 同値
A867: 水平地盤ばね | B867: 4 | C867: 部材 | D867: 105 | E867: 水平ばね | F867: 403280 | G867: 403280 | H867: =(G867-F867) -> 0 | I867: 同値
A868: 水平地盤ばね | B868: 4 | C868: 部材 | D868: 106 | E868: 水平ばね | F868: 403280 | G868: 403280 | H868: =(G868-F868) -> 0 | I868: 同値
A869: 水平地盤ばね | B869: 4 | C869: 部材 | D869: 107 | E869: 水平ばね | F869: 403280 | G869: 403280 | H869: =(G869-F869) -> 0 | I869: 同値
A870: 水平地盤ばね | B870: 4 | C870: 部材 | D870: 108 | E870: 水平ばね | F870: 403280 | G870: 403280 | H870: =(G870-F870) -> 0 | I870: 同値
A871: 水平地盤ばね | B871: 4 | C871: 部材 | D871: 109 | E871: 水平ばね | F871: 403280 | G871: 403280 | H871: =(G871-F871) -> 0 | I871: 同値
... A1677: 杭先端ばね | B1677: 4 | C1677: 節点 | D1677: 122 | E1677: F1+ | F1677: 7167.5 | G1677: 7167.5 | H1677: =(G1677-F1677) -> 0 | I1677: 同値
A1678: 杭先端ばね | B1678: 4 | C1678: 節点 | D1678: 122 | E1678: F1- | I1678: 同値
A1679: 杭先端ばね | B1679: 4 | C1679: 節点 | D1679: 122 | E1679: K2+ | F1679: 88418 | G1679: 88418 | H1679: =(G1679-F1679) -> 0 | I1679: 同値
A1680: 杭先端ばね | B1680: 4 | C1680: 節点 | D1680: 122 | E1680: F2+ | F1680: 16724.3 | G1680: 16724.3 | H1680: =(G1680-F1680) -> 0 | I1680: 同値
A1681: 杭先端ばね | B1681: 4 | C1681: 節点 | D1681: 122 | E1681: F2- | I1681: 同値
A1682: 杭先端ばね | B1682: 4 | C1682: 節点 | D1682: 122 | E1682: K3+ | F1682: 88418 | G1682: 88418 | H1682: =(G1682-F1682) -> 0 | I1682: 同値
A1683: 杭先端ばね | B1683: 4 | C1683: 節点 | D1683: 122 | E1683: K1- | F1683: 327072 | G1683: 327072 | H1683: =(G1683-F1683) -> 0 | I1683: 同値
A1684: 杭先端ばね | B1684: 4 | C1684: 節点 | D1684: 122 | E1684: K2- | F1684: 88418 | G1684: 88418 | H1684: =(G1684-F1684) -> 0 | I1684: 同値
A1685: 杭先端ばね | B1685: 4 | C1685: 節点 | D1685: 122 | E1685: K3- | F1685: 88418 | G1685: 88418 | H1685: =(G1685-F1685) -> 0 | I1685: 同値
A1686: 杭先端ばね | B1686: 5 | C1686: 節点 | D1686: 147 | E1686: K1+ | F1686: 218048 | G1686: 218048 | H1686: =(G1686-F1686) -> 0 | I1686: 同値
A1687: 杭先端ばね | B1687: 5 | C1687: 節点 | D1687: 147 | E1687: F1+ | F1687: 4778.4 | G1687: 4778.4 | H1687: =(G1687-F1687) -> 0 | I1687: 同値
A1688: 杭先端ばね | B1688: 5 | C1688: 節点 | D1688: 147 | E1688: F1- | I1688: 同値
A1689: 杭先端ばね | B1689: 5 | C1689: 節点 | D1689: 147 | E1689: K2+ | F1689: 58945 | G1689: 58945 | H1689: =(G1689-F1689) -> 0 | I1689: 同値
A1690: 杭先端ばね | B1690: 5 | C1690: 節点 | D1690: 147 | E1690: F2+ | F1690: 11149.5 | G1690: 11149.5 | H1690: =(G1690-F1690) -> 0 | I1690: 同値
A1691: 杭先端ばね | B1691: 5 | C1691: 節点 | D1691: 147 | E1691: F2- | I1691: 同値
A1692: 杭先端ばね | B1692: 5 | C1692: 節点 | D1692: 147 | E1692: K3+ | F1692: 58945 | G1692: 58945 | H1692: =(G1692-F1692) -> 0 | I1692: 同値
A1693: 杭先端ばね | B1693: 5 | C1693: 節点 | D1693: 147 | E1693: K1- | F1693: 218048 | G1693: 218048 | H1693: =(G1693-F1693) -> 0 | I1693: 同値
A1694: 杭先端ばね | B1694: 5 | C1694: 節点 | D1694: 147 | E1694: K2- | F1694: 58945 | G1694: 58945 | H1694: =(G1694-F1694) -> 0 | I1694: 同値
A1695: 杭先端ばね | B1695: 5 | C1695: 節点 | D1695: 147 | E1695: K3- | F1695: 58945 | G1695: 58945 | H1695: =(G1695-F1695) -> 0 | I1695: 同値
A1696: 杭先端ばね | B1696: 6 | C1696: 節点 | D1696: 172 | E1696: K1+ | F1696: 327072 | G1696: 327072 | H1696: =(G1696-F1696) -> 0 | I1696: 同値
A1697: 杭先端ばね | B1697: 6 | C1697: 節点 | D1697: 172 | E1697: F1+ | F1697: 7167.5 | G1697: 7167.5 | H1697: =(G1697-F1697) -> 0 | I1697: 同値
A1698: 杭先端ばね | B1698: 6 | C1698: 節点 | D1698: 172 | E1698: F1- | I1698: 同値
A1699: 杭先端ばね | B1699: 6 | C1699: 節点 | D1699: 172 | E1699: K2+ | F1699: 88418 | G1699: 88418 | H1699: =(G1699-F1699) -> 0 | I1699: 同値
A1700: 杭先端ばね | B1700: 6 | C1700: 節点 | D1700: 172 | E1700: F2+ | F1700: 16724.3 | G1700: 16724.3 | H1700: =(G1700-F1700) -> 0 | I1700: 同値
...

Sheet 水平地盤ばね
A1: 水平地盤ばね
A2: モデル保存と同一実行 2026-09-17T15:06:36.332488+09:00
A3: 青文字：原値 黄色：変換時の実入力（固定） 数式：再計算値。条件変更時はアプリから再実行してください。
A6: 部材別の結果
A7: KG | B7: 列 | C7: 部材 | D7: 方法 | E7: 丸め前 | F7: 再計算値 (kN/m²) | G7: 実入力 (kN/m²) | H7: 差
A8: 4 | B8: 1 | C8: 98 | D8: 単一層転記 | E8: =(SUM(K158)/H83) -> 58812 | F8: =J158 -> 58812 | G8: 58812 | H8: =(F8-G8) -> 0
A9: 4 | B9: 1 | C9: 99 | D9: 長さ加重平均 | E9: =(SUM(K159,K160)/H84) -> 272085.92 | F9: =ROUND(E9,0) -> 272086 | G9: 272086 | H9: =(F9-G9) -> 0
A10: 4 | B10: 1 | C10: 100 | D10: 長さ加重平均 | E10: =(SUM(K161,K162)/H85) -> 141501.08 | F10: =ROUND(E10,0) -> 141501 | G10: 141501 | H10: =(F10-G10) -> 0
A11: 4 | B11: 1 | C11: 101 | D11: 単一層転記 | E11: =(SUM(K163)/H86) -> 110708 | F11: =J163 -> 110708 | G11: 110708 | H11: =(F11-G11) -> 0
A12: 4 | B12: 1 | C12: 102 | D12: 長さ加重平均 | E12: =(SUM(K164,K165)/H87) -> 208028.62 | F12: =ROUND(E12,0) -> 208029 | G12: 208029 | H12: =(F12-G12) -> 0
A13: 4 | B13: 1 | C13: 103 | D13: 単一層転記 | E13: =(SUM(K166)/H88) -> 268854 | F13: =J166 -> 268854 | G13: 268854 | H13: =(F13-G13) -> 0
A14: 4 | B14: 1 | C14: 104 | D14: 長さ加重平均 | E14: =(SUM(K167,K168,K169)/H89) -> 363439.69 | F14: =ROUND(E14,0) -> 363440 | G14: 363440 | H14: =(F14-G14) -> 0
A15: 4 | B15: 1 | C15: 105 | D15: 単一層転記 | E15: =(SUM(K170)/H90) -> 403280 | F15: =J170 -> 403280 | G15: 403280 | H15: =(F15-G15) -> 0
A16: 4 | B16: 1 | C16: 106 | D16: 単一層転記 | E16: =(SUM(K171)/H91) -> 403280 | F16: =J171 -> 403280 | G16: 403280 | H16: =(F16-G16) -> 0
A17: 4 | B17: 1 | C17: 107 | D17: 単一層転記 | E17: =(SUM(K172)/H92) -> 403280 | F17: =J172 -> 403280 | G17: 403280 | H17: =(F17-G17) -> 0
A18: 4 | B18: 1 | C18: 108 | D18: 単一層転記 | E18: =(SUM(K173)/H93) -> 403280 | F18: =J173 -> 403280 | G18: 403280 | H18: =(F18-G18) -> 0
A19: 4 | B19: 1 | C19: 109 | D19: 単一層転記 | E19: =(SUM(K174)/H94) -> 403280 | F19: =J174 -> 403280 | G19: 403280 | H19: =(F19-G19) -> 0
A20: 4 | B20: 1 | C20: 110 | D20: 単一層転記 | E20: =(SUM(K175)/H95) -> 403280 | F20: =J175 -> 403280 | G20: 403280 | H20: =(F20-G20) -> 0
A21: 4 | B21: 1 | C21: 111 | D21: 単一層転記 | E21: =(SUM(K176)/H96) -> 403280 | F21: =J176 -> 403280 | G21: 403280 | H21: =(F21-G21) -> 0
A22: 4 | B22: 1 | C22: 112 | D22: 長さ加重平均 | E22: =(SUM(K177,K178)/H97) -> 225971 | F22: =ROUND(E22,0) -> 225971 | G22: 225971 | H22: =(F22-G22) -> 0
A23: 4 | B23: 1 | C23: 113 | D23: 単一層転記 | E23: =(SUM(K179)/H98) -> 193733 | F23: =J179 -> 193733 | G23: 193733 | H23: =(F23-G23) -> 0
A24: 4 | B24: 1 | C24: 114 | D24: 単一層転記 | E24: =(SUM(K180)/H99) -> 193733 | F24: =J180 -> 193733 | G24: 193733 | H24: =(F24-G24) -> 0
A25: 4 | B25: 1 | C25: 115 | D25: 単一層転記 | E25: =(SUM(K181)/H100) -> 193733 | F25: =J181 -> 193733 | G25: 193733 | H25: =(F25-G25) -> 0
A26: 4 | B26: 1 | C26: 116 | D26: 単一層転記 | E26: =(SUM(K182)/H101) -> 193733 | F26: =J182 -> 193733 | G26: 193733 | H26: =(F26-G26) -> 0
A27: 4 | B27: 1 | C27: 117 | D27: 単一層転記 | E27: =(SUM(K183)/H102) -> 193733 | F27: =J183 -> 193733 | G27: 193733 | H27: =(F27-G27) -> 0
A28: 4 | B28: 1 | C28: 118 | D28: 単一層転記 | E28: =(SUM(K184)/H103) -> 193733 | F28: =J184 -> 193733 | G28: 193733 | H28: =(F28-G28) -> 0
A29: 4 | B29: 1 | C29: 119 | D29: 単一層転記 | E29: =(SUM(K185)/H104) -> 193733 | F29: =J185 -> 193733 | G29: 193733 | H29: =(F29-G29) -> 0
A30: 4 | B30: 1 | C30: 120 | D30: 単一層転記 | E30: =(SUM(K186)/H105) -> 193733 | F30: =J186 -> 193733 | G30: 193733 | H30: =(F30-G30) -> 0
A31: 4 | B31: 1 | C31: 121 | D31: 単一層転記 | E31: =(SUM(K187)/H106) -> 193733 | F31: =J187 -> 193733 | G31: 193733 | H31: =(F31-G31) -> 0
A32: 5 | B32: 2 | C32: 123 | D32: 単一層転記 | E32: =(SUM(K188)/H107) -> 39208 | F32: =J188 -> 39208 | G32: 39208 | H32: =(F32-G32) -> 0
A33: 5 | B33: 2 | C33: 124 | D33: 長さ加重平均 | E33: =(SUM(K189,K190)/H108) -> 181390.62 | F33: =ROUND(E33,0) -> 181391 | G33: 181391 | H33: =(F33-G33) -> 0
A34: 5 | B34: 2 | C34: 125 | D34: 長さ加重平均 | E34: =(SUM(K191,K192)/H109) -> 94333.769 | F34: =ROUND(E34,0) -> 94334 | G34: 94334 | H34: =(F34-G34) -> 0
A35: 5 | B35: 2 | C35: 126 | D35: 単一層転記 | E35: =(SUM(K193)/H110) -> 73805 | F35: =J193 -> 73805 | G35: 73805 | H35: =(F35-G35) -> 0
A36: 5 | B36: 2 | C36: 127 | D36: 長さ加重平均 | E36: =(SUM(K194,K195)/H111) -> 138685.62 | F36: =ROUND(E36,0) -> 138686 | G36: 138686 | H36: =(F36-G36) -> 0
A37: 5 | B37: 2 | C37: 128 | D37: 単一層転記 | E37: =(SUM(K196)/H112) -> 179236 | F37: =J196 -> 179236 | G37: 179236 | H37: =(F37-G37) -> 0
A38: 5 | B38: 2 | C38: 129 | D38: 長さ加重平均 | E38: =(SUM(K197,K198,K199)/H113) -> 242293.08 | F38: =ROUND(E38,0) -> 242293 | G38: 242293 | H38: =(F38-G38) -> 0
A39: 5 | B39: 2 | C39: 130 | D39: 単一層転記 | E39: =(SUM(K200)/H114) -> 268854 | F39: =J200 -> 268854 | G39: 268854 | H39: =(F39-G39) -> 0
A40: 5 | B40: 2 | C40: 131 | D40: 単一層転記 | E40: =(SUM(K201)/H115) -> 268854 | F40: =J201 -> 268854 | G40: 268854 | H40: =(F40-G40) -> 0
A41: 5 | B41: 2 | C41: 132 | D41: 単一層転記 | E41: =(SUM(K202)/H116) -> 268854 | F41: =J202 -> 268854 | G41: 268854 | H41: =(F41-G41) -> 0
A42: 5 | B42: 2 | C42: 133 | D42: 単一層転記 | E42: =(SUM(K203)/H117) -> 268854 | F42: =J203 -> 268854 | G42: 268854 | H42: =(F42-G42) -> 0
A43: 5 | B43: 2 | C43: 134 | D43: 単一層転記 | E43: =(SUM(K204)/H118) -> 268854 | F43: =J204 -> 268854 | G43: 268854 | H43: =(F43-G43) -> 0
A44: 5 | B44: 2 | C44: 135 | D44: 単一層転記 | E44: =(SUM(K205)/H119) -> 268854 | F44: =J205 -> 268854 | G44: 268854 | H44: =(F44-G44) -> 0
A45: 5 | B45: 2 | C45: 136 | D45: 単一層転記 | E45: =(SUM(K206)/H120) -> 268854 | F45: =J206 -> 268854 | G45: 268854 | H45: =(F45-G45) -> 0
A46: 5 | B46: 2 | C46: 137 | D46: 長さ加重平均 | E46: =(SUM(K207,K208)/H121) -> 150647.15 | F46: =ROUND(E46,0) -> 150647 | G46: 150647 | H46: =(F46-G46) -> 0
A47: 5 | B47: 2 | C47: 138 | D47: 単一層転記 | E47: =(SUM(K209)/H122) -> 129155 | F47: =J209 -> 129155 | G47: 129155 | H47: =(F47-G47) -> 0
A48: 5 | B48: 2 | C48: 139 | D48: 単一層転記 | E48: =(SUM(K210)/H123) -> 129155 | F48: =J210 -> 129155 | G48: 129155 | H48: =(F48-G48) -> 0
A49: 5 | B49: 2 | C49: 140 | D49: 単一層転記 | E49: =(SUM(K211)/H124) -> 129155 | F49: =J211 -> 129155 | G49: 129155 | H49: =(F49-G49) -> 0
A50: 5 | B50: 2 | C50: 141 | D50: 単一層転記 | E50: =(SUM(K212)/H125) -> 129155 | F50: =J212 -> 129155 | G50: 129155 | H50: =(F50-G50) -> 0
A51: 5 | B51: 2 | C51: 142 | D51: 単一層転記 | E51: =(SUM(K213)/H126) -> 129155 | F51: =J213 -> 129155 | G51: 129155 | H51: =(F51-G51) -> 0
A52: 5 | B52: 2 | C52: 143 | D52: 単一層転記 | E52: =(SUM(K214)/H127) -> 129155 | F52: =J214 -> 129155 | G52: 129155 | H52: =(F52-G52) -> 0
A53: 5 | B53: 2 | C53: 144 | D53: 単一層転記 | E53: =(SUM(K215)/H128) -> 129155 | F53: =J215 -> 129155 | G53: 129155 | H53: =(F53-G53) -> 0
A54: 5 | B54: 2 | C54: 145 | D54: 単一層転記 | E54: =(SUM(K216)/H129) -> 129155 | F54: =J216 -> 129155 | G54: 129155 | H54: =(F54-G54) -> 0
A55: 5 | B55: 2 | C55: 146 | D55: 単一層転記 | E55: =(SUM(K217)/H130) -> 129155 | F55: =J217 -> 129155 | G55: 129155 | H55: =(F55-G55) -> 0
A56: 6 | B56: 3 | C56: 148 | D56: 単一層転記 | E56: =(SUM(K218)/H131) -> 58812 | F56: =J218 -> 58812 | G56: 58812 | H56: =(F56-G56) -> 0
A57: 6 | B57: 3 | C57: 149 | D57: 長さ加重平均 | E57: =(SUM(K219,K220)/H132) -> 272085.92 | F57: =ROUND(E57,0) -> 272086 | G57: 272086 | H57: =(F57-G57) -> 0
A58: 6 | B58: 3 | C58: 150 | D58: 長さ加重平均 | E58: =(SUM(K221,K222)/H133) -> 141501.08 | F58: =ROUND(E58,0) -> 141501 | G58: 141501 | H58: =(F58-G58) -> 0
A59: 6 | B59: 3 | C59: 151 | D59: 単一層転記 | E59: =(SUM(K223)/H134) -> 110708 | F59: =J223 -> 110708 | G59: 110708 | H59: =(F59-G59) -> 0
A60: 6 | B60: 3 | C60: 152 | D60: 長さ加重平均 | E60: =(SUM(K224,K225)/H135) -> 208028.62 | F60: =ROUND(E60,0) -> 208029 | G60: 208029 | H60: =(F60-G60) -> 0
A61: 6 | B61: 3 | C61: 153 | D61: 単一層転記 | E61: =(SUM(K226)/H136) -> 268854 | F61: =J226 -> 268854 | G61: 268854 | H61: =(F61-G61) -> 0
A62: 6 | B62: 3 | C62: 154 | D62: 長さ加重平均 | E62: =(SUM(K227,K228,K229)/H137) -> 363439.69 | F62: =ROUND(E62,0) -> 363440 | G62: 363440 | H62: =(F62-G62) -> 0
A63: 6 | B63: 3 | C63: 155 | D63: 単一層転記 | E63: =(SUM(K230)/H138) -> 403280 | F63: =J230 -> 403280 | G63: 403280 | H63: =(F63-G63) -> 0
A64: 6 | B64: 3 | C64: 156 | D64: 単一層転記 | E64: =(SUM(K231)/H139) -> 403280 | F64: =J231 -> 403280 | G64: 403280 | H64: =(F64-G64) -> 0
A65: 6 | B65: 3 | C65: 157 | D65: 単一層転記 | E65: =(SUM(K232)/H140) -> 403280 | F65: =J232 -> 403280 | G65: 403280 | H65: =(F65-G65) -> 0
A66: 6 | B66: 3 | C66: 158 | D66: 単一層転記 | E66: =(SUM(K233)/H141) -> 403280 | F66: =J233 -> 403280 | G66: 403280 | H66: =(F66-G66) -> 0
A67: 6 | B67: 3 | C67: 159 | D67: 単一層転記 | E67: =(SUM(K234)/H142) -> 403280 | F67: =J234 -> 403280 | G67: 403280 | H67: =(F67-G67) -> 0
A68: 6 | B68: 3 | C68: 160 | D68: 単一層転記 | E68: =(SUM(K235)/H143) -> 403280 | F68: =J235 -> 403280 | G68: 403280 | H68: =(F68-G68) -> 0
A69: 6 | B69: 3 | C69: 161 | D69: 単一層転記 | E69: =(SUM(K236)/H144) -> 403280 | F69: =J236 -> 403280 | G69: 403280 | H69: =(F69-G69) -> 0
A70: 6 | B70: 3 | C70: 162 | D70: 長さ加重平均 | E70: =(SUM(K237,K238)/H145) -> 225971 | F70: =ROUND(E70,0) -> 225971 | G70: 225971 | H70: =(F70-G70) -> 0
A71: 6 | B71: 3 | C71: 163 | D71: 単一層転記 | E71: =(SUM(K239)/H146) -> 193733 | F71: =J239 -> 193733 | G71: 193733 | H71: =(F71-G71) -> 0
A72: 6 | B72: 3 | C72: 164 | D72: 単一層転記 | E72: =(SUM(K240)/H147) -> 193733 | F72: =J240 -> 193733 | G72: 193733 | H72: =(F72-G72) -> 0
A73: 6 | B73: 3 | C73: 165 | D73: 単一層転記 | E73: =(SUM(K241)/H148) -> 193733 | F73: =J241 -> 193733 | G73: 193733 | H73: =(F73-G73) -> 0
A74: 6 | B74: 3 | C74: 166 | D74: 単一層転記 | E74: =(SUM(K242)/H149) -> 193733 | F74: =J242 -> 193733 | G74: 193733 | H74: =(F74-G74) -> 0
A75: 6 | B75: 3 | C75: 167 | D75: 単一層転記 | E75: =(SUM(K243)/H150) -> 193733 | F75: =J243 -> 193733 | G75: 193733 | H75: =(F75-G75) -> 0
A76: 6 | B76: 3 | C76: 168 | D76: 単一層転記 | E76: =(SUM(K244)/H151) -> 193733 | F76: =J244 -> 193733 | G76: 193733 | H76: =(F76-G76) -> 0
A77: 6 | B77: 3 | C77: 169 | D77: 単一層転記 | E77: =(SUM(K245)/H152) -> 193733 | F77: =J245 -> 193733 | G77: 193733 | H77: =(F77-G77) -> 0
A78: 6 | B78: 3 | C78: 170 | D78: 単一層転記 | E78: =(SUM(K246)/H153) -> 193733 | F78: =J246 -> 193733 | G78: 193733 | H78: =(F78-G78) -> 0
A79: 6 | B79: 3 | C79: 171 | D79: 単一層転記 | E79: =(SUM(K247)/H154) -> 193733 | F79: =J247 -> 193733 | G79: 193733 | H79: =(F79-G79) -> 0
A81: 部材の幾何
A82: KG | B82: 列 | C82: 部材 | D82: 上端節点 | E82: 下端節点 | F82: 上端深さ (m) | G82: 下端深さ (m) | H82: 部材長 (m)
A83: 4 | B83: 1 | C83: 98 | D83: 98 | E83: 99 | F83: 0 | G83: 1.3 | H83: =ROUND((G83-F83),4) -> 1.3
A84: 4 | B84: 1 | C84: 99 | D84: 99 | E84: 100 | F84: 1.3 | G84: 2.6 | H84: =ROUND((G84-F84),4) -> 1.3
A85: 4 | B85: 1 | C85: 100 | D85: 100 | E85: 101 | F85: 2.6 | G85: 3.9 | H85: =ROUND((G85-F85),4) -> 1.3
A86: 4 | B86: 1 | C86: 101 | D86: 101 | E86: 102 | F86: 3.9 | G86: 5.2 | H86: =ROUND((G86-F86),4) -> 1.3
A87: 4 | B87: 1 | C87: 102 | D87: 102 | E87: 103 | F87: 5.2 | G87: 6.5 | H87: =ROUND((G87-F87),4) -> 1.3
A88: 4 | B88: 1 | C88: 103 | D88: 103 | E88: 104 | F88: 6.5 | G88: 7.8 | H88: =ROUND((G88-F88),4) -> 1.3
A89: 4 | B89: 1 | C89: 104 | D89: 104 | E89: 105 | F89: 7.8 | G89: 9.1 | H89: =ROUND((G89-F89),4) -> 1.3
A90: 4 | B90: 1 | C90: 105 | D90: 105 | E90: 106 | F90: 9.1 | G90: 10.4 | H90: =ROUND((G90-F90),4) -> 1.3
A91: 4 | B91: 1 | C91: 106 | D91: 106 | E91: 107 | F91: 10.4 | G91: 11.7 | H91: =ROUND((G91-F91),4) -> 1.3
A92: 4 | B92: 1 | C92: 107 | D92: 107 | E92: 108 | F92: 11.7 | G92: 13 | H92: =ROUND((G92-F92),4) -> 1.3
A93: 4 | B93: 1 | C93: 108 | D93: 108 | E93: 109 | F93: 13 | G93: 14.3 | H93: =ROUND((G93-F93),4) -> 1.3
A94: 4 | B94: 1 | C94: 109 | D94: 109 | E94: 110 | F94: 14.3 | G94: 15.6 | H94: =ROUND((G94-F94),4) -> 1.3
... A154: 6 | B154: 3 | C154: 171 | D154: 171 | E154: 172 | F154: 29.9 | G154: 31 | H154: =ROUND((G154-F154),4) -> 1.1
A156: 層別の重なりと加重和
A157: KG | B157: 部材 | C157: 層 | D157: SDC行 | E157: 層上端 (m) | F157: 層下端 (m) | G157: 重なり上端 (m) | H157: 重なり下端 (m) | I157: 重なり長 (m) | J157: 原値 k (kN/m²) | K157: k×長さ (kN/m)
A158: 4 | B158: 98 | C158: 1 | D158: 174 | E158: 0 | F158: 1.5 | G158: =MAX(F83,E158) -> 0 | H158: =MIN(G83,F158) -> 1.3 | I158: =MAX(0,ROUND((H158-G158),4)) -> 1.3 | J158: ='入力根拠'!F34 -> 58812 | K158: =(J158*I158) -> 76455.6
A159: 4 | B159: 99 | C159: 1 | D159: 174 | E159: 0 | F159: 1.5 | G159: =MAX(F84,E159) -> 1.3 | H159: =MIN(G84,F159) -> 1.5 | I159: =MAX(0,ROUND((H159-G159),4)) -> 0.2 | J159: ='入力根拠'!F34 -> 58812 | K159: =(J159*I159) -> 11762.4
A160: 4 | B160: 99 | C160: 2 | D160: 175 | E160: 1.5 | F160: 2.8 | G160: =MAX(F84,E160) -> 1.5 | H160: =MIN(G84,F160) -> 2.6 | I160: =MAX(0,ROUND((H160-G160),4)) -> 1.1 | J160: ='入力根拠'!F35 -> 310863 | K160: =(J160*I160) -> 341949.3
A161: 4 | B161: 100 | C161: 2 | D161: 175 | E161: 1.5 | F161: 2.8 | G161: =MAX(F85,E161) -> 2.6 | H161: =MIN(G85,F161) -> 2.8 | I161: =MAX(0,ROUND((H161-G161),4)) -> 0.2 | J161: ='入力根拠'!F35 -> 310863 | K161: =(J161*I161) -> 62172.6
A162: 4 | B162: 100 | C162: 3 | D162: 176 | E162: 2.8 | F162: 5.7 | G162: =MAX(F85,E162) -> 2.8 | H162: =MIN(G85,F162) -> 3.9 | I162: =MAX(0,ROUND((H162-G162),4)) -> 1.1 | J162: ='入力根拠'!F36 -> 110708 | K162: =(J162*I162) -> 121778.8
A163: 4 | B163: 101 | C163: 3 | D163: 176 | E163: 2.8 | F163: 5.7 | G163: =MAX(F86,E163) -> 3.9 | H163: =MIN(G86,F163) -> 5.2 | I163: =MAX(0,ROUND((H163-G163),4)) -> 1.3 | J163: ='入力根拠'!F36 -> 110708 | K163: =(J163*I163) -> 143920.4
...

Sheet 有効抵抗土圧
A1: 有効抵抗土圧
A2: モデル保存と同一実行 2026-09-17T15:06:36.332488+09:00
A3: 青文字：原値 黄色：変換時の実入力（固定） 数式：再計算値。条件変更時はアプリから再実行してください。
A6: 部材別の結果
A7: KG | B7: モデル列 | C7: 部材 | D7: 方法 | E7: 土圧列 | F7: 上端再計算 (kN/m) | G7: 上端実入力 (kN/m) | H7: 上端差 | I7: 下端再計算 (kN/m) | J7: 下端実入力 (kN/m) | K7: 下端差
A8: 4 | B8: 1 | C8: 98 | D8: 層内線形補間 | E8: 3 | F8: =ROUND(F251,1) -> 1162.9 | G8: 1162.9 | H8: =(F8-G8) -> 0 | I8: =ROUND(G251,1) -> 1307.5 | J8: 1307.5 | K8: =(I8-J8) -> 0
A9: 4 | B9: 1 | C9: 99 | D9: 積分平均 | E9: 3 | F9: =ROUND((SUM(I252,I253)/H84),1) -> 1989 | G9: 1989 | H9: =(F9-G9) -> 0 | I9: =ROUND((SUM(I252,I253)/H84),1) -> 1989 | J9: 1989 | K9: =(I9-J9) -> 0
A10: 4 | B10: 1 | C10: 100 | D10: 積分平均 | E10: 3 | F10: =ROUND((SUM(I254,I255)/H85),1) -> 1826.6 | G10: 1826.6 | H10: =(F10-G10) -> 0 | I10: =ROUND((SUM(I254,I255)/H85),1) -> 1826.6 | J10: 1826.6 | K10: =(I10-J10) -> 0
A11: 4 | B11: 1 | C11: 101 | D11: 層内線形補間 | E11: 3 | F11: =ROUND(F256,1) -> 1755 | G11: 1755 | H11: =(F11-G11) -> 0 | I11: =ROUND(G256,1) -> 1755 | J11: 1755 | K11: =(I11-J11) -> 0
A12: 4 | B12: 1 | C12: 102 | D12: 積分平均 | E12: 3 | F12: =ROUND((SUM(I257,I258)/H87),1) -> 2158.6 | G12: 2158.6 | H12: =(F12-G12) -> 0 | I12: =ROUND((SUM(I257,I258)/H87),1) -> 2158.6 | J12: 2158.6 | K12: =(I12-J12) -> 0
A13: 4 | B13: 1 | C13: 103 | D13: 層内線形補間 | E13: 3 | F13: =ROUND(F259,1) -> 2472.8 | G13: 2472.8 | H13: =(F13-G13) -> 0 | I13: =ROUND(G259,1) -> 2673.7 | J13: 2673.7 | K13: =(I13-J13) -> 0
A14: 4 | B14: 1 | C14: 104 | D14: 積分平均 | E14: 3 | F14: =ROUND((SUM(I260,I261,I262)/H89),1) -> 4642.1 | G14: 4642.1 | H14: =(F14-G14) -> 0 | I14: =ROUND((SUM(I260,I261,I262)/H89),1) -> 4642.1 | J14: 4642.1 | K14: =(I14-J14) -> 0
A15: 4 | B15: 1 | C15: 105 | D15: 層内線形補間 | E15: 3 | F15: =ROUND(F263,1) -> 2980.8 | G15: 2980.8 | H15: =(F15-G15) -> 0 | I15: =ROUND(G263,1) -> 3190.7 | J15: 3190.7 | K15: =(I15-J15) -> 0
A16: 4 | B16: 1 | C16: 106 | D16: 層内線形補間 | E16: 3 | F16: =ROUND(F264,1) -> 3190.7 | G16: 3190.7 | H16: =(F16-G16) -> 0 | I16: =ROUND(G264,1) -> 3400.6 | J16: 3400.6 | K16: =(I16-J16) -> 0
A17: 4 | B17: 1 | C17: 107 | D17: 層内線形補間 | E17: 3 | F17: =ROUND(F265,1) -> 3400.6 | G17: 3400.6 | H17: =(F17-G17) -> 0 | I17: =ROUND(G265,1) -> 3610.5 | J17: 3610.5 | K17: =(I17-J17) -> 0
A18: 4 | B18: 1 | C18: 108 | D18: 層内線形補間 | E18: 3 | F18: =ROUND(F266,1) -> 3610.5 | G18: 3610.5 | H18: =(F18-G18) -> 0 | I18: =ROUND(G266,1) -> 3820.5 | J18: 3820.5 | K18: =(I18-J18) -> 0
A19: 4 | B19: 1 | C19: 109 | D19: 層内線形補間 | E19: 3 | F19: =ROUND(F267,1) -> 3820.5 | G19: 3820.5 | H19: =(F19-G19) -> 0 | I19: =ROUND(G267,1) -> 4030.4 | J19: 4030.4 | K19: =(I19-J19) -> 0
A20: 4 | B20: 1 | C20: 110 | D20: 層内線形補間 | E20: 3 | F20: =ROUND(F268,1) -> 4030.4 | G20: 4030.4 | H20: =(F20-G20) -> 0 | I20: =ROUND(G268,1) -> 4240.3 | J20: 4240.3 | K20: =(I20-J20) -> 0
A21: 4 | B21: 1 | C21: 111 | D21: 層内線形補間 | E21: 3 | F21: =ROUND(F269,1) -> 4240.3 | G21: 4240.3 | H21: =(F21-G21) -> 0 | I21: =ROUND(G269,1) -> 4450.2 | J21: 4450.2 | K21: =(I21-J21) -> 0
A22: 4 | B22: 1 | C22: 112 | D22: 積分平均 | E22: 3 | F22: =ROUND((SUM(I270,I271)/H97),1) -> 3300.7 | G22: 3300.7 | H22: =(F22-G22) -> 0 | I22: =ROUND((SUM(I270,I271)/H97),1) -> 3300.7 | J22: 3300.7 | K22: =(I22-J22) -> 0
A23: 4 | B23: 1 | C23: 113 | D23: 層内線形補間 | E23: 3 | F23: =ROUND(F272,1) -> 3088.8 | G23: 3088.8 | H23: =(F23-G23) -> 0 | I23: =ROUND(G272,1) -> 3088.8 | J23: 3088.8 | K23: =(I23-J23) -> 0
A24: 4 | B24: 1 | C24: 114 | D24: 層内線形補間 | E24: 3 | F24: =ROUND(F273,1) -> 3088.8 | G24: 3088.8 | H24: =(F24-G24) -> 0 | I24: =ROUND(G273,1) -> 3088.8 | J24: 3088.8 | K24: =(I24-J24) -> 0
A25: 4 | B25: 1 | C25: 115 | D25: 層内線形補間 | E25: 3 | F25: =ROUND(F274,1) -> 3088.8 | G25: 3088.8 | H25: =(F25-G25) -> 0 | I25: =ROUND(G274,1) -> 3088.8 | J25: 3088.8 | K25: =(I25-J25) -> 0
A26: 4 | B26: 1 | C26: 116 | D26: 層内線形補間 | E26: 3 | F26: =ROUND(F275,1) -> 3088.8 | G26: 3088.8 | H26: =(F26-G26) -> 0 | I26: =ROUND(G275,1) -> 3088.8 | J26: 3088.8 | K26: =(I26-J26) -> 0
A27: 4 | B27: 1 | C27: 117 | D27: 層内線形補間 | E27: 3 | F27: =ROUND(F276,1) -> 3088.8 | G27: 3088.8 | H27: =(F27-G27) -> 0 | I27: =ROUND(G276,1) -> 3088.8 | J27: 3088.8 | K27: =(I27-J27) -> 0
A28: 4 | B28: 1 | C28: 118 | D28: 層内線形補間 | E28: 3 | F28: =ROUND(F277,1) -> 3088.8 | G28: 3088.8 | H28: =(F28-G28) -> 0 | I28: =ROUND(G277,1) -> 3088.8 | J28: 3088.8 | K28: =(I28-J28) -> 0
A29: 4 | B29: 1 | C29: 119 | D29: 層内線形補間 | E29: 3 | F29: =ROUND(F278,1) -> 3088.8 | G29: 3088.8 | H29: =(F29-G29) -> 0 | I29: =ROUND(G278,1) -> 3088.8 | J29: 3088.8 | K29: =(I29-J29) -> 0
A30: 4 | B30: 1 | C30: 120 | D30: 層内線形補間 | E30: 3 | F30: =ROUND(F279,1) -> 3088.8 | G30: 3088.8 | H30: =(F30-G30) -> 0 | I30: =ROUND(G279,1) -> 3088.8 | J30: 3088.8 | K30: =(I30-J30) -> 0
A31: 4 | B31: 1 | C31: 121 | D31: 層内線形補間 | E31: 3 | F31: =ROUND(F280,1) -> 3088.8 | G31: 3088.8 | H31: =(F31-G31) -> 0 | I31: =ROUND(G280,1) -> 3088.8 | J31: 3088.8 | K31: =(I31-J31) -> 0
A32: 5 | B32: 2 | C32: 123 | D32: 層内線形補間 | E32: 2 | F32: =ROUND(F281,1) -> 1005.1 | G32: 1005.1 | H32: =(F32-G32) -> 0 | I32: =ROUND(G281,1) -> 1130.1 | J32: 1130.1 | K32: =(I32-J32) -> 0
A33: 5 | B33: 2 | C33: 124 | D33: 積分平均 | E33: 2 | F33: =ROUND((SUM(I282,I283)/H108),1) -> 1719.1 | G33: 1719.1 | H33: =(F33-G33) -> 0 | I33: =ROUND((SUM(I282,I283)/H108),1) -> 1719.1 | J33: 1719.1 | K33: =(I33-J33) -> 0
A34: 5 | B34: 2 | C34: 125 | D34: 積分平均 | E34: 2 | F34: =ROUND((SUM(I284,I285)/H109),1) -> 1285.3 | G34: 1285.3 | H34: =(F34-G34) -> 0 | I34: =ROUND((SUM(I284,I285)/H109),1) -> 1285.3 | J34: 1285.3 | K34: =(I34-J34) -> 0
A35: 5 | B35: 2 | C35: 126 | D35: 層内線形補間 | E35: 2 | F35: =ROUND(F286,1) -> 1170 | G35: 1170 | H35: =(F35-G35) -> 0 | I35: =ROUND(G286,1) -> 1170 | J35: 1170 | K35: =(I35-J35) -> 0
A36: 5 | B36: 2 | C36: 127 | D36: 積分平均 | E36: 2 | F36: =ROUND((SUM(I287,I288)/H111),1) -> 1732.3 | G36: 1732.3 | H36: =(F36-G36) -> 0 | I36: =ROUND((SUM(I287,I288)/H111),1) -> 1732.3 | J36: 1732.3 | K36: =(I36-J36) -> 0
A37: 5 | B37: 2 | C37: 128 | D37: 層内線形補間 | E37: 2 | F37: =ROUND(F289,1) -> 2137.2 | G37: 2137.2 | H37: =(F37-G37) -> 0 | I37: =ROUND(G289,1) -> 2310.9 | J37: 2310.9 | K37: =(I37-J37) -> 0
A38: 5 | B38: 2 | C38: 129 | D38: 積分平均 | E38: 2 | F38: =ROUND((SUM(I290,I291,I292)/H113),1) -> 3391.1 | G38: 3391.1 | H38: =(F38-G38) -> 0 | I38: =ROUND((SUM(I290,I291,I292)/H113),1) -> 3391.1 | J38: 3391.1 | K38: =(I38-J38) -> 0
A39: 5 | B39: 2 | C39: 130 | D39: 層内線形補間 | E39: 2 | F39: =ROUND(F293,1) -> 2576.3 | G39: 2576.3 | H39: =(F39-G39) -> 0 | I39: =ROUND(G293,1) -> 2757.7 | J39: 2757.7 | K39: =(I39-J39) -> 0
A40: 5 | B40: 2 | C40: 131 | D40: 層内線形補間 | E40: 2 | F40: =ROUND(F294,1) -> 2757.7 | G40: 2757.7 | H40: =(F40-G40) -> 0 | I40: =ROUND(G294,1) -> 2939.2 | J40: 2939.2 | K40: =(I40-J40) -> 0
A41: 5 | B41: 2 | C41: 132 | D41: 層内線形補間 | E41: 2 | F41: =ROUND(F295,1) -> 2939.2 | G41: 2939.2 | H41: =(F41-G41) -> 0 | I41: =ROUND(G295,1) -> 3120.6 | J41: 3120.6 | K41: =(I41-J41) -> 0
A42: 5 | B42: 2 | C42: 133 | D42: 層内線形補間 | E42: 2 | F42: =ROUND(F296,1) -> 3120.6 | G42: 3120.6 | H42: =(F42-G42) -> 0 | I42: =ROUND(G296,1) -> 3302 | J42: 3302 | K42: =(I42-J42) -> 0
A43: 5 | B43: 2 | C43: 134 | D43: 層内線形補間 | E43: 2 | F43: =ROUND(F297,1) -> 3302 | G43: 3302 | H43: =(F43-G43) -> 0 | I43: =ROUND(G297,1) -> 3483.4 | J43: 3483.4 | K43: =(I43-J43) -> 0
A44: 5 | B44: 2 | C44: 135 | D44: 層内線形補間 | E44: 2 | F44: =ROUND(F298,1) -> 3483.4 | G44: 3483.4 | H44: =(F44-G44) -> 0 | I44: =ROUND(G298,1) -> 3664.9 | J44: 3664.9 | K44: =(I44-J44) -> 0
A45: 5 | B45: 2 | C45: 136 | D45: 層内線形補間 | E45: 2 | F45: =ROUND(F299,1) -> 3664.9 | G45: 3664.9 | H45: =(F45-G45) -> 0 | I45: =ROUND(G299,1) -> 3846.3 | J45: 3846.3 | K45: =(I45-J45) -> 0
A46: 5 | B46: 2 | C46: 137 | D46: 積分平均 | E46: 2 | F46: =ROUND((SUM(I300,I301)/H121),1) -> 2336.3 | G46: 2336.3 | H46: =(F46-G46) -> 0 | I46: =ROUND((SUM(I300,I301)/H121),1) -> 2336.3 | J46: 2336.3 | K46: =(I46-J46) -> 0
A47: 5 | B47: 2 | C47: 138 | D47: 層内線形補間 | E47: 2 | F47: =ROUND(F302,1) -> 2059.2 | G47: 2059.2 | H47: =(F47-G47) -> 0 | I47: =ROUND(G302,1) -> 2059.2 | J47: 2059.2 | K47: =(I47-J47) -> 0
A48: 5 | B48: 2 | C48: 139 | D48: 層内線形補間 | E48: 2 | F48: =ROUND(F303,1) -> 2059.2 | G48: 2059.2 | H48: =(F48-G48) -> 0 | I48: =ROUND(G303,1) -> 2059.2 | J48: 2059.2 | K48: =(I48-J48) -> 0
A49: 5 | B49: 2 | C49: 140 | D49: 層内線形補間 | E49: 2 | F49: =ROUND(F304,1) -> 2059.2 | G49: 2059.2 | H49: =(F49-G49) -> 0 | I49: =ROUND(G304,1) -> 2059.2 | J49: 2059.2 | K49: =(I49-J49) -> 0
A50: 5 | B50: 2 | C50: 141 | D50: 層内線形補間 | E50: 2 | F50: =ROUND(F305,1) -> 2059.2 | G50: 2059.2 | H50: =(F50-G50) -> 0 | I50: =ROUND(G305,1) -> 2059.2 | J50: 2059.2 | K50: =(I50-J50) -> 0
A51: 5 | B51: 2 | C51: 142 | D51: 層内線形補間 | E51: 2 | F51: =ROUND(F306,1) -> 2059.2 | G51: 2059.2 | H51: =(F51-G51) -> 0 | I51: =ROUND(G306,1) -> 2059.2 | J51: 2059.2 | K51: =(I51-J51) -> 0
A52: 5 | B52: 2 | C52: 143 | D52: 層内線形補間 | E52: 2 | F52: =ROUND(F307,1) -> 2059.2 | G52: 2059.2 | H52: =(F52-G52) -> 0 | I52: =ROUND(G307,1) -> 2059.2 | J52: 2059.2 | K52: =(I52-J52) -> 0
A53: 5 | B53: 2 | C53: 144 | D53: 層内線形補間 | E53: 2 | F53: =ROUND(F308,1) -> 2059.2 | G53: 2059.2 | H53: =(F53-G53) -> 0 | I53: =ROUND(G308,1) -> 2059.2 | J53: 2059.2 | K53: =(I53-J53) -> 0
A54: 5 | B54: 2 | C54: 145 | D54: 層内線形補間 | E54: 2 | F54: =ROUND(F309,1) -> 2059.2 | G54: 2059.2 | H54: =(F54-G54) -> 0 | I54: =ROUND(G309,1) -> 2059.2 | J54: 2059.2 | K54: =(I54-J54) -> 0
A55: 5 | B55: 2 | C55: 146 | D55: 層内線形補間 | E55: 2 | F55: =ROUND(F310,1) -> 2059.2 | G55: 2059.2 | H55: =(F55-G55) -> 0 | I55: =ROUND(G310,1) -> 2059.2 | J55: 2059.2 | K55: =(I55-J55) -> 0
A56: 6 | B56: 3 | C56: 148 | D56: 層内線形補間 | E56: 1 | F56: =ROUND(F311,1) -> 2907.3 | G56: 2907.3 | H56: =(F56-G56) -> 0 | I56: =ROUND(G311,1) -> 3268.7 | J56: 3268.7 | K56: =(I56-J56) -> 0
A57: 6 | B57: 3 | C57: 149 | D57: 積分平均 | E57: 1 | F57: =ROUND((SUM(I312,I313)/H132),1) -> 4972.5 | G57: 4972.5 | H57: =(F57-G57) -> 0 | I57: =ROUND((SUM(I312,I313)/H132),1) -> 4972.5 | J57: 4972.5 | K57: =(I57-J57) -> 0
A58: 6 | B58: 3 | C58: 150 | D58: 積分平均 | E58: 1 | F58: =ROUND((SUM(I314,I315)/H133),1) -> 2339.1 | G58: 2339.1 | H58: =(F58-G58) -> 0 | I58: =ROUND((SUM(I314,I315)/H133),1) -> 2339.1 | J58: 2339.1 | K58: =(I58-J58) -> 0
A59: 6 | B59: 3 | C59: 151 | D59: 層内線形補間 | E59: 1 | F59: =ROUND(F316,1) -> 1755 | G59: 1755 | H59: =(F59-G59) -> 0 | I59: =ROUND(G316,1) -> 1755 | J59: 1755 | K59: =(I59-J59) -> 0
A60: 6 | B60: 3 | C60: 152 | D60: 積分平均 | E60: 1 | F60: =ROUND((SUM(I317,I318)/H135),1) -> 4384.1 | G60: 4384.1 | H60: =(F60-G60) -> 0 | I60: =ROUND((SUM(I317,I318)/H135),1) -> 4384.1 | J60: 4384.1 | K60: =(I60-J60) -> 0
A61: 6 | B61: 3 | C61: 153 | D61: 層内線形補間 | E61: 1 | F61: =ROUND(F319,1) -> 6181.8 | G61: 6181.8 | H61: =(F61-G61) -> 0 | I61: =ROUND(G319,1) -> 6684.3 | J61: 6684.3 | K61: =(I61-J61) -> 0
A62: 6 | B62: 3 | C62: 154 | D62: 積分平均 | E62: 1 | F62: =ROUND((SUM(I320,I321,I322)/H137),1) -> 6891.1 | G62: 6891.1 | H62: =(F62-G62) -> 0 | I62: =ROUND((SUM(I320,I321,I322)/H137),1) -> 6891.1 | J62: 6891.1 | K62: =(I62-J62) -> 0
A63: 6 | B63: 3 | C63: 155 | D63: 層内線形補間 | E63: 1 | F63: =ROUND(F323,1) -> 7451.9 | G63: 7451.9 | H63: =(F63-G63) -> 0 | I63: =ROUND(G323,1) -> 7976.7 | J63: 7976.7 | K63: =(I63-J63) -> 0
A64: 6 | B64: 3 | C64: 156 | D64: 層内線形補間 | E64: 1 | F64: =ROUND(F324,1) -> 7976.7 | G64: 7976.7 | H64: =(F64-G64) -> 0 | I64: =ROUND(G324,1) -> 8501.5 | J64: 8501.5 | K64: =(I64-J64) -> 0
A65: 6 | B65: 3 | C65: 157 | D65: 層内線形補間 | E65: 1 | F65: =ROUND(F325,1) -> 8501.5 | G65: 8501.5 | H65: =(F65-G65) -> 0 | I65: =ROUND(G325,1) -> 9026.3 | J65: 9026.3 | K65: =(I65-J65) -> 0
A66: 6 | B66: 3 | C66: 158 | D66: 層内線形補間 | E66: 1 | F66: =ROUND(F326,1) -> 9026.3 | G66: 9026.3 | H66: =(F66-G66) -> 0 | I66: =ROUND(G326,1) -> 9551.1 | J66: 9551.1 | K66: =(I66-J66) -> 0
A67: 6 | B67: 3 | C67: 159 | D67: 層内線形補間 | E67: 1 | F67: =ROUND(F327,1) -> 9551.1 | G67: 9551.1 | H67: =(F67-G67) -> 0 | I67: =ROUND(G327,1) -> 10075.9 | J67: 10075.9 | K67: =(I67-J67) -> 0
A68: 6 | B68: 3 | C68: 160 | D68: 層内線形補間 | E68: 1 | F68: =ROUND(F328,1) -> 10075.9 | G68: 10075.9 | H68: =(F68-G68) -> 0 | I68: =ROUND(G328,1) -> 10600.7 | J68: 10600.7 | K68: =(I68-J68) -> 0
A69: 6 | B69: 3 | C69: 161 | D69: 層内線形補間 | E69: 1 | F69: =ROUND(F329,1) -> 10600.7 | G69: 10600.7 | H69: =(F69-G69) -> 0 | I69: =ROUND(G329,1) -> 11125.5 | J69: 11125.5 | K69: =(I69-J69) -> 0
A70: 6 | B70: 3 | C70: 162 | D70: 積分平均 | E70: 1 | F70: =ROUND((SUM(I330,I331)/H145),1) -> 4331.4 | G70: 4331.4 | H70: =(F70-G70) -> 0 | I70: =ROUND((SUM(I330,I331)/H145),1) -> 4331.4 | J70: 4331.4 | K70: =(I70-J70) -> 0
A71: 6 | B71: 3 | C71: 163 | D71: 層内線形補間 | E71: 1 | F71: =ROUND(F332,1) -> 3088.8 | G71: 3088.8 | H71: =(F71-G71) -> 0 | I71: =ROUND(G332,1) -> 3088.8 | J71: 3088.8 | K71: =(I71-J71) -> 0
A72: 6 | B72: 3 | C72: 164 | D72: 層内線形補間 | E72: 1 | F72: =ROUND(F333,1) -> 3088.8 | G72: 3088.8 | H72: =(F72-G72) -> 0 | I72: =ROUND(G333,1) -> 3088.8 | J72: 3088.8 | K72: =(I72-J72) -> 0
A73: 6 | B73: 3 | C73: 165 | D73: 層内線形補間 | E73: 1 | F73: =ROUND(F334,1) -> 3088.8 | G73: 3088.8 | H73: =(F73-G73) -> 0 | I73: =ROUND(G334,1) -> 3088.8 | J73: 3088.8 | K73: =(I73-J73) -> 0
A74: 6 | B74: 3 | C74: 166 | D74: 層内線形補間 | E74: 1 | F74: =ROUND(F335,1) -> 3088.8 | G74: 3088.8 | H74: =(F74-G74) -> 0 | I74: =ROUND(G335,1) -> 3088.8 | J74: 3088.8 | K74: =(I74-J74) -> 0
A75: 6 | B75: 3 | C75: 167 | D75: 層内線形補間 | E75: 1 | F75: =ROUND(F336,1) -> 3088.8 | G75: 3088.8 | H75: =(F75-G75) -> 0 | I75: =ROUND(G336,1) -> 3088.8 | J75: 3088.8 | K75: =(I75-J75) -> 0
A76: 6 | B76: 3 | C76: 168 | D76: 層内線形補間 | E76: 1 | F76: =ROUND(F337,1) -> 3088.8 | G76: 3088.8 | H76: =(F76-G76) -> 0 | I76: =ROUND(G337,1) -> 3088.8 | J76: 3088.8 | K76: =(I76-J76) -> 0
A77: 6 | B77: 3 | C77: 169 | D77: 層内線形補間 | E77: 1 | F77: =ROUND(F338,1) -> 3088.8 | G77: 3088.8 | H77: =(F77-G77) -> 0 | I77: =ROUND(G338,1) -> 3088.8 | J77: 3088.8 | K77: =(I77-J77) -> 0
A78: 6 | B78: 3 | C78: 170 | D78: 層内線形補間 | E78: 1 | F78: =ROUND(F339,1) -> 3088.8 | G78: 3088.8 | H78: =(F78-G78) -> 0 | I78: =ROUND(G339,1) -> 3088.8 | J78: 3088.8 | K78: =(I78-J78) -> 0
A79: 6 | B79: 3 | C79: 171 | D79: 層内線形補間 | E79: 1 | F79: =ROUND(F340,1) -> 3088.8 | G79: 3088.8 | H79: =(F79-G79) -> 0 | I79: =ROUND(G340,1) -> 3088.8 | J79: 3088.8 | K79: =(I79-J79) -> 0
A81: 部材の幾何
A82: KG | B82: 列 | C82: 部材 | D82: 上端節点 | E82: 下端節点 | F82: 上端深さ (m) | G82: 下端深さ (m) | H82: 部材長 (m)
A83: 4 | B83: 1 | C83: 98 | D83: 98 | E83: 99 | F83: 0 | G83: 1.3 | H83: =ROUND((G83-F83),4) -> 1.3
A84: 4 | B84: 1 | C84: 99 | D84: 99 | E84: 100 | F84: 1.3 | G84: 2.6 | H84: =ROUND((G84-F84),4) -> 1.3
A85: 4 | B85: 1 | C85: 100 | D85: 100 | E85: 101 | F85: 2.6 | G85: 3.9 | H85: =ROUND((G85-F85),4) -> 1.3
A86: 4 | B86: 1 | C86: 101 | D86: 101 | E86: 102 | F86: 3.9 | G86: 5.2 | H86: =ROUND((G86-F86),4) -> 1.3
A87: 4 | B87: 1 | C87: 102 | D87: 102 | E87: 103 | F87: 5.2 | G87: 6.5 | H87: =ROUND((G87-F87),4) -> 1.3
A88: 4 | B88: 1 | C88: 103 | D88: 103 | E88: 104 | F88: 6.5 | G88: 7.8 | H88: =ROUND((G88-F88),4) -> 1.3
A89: 4 | B89: 1 | C89: 104 | D89: 104 | E89: 105 | F89: 7.8 | G89: 9.1 | H89: =ROUND((G89-F89),4) -> 1.3
A90: 4 | B90: 1 | C90: 105 | D90: 105 | E90: 106 | F90: 9.1 | G90: 10.4 | H90: =ROUND((G90-F90),4) -> 1.3
A91: 4 | B91: 1 | C91: 106 | D91: 106 | E91: 107 | F91: 10.4 | G91: 11.7 | H91: =ROUND((G91-F91),4) -> 1.3
A92: 4 | B92: 1 | C92: 107 | D92: 107 | E92: 108 | F92: 11.7 | G92: 13 | H92: =ROUND((G92-F92),4) -> 1.3
A93: 4 | B93: 1 | C93: 108 | D93: 108 | E93: 109 | F93: 13 | G93: 14.3 | H93: =ROUND((G93-F93),4) -> 1.3
A94: 4 | B94: 1 | C94: 109 | D94: 109 | E94: 110 | F94: 14.3 | G94: 15.6 | H94: =ROUND((G94-F94),4) -> 1.3
... A154: 6 | B154: 3 | C154: 171 | D154: 171 | E154: 172 | F154: 29.9 | G154: 31 | H154: =ROUND((G154-F154),4) -> 1.1
A156: 層別の重なりと原土圧
A157: KG | B157: 部材 | C157: 層 | D157: SDC行 | E157: 層上端 (m) | F157: 層下端 (m) | G157: 重なり上端 (m) | H157: 重なり下端 (m) | I157: 長さ (m) | J157: 原上端土圧 (kN/m) | K157: 原下端土圧 (kN/m) | L157: 層厚 (m)
A158: 4 | B158: 98 | C158: 1 | D158: 187 | E158: 0 | F158: 1.5 | G158: =MAX(F83,E158) -> 0 | H158: =MIN(G83,F158) -> 1.3 | I158: =MAX(0,ROUND((H158-G158),4)) -> 1.3 | J158: ='入力根拠'!F55 -> 1162.9 | K158: ='入力根拠'!F56 -> 1329.7 | L158: =ROUND((F158-E158),4) -> 1.5
A159: 4 | B159: 99 | C159: 1 | D159: 187 | E159: 0 | F159: 1.5 | G159: =MAX(F84,E159) -> 1.3 | H159: =MIN(G84,F159) -> 1.5 | I159: =MAX(0,ROUND((H159-G159),4)) -> 0.2 | J159: ='入力根拠'!F55 -> 1162.9 | K159: ='入力根拠'!F56 -> 1329.7 | L159: =ROUND((F159-E159),4) -> 1.5
A160: 4 | B160: 99 | C160: 2 | D160: 188 | E160: 1.5 | F160: 2.8 | G160: =MAX(F84,E160) -> 1.5 | H160: =MIN(G84,F160) -> 2.6 | I160: =MAX(0,ROUND((H160-G160),4)) -> 1.1 | J160: ='入力根拠'!F57 -> 2018.1 | K160: ='入力根拠'!F58 -> 2237.4 | L160: =ROUND((F160-E160),4) -> 1.3
A161: 4 | B161: 100 | C161: 2 | D161: 188 | E161: 1.5 | F161: 2.8 | G161: =MAX(F85,E161) -> 2.6 | H161: =MIN(G85,F161) -> 2.8 | I161: =MAX(0,ROUND((H161-G161),4)) -> 0.2 | J161: ='入力根拠'!F57 -> 2018.1 | K161: ='入力根拠'!F58 -> 2237.4 | L161: =ROUND((F161-E161),4) -> 1.3
A162: 4 | B162: 100 | C162: 3 | D162: 189 | E162: 2.8 | F162: 5.7 | G162: =MAX(F85,E162) -> 2.8 | H162: =MIN(G85,F162) -> 3.9 | I162: =MAX(0,ROUND((H162-G162),4)) -> 1.1 | J162: ='入力根拠'!F59 -> 1755 | K162: ='入力根拠'!F60 -> 1755 | L162: =ROUND((F162-E162),4) -> 2.9
A163: 4 | B163: 101 | C163: 3 | D163: 189 | E163: 2.8 | F163: 5.7 | G163: =MAX(F86,E163) -> 3.9 | H163: =MIN(G86,F163) -> 5.2 | I163: =MAX(0,ROUND((H163-G163),4)) -> 1.3 | J163: ='入力根拠'!F59 -> 1755 | K163: ='入力根拠'!F60 -> 1755 | L163: =ROUND((F163-E163),4) -> 2.9
...

Sheet 杭周面ばね
A1: 杭周面ばね
A2: モデル保存と同一実行 2026-09-17T15:06:36.332488+09:00
A3: 青文字：原値 黄色：変換時の実入力（固定） 数式：再計算値。条件変更時はアプリから再実行してください。
A5: 既存画面方式：押込みK1/Fyを正負へ配置。長さ積分後に丸め、平均の除算・1.2補正・本数の追加乗算はしません。
A7: 節点別の結果
A8: KG | B8: 列 | C8: 節点 | D8: 有効長 (m) | E8: K丸め前 (kN/m) | F8: K再計算 (kN/m) | G8: K実入力 (kN/m) | H8: K差 | I8: F丸め前 (kN) | J8: F再計算 (kN) | K8: F実入力 (kN) | L8: F差
A9: 4 | B9: 1 | C9: 102 | D9: =SUM(K139,K140) -> 0.905 | E9: =SUM(I214,I215) -> 51628.885 | F9: =ROUND(E9,0) -> 51629 | G9: 51629 | H9: =(F9-G9) -> 0 | I9: =SUM(J214,J215) -> 433.7705 | J9: =ROUND(I9,1) -> 433.8 | K9: 433.8 | L9: =(J9-K9) -> 0
A10: 4 | B10: 1 | C10: 103 | D10: =SUM(K141) -> 1.3 | E10: =SUM(I216) -> 145626 | F10: =ROUND(E10,0) -> 145626 | G10: 145626 | H10: =(F10-G10) -> 0 | I10: =SUM(J216) -> 1834.95 | J10: =ROUND(I10,1) -> 1835 | K10: 1835 | L10: =(J10-K10) -> 0
A11: 4 | B11: 1 | C11: 104 | D11: =SUM(K142,K143) -> 1.3 | E11: =SUM(I217,I218) -> 155633.7 | F11: =ROUND(E11,0) -> 155634 | G11: 155634 | H11: =(F11-G11) -> 0 | I11: =SUM(J217,J218) -> 1794.36 | J11: =ROUND(I11,1) -> 1794.4 | K11: 1794.4 | L11: =(J11-K11) -> 0
A12: 4 | B12: 1 | C12: 105 | D12: =SUM(K144,K145) -> 1.3 | E12: =SUM(I219,I220) -> 223256.75 | F12: =ROUND(E12,0) -> 223257 | G12: 223257 | H12: =(F12-G12) -> 0 | I12: =SUM(J219,J220) -> 2313.025 | J12: =ROUND(I12,1) -> 2313 | K12: 2313 | L12: =(J12-K12) -> 0
A13: 4 | B13: 1 | C13: 106 | D13: =SUM(K146) -> 1.3 | E13: =SUM(I221) -> 218437.7 | F13: =ROUND(E13,0) -> 218438 | G13: 218438 | H13: =(F13-G13) -> 0 | I13: =SUM(J221) -> 2752.36 | J13: =ROUND(I13,1) -> 2752.4 | K13: 2752.4 | L13: =(J13-K13) -> 0
A14: 4 | B14: 1 | C14: 107 | D14: =SUM(K147) -> 1.3 | E14: =SUM(I222) -> 218437.7 | F14: =ROUND(E14,0) -> 218438 | G14: 218438 | H14: =(F14-G14) -> 0 | I14: =SUM(J222) -> 2752.36 | J14: =ROUND(I14,1) -> 2752.4 | K14: 2752.4 | L14: =(J14-K14) -> 0
A15: 4 | B15: 1 | C15: 108 | D15: =SUM(K148) -> 1.3 | E15: =SUM(I223) -> 218437.7 | F15: =ROUND(E15,0) -> 218438 | G15: 218438 | H15: =(F15-G15) -> 0 | I15: =SUM(J223) -> 2752.36 | J15: =ROUND(I15,1) -> 2752.4 | K15: 2752.4 | L15: =(J15-K15) -> 0
A16: 4 | B16: 1 | C16: 109 | D16: =SUM(K149) -> 1.3 | E16: =SUM(I224) -> 218437.7 | F16: =ROUND(E16,0) -> 218438 | G16: 218438 | H16: =(F16-G16) -> 0 | I16: =SUM(J224) -> 2752.36 | J16: =ROUND(I16,1) -> 2752.4 | K16: 2752.4 | L16: =(J16-K16) -> 0
A17: 4 | B17: 1 | C17: 110 | D17: =SUM(K150) -> 1.3 | E17: =SUM(I225) -> 218437.7 | F17: =ROUND(E17,0) -> 218438 | G17: 218438 | H17: =(F17-G17) -> 0 | I17: =SUM(J225) -> 2752.36 | J17: =ROUND(I17,1) -> 2752.4 | K17: 2752.4 | L17: =(J17-K17) -> 0
A18: 4 | B18: 1 | C18: 111 | D18: =SUM(K151) -> 1.3 | E18: =SUM(I226) -> 218437.7 | F18: =ROUND(E18,0) -> 218438 | G18: 218438 | H18: =(F18-G18) -> 0 | I18: =SUM(J226) -> 2752.36 | J18: =ROUND(I18,1) -> 2752.4 | K18: 2752.4 | L18: =(J18-K18) -> 0
A19: 4 | B19: 1 | C19: 112 | D19: =SUM(K152,K153) -> 1.3 | E19: =SUM(I227,I228) -> 179148.65 | F19: =ROUND(E19,0) -> 179149 | G19: 179149 | H19: =(F19-G19) -> 0 | I19: =SUM(J227,J228) -> 2032.495 | J19: =ROUND(I19,1) -> 2032.5 | K19: 2032.5 | L19: =(J19-K19) -> 0
A20: 4 | B20: 1 | C20: 113 | D20: =SUM(K154) -> 1.3 | E20: =SUM(I229) -> 104936 | F20: =ROUND(E20,0) -> 104936 | G20: 104936 | H20: =(F20-G20) -> 0 | I20: =SUM(J229) -> 672.75 | J20: =ROUND(I20,1) -> 672.8 | K20: 672.8 | L20: =(J20-K20) -> 0
A21: 4 | B21: 1 | C21: 114 | D21: =SUM(K155) -> 1.3 | E21: =SUM(I230) -> 104936 | F21: =ROUND(E21,0) -> 104936 | G21: 104936 | H21: =(F21-G21) -> 0 | I21: =SUM(J230) -> 672.75 | J21: =ROUND(I21,1) -> 672.8 | K21: 672.8 | L21: =(J21-K21) -> 0
A22: 4 | B22: 1 | C22: 115 | D22: =SUM(K156) -> 1.3 | E22: =SUM(I231) -> 104936 | F22: =ROUND(E22,0) -> 104936 | G22: 104936 | H22: =(F22-G22) -> 0 | I22: =SUM(J231) -> 672.75 | J22: =ROUND(I22,1) -> 672.8 | K22: 672.8 | L22: =(J22-K22) -> 0
A23: 4 | B23: 1 | C23: 116 | D23: =SUM(K157) -> 1.3 | E23: =SUM(I232) -> 104936 | F23: =ROUND(E23,0) -> 104936 | G23: 104936 | H23: =(F23-G23) -> 0 | I23: =SUM(J232) -> 672.75 | J23: =ROUND(I23,1) -> 672.8 | K23: 672.8 | L23: =(J23-K23) -> 0
A24: 4 | B24: 1 | C24: 117 | D24: =SUM(K158) -> 1.3 | E24: =SUM(I233) -> 104936 | F24: =ROUND(E24,0) -> 104936 | G24: 104936 | H24: =(F24-G24) -> 0 | I24: =SUM(J233) -> 672.75 | J24: =ROUND(I24,1) -> 672.8 | K24: 672.8 | L24: =(J24-K24) -> 0
A25: 4 | B25: 1 | C25: 118 | D25: =SUM(K159) -> 1.3 | E25: =SUM(I234) -> 104936 | F25: =ROUND(E25,0) -> 104936 | G25: 104936 | H25: =(F25-G25) -> 0 | I25: =SUM(J234) -> 672.75 | J25: =ROUND(I25,1) -> 672.8 | K25: 672.8 | L25: =(J25-K25) -> 0
A26: 4 | B26: 1 | C26: 119 | D26: =SUM(K160) -> 1.3 | E26: =SUM(I235) -> 104936 | F26: =ROUND(E26,0) -> 104936 | G26: 104936 | H26: =(F26-G26) -> 0 | I26: =SUM(J235) -> 672.75 | J26: =ROUND(I26,1) -> 672.8 | K26: 672.8 | L26: =(J26-K26) -> 0
A27: 4 | B27: 1 | C27: 120 | D27: =SUM(K161) -> 1.3 | E27: =SUM(I236) -> 104936 | F27: =ROUND(E27,0) -> 104936 | G27: 104936 | H27: =(F27-G27) -> 0 | I27: =SUM(J236) -> 672.75 | J27: =ROUND(I27,1) -> 672.8 | K27: 672.8 | L27: =(J27-K27) -> 0
A28: 4 | B28: 1 | C28: 121 | D28: =SUM(K162) -> 0.45 | E28: =SUM(I237) -> 36324 | F28: =ROUND(E28,0) -> 36324 | G28: 36324 | H28: =(F28-G28) -> 0 | I28: =SUM(J237) -> 232.875 | J28: =ROUND(I28,1) -> 232.9 | K28: 232.9 | L28: =(J28-K28) -> 0
A29: 5 | B29: 2 | C29: 127 | D29: =SUM(K163,K164) -> 0.905 | E29: =SUM(I238,I239) -> 34419.005 | F29: =ROUND(E29,0) -> 34419 | G29: 34419 | H29: =(F29-G29) -> 0 | I29: =SUM(J238,J239) -> 289.13 | J29: =ROUND(I29,1) -> 289.1 | K29: 289.1 | L29: =(J29-K29) -> 0
A30: 5 | B30: 2 | C30: 128 | D30: =SUM(K165) -> 1.3 | E30: =SUM(I240) -> 97084 | F30: =ROUND(E30,0) -> 97084 | G30: 97084 | H30: =(F30-G30) -> 0 | I30: =SUM(J240) -> 1223.3 | J30: =ROUND(I30,1) -> 1223.3 | K30: 1223.3 | L30: =(J30-K30) -> 0
A31: 5 | B31: 2 | C31: 129 | D31: =SUM(K166,K167) -> 1.3 | E31: =SUM(I241,I242) -> 103755.7 | F31: =ROUND(E31,0) -> 103756 | G31: 103756 | H31: =(F31-G31) -> 0 | I31: =SUM(J241,J242) -> 1196.24 | J31: =ROUND(I31,1) -> 1196.2 | K31: 1196.2 | L31: =(J31-K31) -> 0
A32: 5 | B32: 2 | C32: 130 | D32: =SUM(K168,K169) -> 1.3 | E32: =SUM(I243,I244) -> 148838.1 | F32: =ROUND(E32,0) -> 148838 | G32: 148838 | H32: =(F32-G32) -> 0 | I32: =SUM(J243,J244) -> 1542.045 | J32: =ROUND(I32,1) -> 1542 | K32: 1542 | L32: =(J32-K32) -> 0
A33: 5 | B33: 2 | C33: 131 | D33: =SUM(K170) -> 1.3 | E33: =SUM(I245) -> 145626 | F33: =ROUND(E33,0) -> 145626 | G33: 145626 | H33: =(F33-G33) -> 0 | I33: =SUM(J245) -> 1834.95 | J33: =ROUND(I33,1) -> 1835 | K33: 1835 | L33: =(J33-K33) -> 0
A34: 5 | B34: 2 | C34: 132 | D34: =SUM(K171) -> 1.3 | E34: =SUM(I246) -> 145626 | F34: =ROUND(E34,0) -> 145626 | G34: 145626 | H34: =(F34-G34) -> 0 | I34: =SUM(J246) -> 1834.95 | J34: =ROUND(I34,1) -> 1835 | K34: 1835 | L34: =(J34-K34) -> 0
A35: 5 | B35: 2 | C35: 133 | D35: =SUM(K172) -> 1.3 | E35: =SUM(I247) -> 145626 | F35: =ROUND(E35,0) -> 145626 | G35: 145626 | H35: =(F35-G35) -> 0 | I35: =SUM(J247) -> 1834.95 | J35: =ROUND(I35,1) -> 1835 | K35: 1835 | L35: =(J35-K35) -> 0
A36: 5 | B36: 2 | C36: 134 | D36: =SUM(K173) -> 1.3 | E36: =SUM(I248) -> 145626 | F36: =ROUND(E36,0) -> 145626 | G36: 145626 | H36: =(F36-G36) -> 0 | I36: =SUM(J248) -> 1834.95 | J36: =ROUND(I36,1) -> 1835 | K36: 1835 | L36: =(J36-K36) -> 0
A37: 5 | B37: 2 | C37: 135 | D37: =SUM(K174) -> 1.3 | E37: =SUM(I249) -> 145626 | F37: =ROUND(E37,0) -> 145626 | G37: 145626 | H37: =(F37-G37) -> 0 | I37: =SUM(J249) -> 1834.95 | J37: =ROUND(I37,1) -> 1835 | K37: 1835 | L37: =(J37-K37) -> 0
A38: 5 | B38: 2 | C38: 136 | D38: =SUM(K175) -> 1.3 | E38: =SUM(I250) -> 145626 | F38: =ROUND(E38,0) -> 145626 | G38: 145626 | H38: =(F38-G38) -> 0 | I38: =SUM(J250) -> 1834.95 | J38: =ROUND(I38,1) -> 1835 | K38: 1835 | L38: =(J38-K38) -> 0
A39: 5 | B39: 2 | C39: 137 | D39: =SUM(K176,K177) -> 1.3 | E39: =SUM(I251,I252) -> 119432.85 | F39: =ROUND(E39,0) -> 119433 | G39: 119433 | H39: =(F39-G39) -> 0 | I39: =SUM(J251,J252) -> 1355.025 | J39: =ROUND(I39,1) -> 1355 | K39: 1355 | L39: =(J39-K39) -> 0
A40: 5 | B40: 2 | C40: 138 | D40: =SUM(K178) -> 1.3 | E40: =SUM(I253) -> 69956.9 | F40: =ROUND(E40,0) -> 69957 | G40: 69957 | H40: =(F40-G40) -> 0 | I40: =SUM(J253) -> 448.5 | J40: =ROUND(I40,1) -> 448.5 | K40: 448.5 | L40: =(J40-K40) -> 0
A41: 5 | B41: 2 | C41: 139 | D41: =SUM(K179) -> 1.3 | E41: =SUM(I254) -> 69956.9 | F41: =ROUND(E41,0) -> 69957 | G41: 69957 | H41: =(F41-G41) -> 0 | I41: =SUM(J254) -> 448.5 | J41: =ROUND(I41,1) -> 448.5 | K41: 448.5 | L41: =(J41-K41) -> 0
A42: 5 | B42: 2 | C42: 140 | D42: =SUM(K180) -> 1.3 | E42: =SUM(I255) -> 69956.9 | F42: =ROUND(E42,0) -> 69957 | G42: 69957 | H42: =(F42-G42) -> 0 | I42: =SUM(J255) -> 448.5 | J42: =ROUND(I42,1) -> 448.5 | K42: 448.5 | L42: =(J42-K42) -> 0
A43: 5 | B43: 2 | C43: 141 | D43: =SUM(K181) -> 1.3 | E43: =SUM(I256) -> 69956.9 | F43: =ROUND(E43,0) -> 69957 | G43: 69957 | H43: =(F43-G43) -> 0 | I43: =SUM(J256) -> 448.5 | J43: =ROUND(I43,1) -> 448.5 | K43: 448.5 | L43: =(J43-K43) -> 0
A44: 5 | B44: 2 | C44: 142 | D44: =SUM(K182) -> 1.3 | E44: =SUM(I257) -> 69956.9 | F44: =ROUND(E44,0) -> 69957 | G44: 69957 | H44: =(F44-G44) -> 0 | I44: =SUM(J257) -> 448.5 | J44: =ROUND(I44,1) -> 448.5 | K44: 448.5 | L44: =(J44-K44) -> 0
A45: 5 | B45: 2 | C45: 143 | D45: =SUM(K183) -> 1.3 | E45: =SUM(I258) -> 69956.9 | F45: =ROUND(E45,0) -> 69957 | G45: 69957 | H45: =(F45-G45) -> 0 | I45: =SUM(J258) -> 448.5 | J45: =ROUND(I45,1) -> 448.5 | K45: 448.5 | L45: =(J45-K45) -> 0
A46: 5 | B46: 2 | C46: 144 | D46: =SUM(K184) -> 1.3 | E46: =SUM(I259) -> 69956.9 | F46: =ROUND(E46,0) -> 69957 | G46: 69957 | H46: =(F46-G46) -> 0 | I46: =SUM(J259) -> 448.5 | J46: =ROUND(I46,1) -> 448.5 | K46: 448.5 | L46: =(J46-K46) -> 0
A47: 5 | B47: 2 | C47: 145 | D47: =SUM(K185) -> 1.3 | E47: =SUM(I260) -> 69956.9 | F47: =ROUND(E47,0) -> 69957 | G47: 69957 | H47: =(F47-G47) -> 0 | I47: =SUM(J260) -> 448.5 | J47: =ROUND(I47,1) -> 448.5 | K47: 448.5 | L47: =(J47-K47) -> 0
A48: 5 | B48: 2 | C48: 146 | D48: =SUM(K186) -> 0.45 | E48: =SUM(I261) -> 24215.85 | F48: =ROUND(E48,0) -> 24216 | G48: 24216 | H48: =(F48-G48) -> 0 | I48: =SUM(J261) -> 155.25 | J48: =ROUND(I48,1) -> 155.3 | K48: 155.3 | L48: =(J48-K48) -> 0
A49: 6 | B49: 3 | C49: 152 | D49: =SUM(K187,K188) -> 0.905 | E49: =SUM(I262,I263) -> 51628.885 | F49: =ROUND(E49,0) -> 51629 | G49: 51629 | H49: =(F49-G49) -> 0 | I49: =SUM(J262,J263) -> 433.7705 | J49: =ROUND(I49,1) -> 433.8 | K49: 433.8 | L49: =(J49-K49) -> 0
A50: 6 | B50: 3 | C50: 153 | D50: =SUM(K189) -> 1.3 | E50: =SUM(I264) -> 145626 | F50: =ROUND(E50,0) -> 145626 | G50: 145626 | H50: =(F50-G50) -> 0 | I50: =SUM(J264) -> 1834.95 | J50: =ROUND(I50,1) -> 1835 | K50: 1835 | L50: =(J50-K50) -> 0
A51: 6 | B51: 3 | C51: 154 | D51: =SUM(K190,K191) -> 1.3 | E51: =SUM(I265,I266) -> 155633.7 | F51: =ROUND(E51,0) -> 155634 | G51: 155634 | H51: =(F51-G51) -> 0 | I51: =SUM(J265,J266) -> 1794.36 | J51: =ROUND(I51,1) -> 1794.4 | K51: 1794.4 | L51: =(J51-K51) -> 0
A52: 6 | B52: 3 | C52: 155 | D52: =SUM(K192,K193) -> 1.3 | E52: =SUM(I267,I268) -> 223256.75 | F52: =ROUND(E52,0) -> 223257 | G52: 223257 | H52: =(F52-G52) -> 0 | I52: =SUM(J267,J268) -> 2313.025 | J52: =ROUND(I52,1) -> 2313 | K52: 2313 | L52: =(J52-K52) -> 0
A53: 6 | B53: 3 | C53: 156 | D53: =SUM(K194) -> 1.3 | E53: =SUM(I269) -> 218437.7 | F53: =ROUND(E53,0) -> 218438 | G53: 218438 | H53: =(F53-G53) -> 0 | I53: =SUM(J269) -> 2752.36 | J53: =ROUND(I53,1) -> 2752.4 | K53: 2752.4 | L53: =(J53-K53) -> 0
A54: 6 | B54: 3 | C54: 157 | D54: =SUM(K195) -> 1.3 | E54: =SUM(I270) -> 218437.7 | F54: =ROUND(E54,0) -> 218438 | G54: 218438 | H54: =(F54-G54) -> 0 | I54: =SUM(J270) -> 2752.36 | J54: =ROUND(I54,1) -> 2752.4 | K54: 2752.4 | L54: =(J54-K54) -> 0
A55: 6 | B55: 3 | C55: 158 | D55: =SUM(K196) -> 1.3 | E55: =SUM(I271) -> 218437.7 | F55: =ROUND(E55,0) -> 218438 | G55: 218438 | H55: =(F55-G55) -> 0 | I55: =SUM(J271) -> 2752.36 | J55: =ROUND(I55,1) -> 2752.4 | K55: 2752.4 | L55: =(J55-K55) -> 0
A56: 6 | B56: 3 | C56: 159 | D56: =SUM(K197) -> 1.3 | E56: =SUM(I272) -> 218437.7 | F56: =ROUND(E56,0) -> 218438 | G56: 218438 | H56: =(F56-G56) -> 0 | I56: =SUM(J272) -> 2752.36 | J56: =ROUND(I56,1) -> 2752.4 | K56: 2752.4 | L56: =(J56-K56) -> 0
A57: 6 | B57: 3 | C57: 160 | D57: =SUM(K198) -> 1.3 | E57: =SUM(I273) -> 218437.7 | F57: =ROUND(E57,0) -> 218438 | G57: 218438 | H57: =(F57-G57) -> 0 | I57: =SUM(J273) -> 2752.36 | J57: =ROUND(I57,1) -> 2752.4 | K57: 2752.4 | L57: =(J57-K57) -> 0
A58: 6 | B58: 3 | C58: 161 | D58: =SUM(K199) -> 1.3 | E58: =SUM(I274) -> 218437.7 | F58: =ROUND(E58,0) -> 218438 | G58: 218438 | H58: =(F58-G58) -> 0 | I58: =SUM(J274) -> 2752.36 | J58: =ROUND(I58,1) -> 2752.4 | K58: 2752.4 | L58: =(J58-K58) -> 0
A59: 6 | B59: 3 | C59: 162 | D59: =SUM(K200,K201) -> 1.3 | E59: =SUM(I275,I276) -> 179148.65 | F59: =ROUND(E59,0) -> 179149 | G59: 179149 | H59: =(F59-G59) -> 0 | I59: =SUM(J275,J276) -> 2032.495 | J59: =ROUND(I59,1) -> 2032.5 | K59: 2032.5 | L59: =(J59-K59) -> 0
A60: 6 | B60: 3 | C60: 163 | D60: =SUM(K202) -> 1.3 | E60: =SUM(I277) -> 104936 | F60: =ROUND(E60,0) -> 104936 | G60: 104936 | H60: =(F60-G60) -> 0 | I60: =SUM(J277) -> 672.75 | J60: =ROUND(I60,1) -> 672.8 | K60: 672.8 | L60: =(J60-K60) -> 0
A61: 6 | B61: 3 | C61: 164 | D61: =SUM(K203) -> 1.3 | E61: =SUM(I278) -> 104936 | F61: =ROUND(E61,0) -> 104936 | G61: 104936 | H61: =(F61-G61) -> 0 | I61: =SUM(J278) -> 672.75 | J61: =ROUND(I61,1) -> 672.8 | K61: 672.8 | L61: =(J61-K61) -> 0
A62: 6 | B62: 3 | C62: 165 | D62: =SUM(K204) -> 1.3 | E62: =SUM(I279) -> 104936 | F62: =ROUND(E62,0) -> 104936 | G62: 104936 | H62: =(F62-G62) -> 0 | I62: =SUM(J279) -> 672.75 | J62: =ROUND(I62,1) -> 672.8 | K62: 672.8 | L62: =(J62-K62) -> 0
A63: 6 | B63: 3 | C63: 166 | D63: =SUM(K205) -> 1.3 | E63: =SUM(I280) -> 104936 | F63: =ROUND(E63,0) -> 104936 | G63: 104936 | H63: =(F63-G63) -> 0 | I63: =SUM(J280) -> 672.75 | J63: =ROUND(I63,1) -> 672.8 | K63: 672.8 | L63: =(J63-K63) -> 0
A64: 6 | B64: 3 | C64: 167 | D64: =SUM(K206) -> 1.3 | E64: =SUM(I281) -> 104936 | F64: =ROUND(E64,0) -> 104936 | G64: 104936 | H64: =(F64-G64) -> 0 | I64: =SUM(J281) -> 672.75 | J64: =ROUND(I64,1) -> 672.8 | K64: 672.8 | L64: =(J64-K64) -> 0
A65: 6 | B65: 3 | C65: 168 | D65: =SUM(K207) -> 1.3 | E65: =SUM(I282) -> 104936 | F65: =ROUND(E65,0) -> 104936 | G65: 104936 | H65: =(F65-G65) -> 0 | I65: =SUM(J282) -> 672.75 | J65: =ROUND(I65,1) -> 672.8 | K65: 672.8 | L65: =(J65-K65) -> 0
A66: 6 | B66: 3 | C66: 169 | D66: =SUM(K208) -> 1.3 | E66: =SUM(I283) -> 104936 | F66: =ROUND(E66,0) -> 104936 | G66: 104936 | H66: =(F66-G66) -> 0 | I66: =SUM(J283) -> 672.75 | J66: =ROUND(I66,1) -> 672.8 | K66: 672.8 | L66: =(J66-K66) -> 0
A67: 6 | B67: 3 | C67: 170 | D67: =SUM(K209) -> 1.3 | E67: =SUM(I284) -> 104936 | F67: =ROUND(E67,0) -> 104936 | G67: 104936 | H67: =(F67-G67) -> 0 | I67: =SUM(J284) -> 672.75 | J67: =ROUND(I67,1) -> 672.8 | K67: 672.8 | L67: =(J67-K67) -> 0
A68: 6 | B68: 3 | C68: 171 | D68: =SUM(K210) -> 0.45 | E68: =SUM(I285) -> 36324 | F68: =ROUND(E68,0) -> 36324 | G68: 36324 | H68: =(F68-G68) -> 0 | I68: =SUM(J285) -> 232.875 | J68: =ROUND(I68,1) -> 232.9 | K68: 232.9 | L68: =(J68-K68) -> 0
A70: 抵抗を考慮する範囲
A71: 杭長 (m) | B71: 1/β (m) | C71: 根入れ (m) | D71: 有効下端 (m)
A72: 31 | B72: 4.945 | C72: 1.3 | D72: =ROUND((A72-C72),4) -> 29.7
A74: 節点の負担区間（隣接座標の中点）
A75: KG | B75: 列 | C75: 節点 | D75: 前節点 | E75: 次節点 | F75: 前深さ (m) | G75: 節点深さ (m) | H75: 次深さ (m) | I75: 負担上端 (m) | J75: 負担下端 (m) | K75: 負担長 (m) | L75: 除外長 (m)
A76: 4 | B76: 1 | C76: 102 | D76: 101 | E76: 103 | F76: 3.9 | G76: 5.2 | H76: 6.5 | I76: =ROUND(((F76+G76)/2),4) -> 4.55 | J76: =ROUND(((G76+H76)/2),4) -> 5.85 | K76: =ROUND((J76-I76),4) -> 1.3 | L76: =ROUND((K76-D9),4) -> 0.395
A77: 4 | B77: 1 | C77: 103 | D77: 102 | E77: 104 | F77: 5.2 | G77: 6.5 | H77: 7.8 | I77: =ROUND(((F77+G77)/2),4) -> 5.85 | J77: =ROUND(((G77+H77)/2),4) -> 7.15 | K77: =ROUND((J77-I77),4) -> 1.3 | L77: =ROUND((K77-D10),4) -> 0
A78: 4 | B78: 1 | C78: 104 | D78: 103 | E78: 105 | F78: 6.5 | G78: 7.8 | H78: 9.1 | I78: =ROUND(((F78+G78)/2),4) -> 7.15 | J78: =ROUND(((G78+H78)/2),4) -> 8.45 | K78: =ROUND((J78-I78),4) -> 1.3 | L78: =ROUND((K78-D11),4) -> 0
A79: 4 | B79: 1 | C79: 105 | D79: 104 | E79: 106 | F79: 7.8 | G79: 9.1 | H79: 10.4 | I79: =ROUND(((F79+G79)/2),4) -> 8.45 | J79: =ROUND(((G79+H79)/2),4) -> 9.75 | K79: =ROUND((J79-I79),4) -> 1.3 | L79: =ROUND((K79-D12),4) -> 0
A80: 4 | B80: 1 | C80: 106 | D80: 105 | E80: 107 | F80: 9.1 | G80: 10.4 | H80: 11.7 | I80: =ROUND(((F80+G80)/2),4) -> 9.75 | J80: =ROUND(((G80+H80)/2),4) -> 11.05 | K80: =ROUND((J80-I80),4) -> 1.3 | L80: =ROUND((K80-D13),4) -> 0
A81: 4 | B81: 1 | C81: 107 | D81: 106 | E81: 108 | F81: 10.4 | G81: 11.7 | H81: 13 | I81: =ROUND(((F81+G81)/2),4) -> 11.05 | J81: =ROUND(((G81+H81)/2),4) -> 12.35 | K81: =ROUND((J81-I81),4) -> 1.3 | L81: =ROUND((K81-D14),4) -> 0
A82: 4 | B82: 1 | C82: 108 | D82: 107 | E82: 109 | F82: 11.7 | G82: 13 | H82: 14.3 | I82: =ROUND(((F82+G82)/2),4) -> 12.35 | J82: =ROUND(((G82+H82)/2),4) -> 13.65 | K82: =ROUND((J82-I82),4) -> 1.3 | L82: =ROUND((K82-D15),4) -> 0
A83: 4 | B83: 1 | C83: 109 | D83: 108 | E83: 110 | F83: 13 | G83: 14.3 | H83: 15.6 | I83: =ROUND(((F83+G83)/2),4) -> 13.65 | J83: =ROUND(((G83+H83)/2),4) -> 14.95 | K83: =ROUND((J83-I83),4) -> 1.3 | L83: =ROUND((K83-D16),4) -> 0
A84: 4 | B84: 1 | C84: 110 | D84: 109 | E84: 111 | F84: 14.3 | G84: 15.6 | H84: 16.9 | I84: =ROUND(((F84+G84)/2),4) -> 14.95 | J84: =ROUND(((G84+H84)/2),4) -> 16.25 | K84: =ROUND((J84-I84),4) -> 1.3 | L84: =ROUND((K84-D17),4) -> 0
A85: 4 | B85: 1 | C85: 111 | D85: 110 | E85: 112 | F85: 15.6 | G85: 16.9 | H85: 18.2 | I85: =ROUND(((F85+G85)/2),4) -> 16.25 | J85: =ROUND(((G85+H85)/2),4) -> 17.55 | K85: =ROUND((J85-I85),4) -> 1.3 | L85: =ROUND((K85-D18),4) -> 0
A86: 4 | B86: 1 | C86: 112 | D86: 111 | E86: 113 | F86: 16.9 | G86: 18.2 | H86: 19.5 | I86: =ROUND(((F86+G86)/2),4) -> 17.55 | J86: =ROUND(((G86+H86)/2),4) -> 18.85 | K86: =ROUND((J86-I86),4) -> 1.3 | L86: =ROUND((K86-D19),4) -> 0
A87: 4 | B87: 1 | C87: 113 | D87: 112 | E87: 114 | F87: 18.2 | G87: 19.5 | H87: 20.8 | I87: =ROUND(((F87+G87)/2),4) -> 18.85 | J87: =ROUND(((G87+H87)/2),4) -> 20.15 | K87: =ROUND((J87-I87),4) -> 1.3 | L87: =ROUND((K87-D20),4) -> 0
... A135: 6 | B135: 3 | C135: 171 | D135: 170 | E135: 172 | F135: 28.6 | G135: 29.9 | H135: 31 | I135: =ROUND(((F135+G135)/2),4) -> 29.25 | J135: =ROUND(((G135+H135)/2),4) -> 30.45 | K135: =ROUND((J135-I135),4) -> 1.2 | L135: =ROUND((K135-D68),4) -> 0.75
A137: 地層と有効な重なり
A138: KG | B138: 節点 | C138: 層 | D138: 層上端 (m) | E138: 層下端 (m) | F138: 全層厚 (m) | G138: 有効上端 (m) | H138: 有効下端 (m) | I138: 重なり上端 (m) | J138: 重なり下端 (m) | K138: 有効長 (m)
A139: 4 | B139: 102 | C139: 3 | D139: 2.8 | E139: 5.7 | F139: =ROUND((E139-D139),4) -> 2.9 | G139: =MAX(D139,B72) -> 4.945 | H139: =MIN(E139,D72) -> 5.7 | I139: =MAX(I76,G139) -> 4.945 | J139: =MIN(J76,H139) -> 5.7 | K139: =MAX(0,ROUND((J139-I139),4)) -> 0.755
A140: 4 | B140: 102 | C140: 4 | D140: 5.7 | E140: 8.3 | F140: =ROUND((E140-D140),4) -> 2.6 | G140: =MAX(D140,B72) -> 5.7 | H140: =MIN(E140,D72) -> 8.3 | I140: =MAX(I76,G140) -> 5.7 | J140: =MIN(J76,H140) -> 5.85 | K140: =MAX(0,ROUND((J140-I140),4)) -> 0.15
A141: 4 | B141: 103 | C141: 4 | D141: 5.7 | E141: 8.3 | F141: =ROUND((E141-D141),4) -> 2.6 | G141: =MAX(D141,B72) -> 5.7 | H141: =MIN(E141,D72) -> 8.3 | I141: =MAX(I77,G141) -> 5.85 | J141: =MIN(J77,H141) -> 7.15 | K141: =MAX(0,ROUND((J141-I141),4)) -> 1.3
A142: 4 | B142: 104 | C142: 4 | D142: 5.7 | E142: 8.3 | F142: =ROUND((E142-D142),4) -> 2.6 | G142: =MAX(D142,B72) -> 5.7 | H142: =MIN(E142,D72) -> 8.3 | I142: =MAX(I78,G142) -> 7.15 | J142: =MIN(J78,H142) -> 8.3 | K142: =MAX(0,ROUND((J142-I142),4)) -> 1.15
A143: 4 | B143: 104 | C143: 5 | D143: 8.3 | E143: 8.9 | F143: =ROUND((E143-D143),4) -> 0.6 | G143: =MAX(D143,B72) -> 8.3 | H143: =MIN(E143,D72) -> 8.9 | I143: =MAX(I78,G143) -> 8.3 | J143: =MIN(J78,H143) -> 8.45 | K143: =MAX(0,ROUND((J143-I143),4)) -> 0.15
A144: 4 | B144: 105 | C144: 5 | D144: 8.3 | E144: 8.9 | F144: =ROUND((E144-D144),4) -> 0.6 | G144: =MAX(D144,B72) -> 8.3 | H144: =MIN(E144,D72) -> 8.9 | I144: =MAX(I79,G144) -> 8.45 | J144: =MIN(J79,H144) -> 8.9 | K144: =MAX(0,ROUND((J144-I144),4)) -> 0.45
A145: 4 | B145: 105 | C145: 6 | D145: 8.9 | E145: 18.4 | F145: =ROUND((E145-D145),4) -> 9.5 | G145: =MAX(D145,B72) -> 8.9 | H145: =MIN(E145,D72) -> 18.4 | I145: =MAX(I79,G145) -> 8.9 | J145: =MIN(J79,H145) -> 9.75 | K145: =MAX(0,ROUND((J145-I145),4)) -> 0.85
A146: 4 | B146: 106 | C146: 6 | D146: 8.9 | E146: 18.4 | F146: =ROUND((E146-D146),4) -> 9.5 | G146: =MAX(D146,B72) -> 8.9 | H146: =MIN(E146,D72) -> 18.4 | I146: =MAX(I80,G146) -> 9.75 | J146: =MIN(J80,H146) -> 11.05 | K146: =MAX(0,ROUND((J146-I146),4)) -> 1.3
A147: 4 | B147: 107 | C147: 6 | D147: 8.9 | E147: 18.4 | F147: =ROUND((E147-D147),4) -> 9.5 | G147: =MAX(D147,B72) -> 8.9 | H147: =MIN(E147,D72) -> 18.4 | I147: =MAX(I81,G147) -> 11.05 | J147: =MIN(J81,H147) -> 12.35 | K147: =MAX(0,ROUND((J147-I147),4)) -> 1.3
A148: 4 | B148: 108 | C148: 6 | D148: 8.9 | E148: 18.4 | F148: =ROUND((E148-D148),4) -> 9.5 | G148: =MAX(D148,B72) -> 8.9 | H148: =MIN(E148,D72) -> 18.4 | I148: =MAX(I82,G148) -> 12.35 | J148: =MIN(J82,H148) -> 13.65 | K148: =MAX(0,ROUND((J148-I148),4)) -> 1.3
A149: 4 | B149: 109 | C149: 6 | D149: 8.9 | E149: 18.4 | F149: =ROUND((E149-D149),4) -> 9.5 | G149: =MAX(D149,B72) -> 8.9 | H149: =MIN(E149,D72) -> 18.4 | I149: =MAX(I83,G149) -> 13.65 | J149: =MIN(J83,H149) -> 14.95 | K149: =MAX(0,ROUND((J149-I149),4)) -> 1.3
A150: 4 | B150: 110 | C150: 6 | D150: 8.9 | E150: 18.4 | F150: =ROUND((E150-D150),4) -> 9.5 | G150: =MAX(D150,B72) -> 8.9 | H150: =MIN(E150,D72) -> 18.4 | I150: =MAX(I84,G150) -> 14.95 | J150: =MIN(J84,H150) -> 16.25 | K150: =MAX(0,ROUND((J150-I150),4)) -> 1.3
A151: 4 | B151: 111 | C151: 6 | D151: 8.9 | E151: 18.4 | F151: =ROUND((E151-D151),4) -> 9.5 | G151: =MAX(D151,B72) -> 8.9 | H151: =MIN(E151,D72) -> 18.4 | I151: =MAX(I85,G151) -> 16.25 | J151: =MIN(J85,H151) -> 17.55 | K151: =MAX(0,ROUND((J151-I151),4)) -> 1.3
A152: 4 | B152: 112 | C152: 6 | D152: 8.9 | E152: 18.4 | F152: =ROUND((E152-D152),4) -> 9.5 | G152: =MAX(D152,B72) -> 8.9 | H152: =MIN(E152,D72) -> 18.4 | I152: =MAX(I86,G152) -> 17.55 | J152: =MIN(J86,H152) -> 18.4 | K152: =MAX(0,ROUND((J152-I152),4)) -> 0.85
...

Sheet 杭先端ばね
A1: 杭先端ばね
A2: モデル保存と同一実行 2026-09-17T15:06:36.332488+09:00
A3: 青文字：原値 黄色：変換時の実入力（固定） 数式：再計算値。条件変更時はアプリから再実行してください。
A5: SDCの短期K1/K2・押込みFy/Fuを転記。負側制限値F1−/F2−は空欄のまま転記します。
A7: 杭先端の結果
A8: KG | B8: 列 | C8: 先端節点 | D8: K1再計算 (kN/m) | E8: K1実入力 (kN/m) | F8: K2再計算 (kN/m) | G8: K2実入力 (kN/m) | H8: Fy再計算 (kN) | I8: Fy実入力 (kN) | J8: Fu再計算 (kN) | K8: Fu実入力 (kN)
A9: 4 | B9: 1 | C9: 122 | D9: ='入力根拠'!F127 -> 327072 | E9: 327072 | F9: ='入力根拠'!F128 -> 88418 | G9: 88418 | H9: ='入力根拠'!F129 -> 7167.5 | I9: 7167.5 | J9: ='入力根拠'!F130 -> 16724.3 | K9: 16724.3
A10: 5 | B10: 2 | C10: 147 | D10: ='入力根拠'!F131 -> 218048 | E10: 218048 | F10: ='入力根拠'!F132 -> 58945 | G10: 58945 | H10: ='入力根拠'!F133 -> 4778.4 | I10: 4778.4 | J10: ='入力根拠'!F134 -> 11149.5 | K10: 11149.5
A11: 6 | B11: 3 | C11: 172 | D11: ='入力根拠'!F135 -> 327072 | E11: 327072 | F11: ='入力根拠'!F136 -> 88418 | G11: 88418 | H11: ='入力根拠'!F137 -> 7167.5 | I11: 7167.5 | J11: ='入力根拠'!F138 -> 16724.3 | K11: 16724.3
A13: 杭頭・最深節点と杭長
A14: KG | B14: 列 | C14: 杭頭節点 | D14: 先端節点 | E14: x座標 (m) | F14: 杭頭y (m) | G14: 先端y (m) | H14: 座標差 (m) | I14: SDC杭長 (m)
A15: 4 | B15: 1 | C15: 98 | D15: 122 | E15: 29.8 | F15: 13.041 | G15: 44.041 | H15: =ROUND((G15-F15),4) -> 31 | I15: 31
A16: 5 | B16: 2 | C16: 123 | D16: 147 | E16: 33.5 | F16: 13.041 | G16: 44.041 | H16: =ROUND((G16-F16),4) -> 31 | I16: 31
A17: 6 | B17: 3 | C17: 148 | D17: 172 | E17: 37.2 | F17: 13.041 | G17: 44.041 | H17: =ROUND((G17-F17),4) -> 31 | I17: 31
A19: 正負・勾配別の実入力（固定）
A20: KG | B20: 列 | C20: 節点 | D20: 支点項目 | E20: 欄番号 | F20: 入力欄 | G20: 実入力 | H20: 単位
A21: 4 | B21: 1 | C21: 122 | D21: 124 | E21: 4 | F21: K1+ | G21: 327072 | H21: kN/m
A22: 4 | B22: 1 | C22: 122 | D22: 124 | E22: 5 | F22: F1+ | G22: 7167.5 | H22: kN
A23: 4 | B23: 1 | C23: 122 | D23: 124 | E23: 6 | F23: F1- | H23: kN
A24: 4 | B24: 1 | C24: 122 | D24: 124 | E24: 7 | F24: K2+ | G24: 88418 | H24: kN/m
A25: 4 | B25: 1 | C25: 122 | D25: 124 | E25: 8 | F25: F2+ | G25: 16724.3 | H25: kN
A26: 4 | B26: 1 | C26: 122 | D26: 124 | E26: 9 | F26: F2- | H26: kN
A27: 4 | B27: 1 | C27: 122 | D27: 124 | E27: 10 | F27: K3+ | G27: 88418 | H27: kN/m
A28: 4 | B28: 1 | C28: 122 | D28: 124 | E28: 11 | F28: K1- | G28: 327072 | H28: kN/m
A29: 4 | B29: 1 | C29: 122 | D29: 124 | E29: 12 | F29: K2- | G29: 88418 | H29: kN/m
A30: 4 | B30: 1 | C30: 122 | D30: 124 | E30: 13 | F30: K3- | G30: 88418 | H30: kN/m
A31: 5 | B31: 2 | C31: 147 | D31: 125 | E31: 4 | F31: K1+ | G31: 218048 | H31: kN/m
A32: 5 | B32: 2 | C32: 147 | D32: 125 | E32: 5 | F32: F1+ | G32: 4778.4 | H32: kN
A33: 5 | B33: 2 | C33: 147 | D33: 125 | E33: 6 | F33: F1- | H33: kN
A34: 5 | B34: 2 | C34: 147 | D34: 125 | E34: 7 | F34: K2+ | G34: 58945 | H34: kN/m
A35: 5 | B35: 2 | C35: 147 | D35: 125 | E35: 8 | F35: F2+ | G35: 11149.5 | H35: kN
A36: 5 | B36: 2 | C36: 147 | D36: 125 | E36: 9 | F36: F2- | H36: kN
A37: 5 | B37: 2 | C37: 147 | D37: 125 | E37: 10 | F37: K3+ | G37: 58945 | H37: kN/m
A38: 5 | B38: 2 | C38: 147 | D38: 125 | E38: 11 | F38: K1- | G38: 218048 | H38: kN/m
A39: 5 | B39: 2 | C39: 147 | D39: 125 | E39: 12 | F39: K2- | G39: 58945 | H39: kN/m
A40: 5 | B40: 2 | C40: 147 | D40: 125 | E40: 13 | F40: K3- | G40: 58945 | H40: kN/m
A41: 6 | B41: 3 | C41: 172 | D41: 126 | E41: 4 | F41: K1+ | G41: 327072 | H41: kN/m
A42: 6 | B42: 3 | C42: 172 | D42: 126 | E42: 5 | F42: F1+ | G42: 7167.5 | H42: kN
A43: 6 | B43: 3 | C43: 172 | D43: 126 | E43: 6 | F43: F1- | H43: kN
A44: 6 | B44: 3 | C44: 172 | D44: 126 | E44: 7 | F44: K2+ | G44: 88418 | H44: kN/m
A45: 6 | B45: 3 | C45: 172 | D45: 126 | E45: 8 | F45: F2+ | G45: 16724.3 | H45: kN
A46: 6 | B46: 3 | C46: 172 | D46: 126 | E46: 9 | F46: F2- | H46: kN
A47: 6 | B47: 3 | C47: 172 | D47: 126 | E47: 10 | F47: K3+ | G47: 88418 | H47: kN/m
A48: 6 | B48: 3 | C48: 172 | D48: 126 | E48: 11 | F48: K1- | G48: 327072 | H48: kN/m
A49: 6 | B49: 3 | C49: 172 | D49: 126 | E49: 12 | F49: K2- | G49: 88418 | H49: kN/m
A50: 6 | B50: 3 | C50: 172 | D50: 126 | E50: 13 | F50: K3- | G50: 88418 | H50: kN/m
A52: Python Decimalの丸め前文字列
A53: KG | B53: 対象 | C53: 項目 | D53: 正確な計算記録
A54: KG4 122 k1_kN_per_m: 327072
A55: KG4 122 k2_kN_per_m: 88418
A56: KG4 122 fy_kN: 7167.5
A57: KG4 122 fu_kN: 16724.3
A58: KG5 147 k1_kN_per_m: 218048
A59: KG5 147 k2_kN_per_m: 58945
A60: KG5 147 fy_kN: 4778.4
A61: KG5 147 fu_kN: 11149.5
A62: KG6 172 k1_kN_per_m: 327072
A63: KG6 172 k2_kN_per_m: 88418
A64: KG6 172 fy_kN: 7167.5
A65: KG6 172 fu_kN: 16724.3

Sheet 入力根拠
A1: 入力根拠
A2: モデル保存と同一実行 2026-09-17T15:06:36.332488+09:00
A3: 青文字：原値 黄色：変換時の実入力（固定） 数式：再計算値。条件変更時はアプリから再実行してください。
A6: 実行・ファイル情報
A7: 項目 | B7: 値
A8: 実行ID: 20260917-150636-518155-23f5184f
A9: アプリ: SDCConverter 1.1.0
A10: 帳票スキーマ: 1
A11: 対象モデル: C:\Users\sasai\Documents\structural-design\snap\今町橋りょう4P(C方向･右押し→).ndu
A12: 状態: モデル保存と同一実行
A13: モデル出力: C:\Users\sasai\Documents\structural-design\snap\今町橋りょう4P(C方向･右押し→)_変換済み.ndu
A14: 出力予定SHA-256: 09d7ed88c1067d4333f6210d06dccb3b6fbf6e8d9fd2b2d4f6f90c7ba2e17ec0
A15: JSON: C:\Users\sasai\Documents\structural-design\snap\今町橋りょう4P(C方向･右押し→)_変換済み.ndu.20260917-150636-518155-23f5184f.report.json
A16: Excel: C:\Users\sasai\Documents\structural-design\snap\今町橋りょう4P(C方向･右押し→)_変換済み.ndu.20260917-150636-518155-23f5184f.計算過程.xlsx
A17: バックアップ: なし
A18: 杭対応: 4:1 5:2 6:3
A19: 土圧方向: right
... A32: 採用したSDC原値
A33: 処理 | B33: SDC行 | C33: CSV欄 | D33: 項目 | E33: 単位 | F33: 原値 | G33: 正確な十進文字列
A34: 水平地盤ばね | B34: 174 | C34: 9 | D34: 1列目 短期(非線形) | E34: kN/m² | F34: 58812 | G34: 58812
A35: 水平地盤ばね | B35: 175 | C35: 9 | D35: 1列目 短期(非線形) | E35: kN/m² | F35: 310863 | G35: 310863
A36: 水平地盤ばね | B36: 176 | C36: 9 | D36: 1列目 短期(非線形) | E36: kN/m² | F36: 110708 | G36: 110708
A37: 水平地盤ばね | B37: 177 | C37: 9 | D37: 1列目 短期(非線形) | E37: kN/m² | F37: 268854 | G37: 268854
A38: 水平地盤ばね | B38: 178 | C38: 9 | D38: 1列目 短期(非線形) | E38: kN/m² | F38: 428981 | G38: 428981
A39: 水平地盤ばね | B39: 179 | C39: 9 | D39: 1列目 短期(非線形) | E39: kN/m² | F39: 403280 | G39: 403280
A40: 水平地盤ばね | B40: 180 | C40: 9 | D40: 1列目 短期(非線形) | E40: kN/m² | F40: 193733 | G40: 193733
A41: 水平地盤ばね | B41: 174 | C41: 10 | D41: 2列目 短期(非線形) | E41: kN/m² | F41: 39208 | G41: 39208
A42: 水平地盤ばね | B42: 175 | C42: 10 | D42: 2列目 短期(非線形) | E42: kN/m² | F42: 207242 | G42: 207242
A43: 水平地盤ばね | B43: 176 | C43: 10 | D43: 2列目 短期(非線形) | E43: kN/m² | F43: 73805 | G43: 73805
A44: 水平地盤ばね | B44: 177 | C44: 10 | D44: 2列目 短期(非線形) | E44: kN/m² | F44: 179236 | G44: 179236
A45: 水平地盤ばね | B45: 178 | C45: 10 | D45: 2列目 短期(非線形) | E45: kN/m² | F45: 285987 | G45: 285987
... A138: 杭先端ばね | B138: 293 | C138: 6 | D138: 押込みFu | E138: kN | F138: 16724.3 | G138: 16724.3
A139: 座標演算の保持小数桁: 4（入力座標の最大精度＋中点の1桁）。積分・補間の結果は途中で丸めません。
A141: SDC見出しと原行（文字列保存）
A142: 原行
A143: SDC 18行: 杭長,突出長,根入れ深さ,平水位,弾性係数Es,弾性係数Ec,D1,D2,t1,t2,腐食代,A,I
A144: SDC 19行: 31, 0, 1.3, 4.86, , 22.4, 1.3, , , , , 1.327323, 0.140198
A145: SDC 162行: 杭列数,奥行き本数,,1/β(m)
A146: SDC 163行: ,奇数列,偶数列
A147: SDC 164行: 3, 3, 2, 4.945
A148: SDC 171行: b）水平地盤ばね値
A149: SDC 172行: 層番,層厚(m),水平方向ばね値(kN/m2)
A150: SDC 173行: ,,長期-1列目,長期-2列目,長期-3列目,短期(線形)-1列目,短期(線形)-2列目,短期(線形)-3列目,短期(非線形)-1列目,短期(非線形)-2列目,短期(非線形)-3列目
A151: SDC 174行: 1, 1.500, 14703, 9802, 14703, 29406, 19604, 29406, 58812, 39208, 58812
... A356: 構造変更なし
